-- --------------------------------------------------------
-- Host:                         127.0.0.1
-- Server version:               10.1.36-MariaDB - mariadb.org binary distribution
-- Server OS:                    Win32
-- HeidiSQL Version:             9.5.0.5196
-- --------------------------------------------------------

/*!40101 SET @OLD_CHARACTER_SET_CLIENT=@@CHARACTER_SET_CLIENT */;
/*!40101 SET NAMES utf8 */;
/*!50503 SET NAMES utf8mb4 */;
/*!40014 SET @OLD_FOREIGN_KEY_CHECKS=@@FOREIGN_KEY_CHECKS, FOREIGN_KEY_CHECKS=0 */;
/*!40101 SET @OLD_SQL_MODE=@@SQL_MODE, SQL_MODE='NO_AUTO_VALUE_ON_ZERO' */;

-- Dumping structure for table pccdev.pms_adjustments
DROP TABLE IF EXISTS `pms_adjustments`;
CREATE TABLE IF NOT EXISTS `pms_adjustments` (
  `id` int(11) NOT NULL AUTO_INCREMENT,
  `code` varchar(225) DEFAULT NULL,
  `name` varchar(225) DEFAULT NULL,
  `payroll_group` varchar(225) DEFAULT NULL,
  `tax_type` varchar(225) DEFAULT NULL,
  `itr_classification` varchar(225) DEFAULT NULL,
  `alphalist_classification` varchar(225) DEFAULT NULL,
  `amount` decimal(9,2) DEFAULT NULL,
  `remarks` varchar(225) DEFAULT NULL,
  `created_at` timestamp NULL DEFAULT NULL,
  `updated_at` timestamp NULL DEFAULT NULL,
  `updated_by` int(11) DEFAULT NULL,
  PRIMARY KEY (`id`)
) ENGINE=InnoDB DEFAULT CHARSET=latin1;

-- Dumping data for table pccdev.pms_adjustments: ~0 rows (approximately)
/*!40000 ALTER TABLE `pms_adjustments` DISABLE KEYS */;
/*!40000 ALTER TABLE `pms_adjustments` ENABLE KEYS */;

-- Dumping structure for table pccdev.pms_annualtax_policy
DROP TABLE IF EXISTS `pms_annualtax_policy`;
CREATE TABLE IF NOT EXISTS `pms_annualtax_policy` (
  `id` bigint(50) NOT NULL AUTO_INCREMENT,
  `from_year` varchar(225) DEFAULT NULL,
  `to_year` varchar(225) DEFAULT NULL,
  `below_amount` decimal(12,2) DEFAULT NULL,
  `above_amount` decimal(12,2) DEFAULT NULL,
  `rate_percentage` decimal(12,2) DEFAULT NULL,
  `rate_amount` decimal(12,2) DEFAULT NULL,
  `excess_amount` decimal(12,2) DEFAULT NULL,
  `effectivity_date` date DEFAULT NULL,
  `remarks` varchar(300) DEFAULT NULL,
  `created_at` timestamp NULL DEFAULT NULL,
  `updated_at` timestamp NULL DEFAULT NULL,
  `updated_by` int(11) DEFAULT NULL,
  `created_by` int(11) DEFAULT NULL,
  PRIMARY KEY (`id`)
) ENGINE=InnoDB AUTO_INCREMENT=6 DEFAULT CHARSET=latin1;

-- Dumping data for table pccdev.pms_annualtax_policy: ~5 rows (approximately)
/*!40000 ALTER TABLE `pms_annualtax_policy` DISABLE KEYS */;
INSERT INTO `pms_annualtax_policy` (`id`, `from_year`, `to_year`, `below_amount`, `above_amount`, `rate_percentage`, `rate_amount`, `excess_amount`, `effectivity_date`, `remarks`, `created_at`, `updated_at`, `updated_by`, `created_by`) VALUES
	(1, '2018', '2022', 250000.00, 400000.00, 20.00, 0.00, 250000.00, '2018-10-19', NULL, '2018-10-19 12:19:26', '2018-10-19 12:19:26', NULL, 2),
	(2, '2018', '2022', 400000.00, 800000.00, 25.00, 30000.00, 400000.00, '2018-10-19', NULL, '2018-10-19 12:29:02', '2018-10-19 12:29:02', NULL, 2),
	(3, '2018', '2022', 800000.00, 2000000.00, 30.00, 130000.00, 800000.00, '2018-10-19', NULL, '2018-10-19 12:38:17', '2018-10-19 12:38:17', NULL, 2),
	(4, '2018', '2022', 2000000.00, 8000000.00, 32.00, 490000.00, 2000000.00, '2018-10-19', NULL, '2018-10-19 13:02:26', '2018-10-19 13:02:26', NULL, 2),
	(5, '2018', '2022', 8000000.00, 0.00, 35.00, 2041000.00, 8000000.00, '2018-10-19', NULL, '2018-10-19 13:07:05', '2018-10-19 13:07:05', NULL, 2);
/*!40000 ALTER TABLE `pms_annualtax_policy` ENABLE KEYS */;

-- Dumping structure for table pccdev.pms_annual_tax_rates
DROP TABLE IF EXISTS `pms_annual_tax_rates`;
CREATE TABLE IF NOT EXISTS `pms_annual_tax_rates` (
  `id` int(11) NOT NULL AUTO_INCREMENT,
  `employee_number` varchar(225) DEFAULT NULL,
  `employee_id` int(11) DEFAULT NULL,
  `basic_amount` decimal(10,0) DEFAULT NULL,
  `contribution_amount` decimal(10,0) DEFAULT NULL,
  `pera_amount` decimal(10,0) DEFAULT NULL,
  `rata_amount` decimal(10,0) DEFAULT NULL,
  `longevity_amount` decimal(10,0) DEFAULT NULL,
  `hp_amount` decimal(10,0) DEFAULT NULL,
  `tax_amount` decimal(10,0) DEFAULT NULL,
  `for_month` varchar(50) DEFAULT NULL,
  `for_year` varchar(50) DEFAULT NULL,
  `created_at` timestamp NULL DEFAULT NULL,
  `updated_at` timestamp NULL DEFAULT NULL,
  `created_by` int(11) DEFAULT NULL,
  `updated_by` int(11) DEFAULT NULL,
  PRIMARY KEY (`id`)
) ENGINE=InnoDB AUTO_INCREMENT=25 DEFAULT CHARSET=latin1;

-- Dumping data for table pccdev.pms_annual_tax_rates: ~24 rows (approximately)
/*!40000 ALTER TABLE `pms_annual_tax_rates` DISABLE KEYS */;
INSERT INTO `pms_annual_tax_rates` (`id`, `employee_number`, `employee_id`, `basic_amount`, `contribution_amount`, `pera_amount`, `rata_amount`, `longevity_amount`, `hp_amount`, `tax_amount`, `for_month`, `for_year`, `created_at`, `updated_at`, `created_by`, `updated_by`) VALUES
	(1, 'P2017-0092', 92, 27414, 2944, 2000, 0, 0, 0, 1905, '1', '2018', '2018-11-13 12:57:44', '2018-11-13 12:57:44', 2, NULL),
	(2, 'P2017-0092', 92, 27414, 2944, 2000, 0, 0, 0, 1905, '2', '2018', '2018-11-13 12:57:44', '2018-11-13 12:57:44', 2, NULL),
	(3, 'P2017-0092', 92, 27414, 2944, 2000, 0, 0, 0, 1905, '3', '2018', '2018-11-13 12:57:44', '2018-11-13 12:57:44', 2, NULL),
	(4, 'P2017-0092', 92, 27414, 2944, 2000, 0, 0, 0, 1905, '4', '2018', '2018-11-13 12:57:44', '2018-11-13 12:57:44', 2, NULL),
	(5, 'P2017-0092', 92, 27414, 2944, 2000, 0, 0, 0, 1905, '5', '2018', '2018-11-13 12:57:44', '2018-11-13 12:57:44', 2, NULL),
	(6, 'P2017-0092', 92, 27414, 2944, 2000, 0, 0, 0, 1905, '6', '2018', '2018-11-13 12:57:44', '2018-11-13 12:57:44', 2, NULL),
	(7, 'P2017-0092', 92, 27414, 2944, 2000, 0, 0, 0, 1905, '7', '2018', '2018-11-13 12:57:44', '2018-11-13 12:57:44', 2, NULL),
	(8, 'P2017-0092', 92, 27414, 2944, 2000, 0, 0, 0, 1905, '8', '2018', '2018-11-13 12:57:44', '2018-11-13 12:57:44', 2, NULL),
	(9, 'P2017-0092', 92, 27414, 2944, 2000, 0, 0, 0, 1905, '9', '2018', '2018-11-13 12:57:44', '2018-11-13 12:57:44', 2, NULL),
	(10, 'P2017-0092', 92, 27414, 2944, 2000, 0, 0, 0, 1905, '10', '2018', '2018-11-13 12:57:44', '2018-11-13 12:57:44', 2, NULL),
	(11, 'P2017-0092', 92, 27414, 2944, 2000, 0, 0, 0, 1905, '11', '2018', '2018-11-13 12:57:44', '2018-11-13 12:57:44', 2, NULL),
	(12, 'P2017-0092', 92, 27414, 2944, 2000, 0, 0, 0, 1905, '12', '2018', '2018-11-13 12:57:44', '2018-11-13 12:57:44', 2, NULL),
	(13, 'P2017-0118', 87, 55600, 5654, 0, 0, 0, 0, 9480, '1', '2018', '2018-11-15 08:32:18', '2018-11-15 08:32:18', 2, NULL),
	(14, 'P2017-0118', 87, 55600, 5654, 0, 0, 0, 0, 9480, '2', '2018', '2018-11-15 08:32:18', '2018-11-15 08:32:18', 2, NULL),
	(15, 'P2017-0118', 87, 55600, 5654, 0, 0, 0, 0, 9480, '3', '2018', '2018-11-15 08:32:18', '2018-11-15 08:32:18', 2, NULL),
	(16, 'P2017-0118', 87, 55600, 5654, 0, 0, 0, 0, 9480, '4', '2018', '2018-11-15 08:32:18', '2018-11-15 08:32:18', 2, NULL),
	(17, 'P2017-0118', 87, 55600, 5654, 0, 0, 0, 0, 9480, '5', '2018', '2018-11-15 08:32:18', '2018-11-15 08:32:18', 2, NULL),
	(18, 'P2017-0118', 87, 55600, 5654, 0, 0, 0, 0, 9480, '6', '2018', '2018-11-15 08:32:19', '2018-11-15 08:32:19', 2, NULL),
	(19, 'P2017-0118', 87, 55600, 5654, 0, 0, 0, 0, 9480, '7', '2018', '2018-11-15 08:32:19', '2018-11-15 08:32:19', 2, NULL),
	(20, 'P2017-0118', 87, 55600, 5654, 0, 0, 0, 0, 9480, '8', '2018', '2018-11-15 08:32:19', '2018-11-15 08:32:19', 2, NULL),
	(21, 'P2017-0118', 87, 55600, 5654, 0, 0, 0, 0, 9480, '9', '2018', '2018-11-15 08:32:19', '2018-11-15 08:32:19', 2, NULL),
	(22, 'P2017-0118', 87, 55600, 5654, 0, 0, 0, 0, 9480, '10', '2018', '2018-11-15 08:32:19', '2018-11-15 08:32:19', 2, NULL),
	(23, 'P2017-0118', 87, 55600, 5654, 0, 0, 0, 0, 9480, '11', '2018', '2018-11-15 08:32:19', '2018-11-15 08:32:19', 2, NULL),
	(24, 'P2017-0118', 87, 55600, 5654, 0, 0, 0, 0, 9480, '12', '2018', '2018-11-15 08:32:19', '2018-11-15 08:32:19', 2, NULL);
/*!40000 ALTER TABLE `pms_annual_tax_rates` ENABLE KEYS */;

-- Dumping structure for table pccdev.pms_bankbranches
DROP TABLE IF EXISTS `pms_bankbranches`;
CREATE TABLE IF NOT EXISTS `pms_bankbranches` (
  `id` int(11) NOT NULL AUTO_INCREMENT,
  `code` varchar(225) DEFAULT NULL,
  `name` varchar(225) DEFAULT NULL,
  `address` varchar(225) DEFAULT NULL,
  `remarks` varchar(225) DEFAULT NULL,
  `created_at` timestamp NULL DEFAULT NULL,
  `updated_at` timestamp NULL DEFAULT NULL,
  `updated_by` int(11) DEFAULT NULL,
  PRIMARY KEY (`id`)
) ENGINE=InnoDB AUTO_INCREMENT=7 DEFAULT CHARSET=latin1;

-- Dumping data for table pccdev.pms_bankbranches: ~6 rows (approximately)
/*!40000 ALTER TABLE `pms_bankbranches` DISABLE KEYS */;
INSERT INTO `pms_bankbranches` (`id`, `code`, `name`, `address`, `remarks`, `created_at`, `updated_at`, `updated_by`) VALUES
	(1, 'MANILA', 'Manila', NULL, NULL, '2018-06-09 04:45:58', '2018-06-09 04:46:24', NULL),
	(2, 'QC', 'Quezon City', NULL, NULL, '2018-06-09 04:46:14', '2018-06-09 04:46:14', NULL),
	(3, 'CALOOCAN', 'Caloocan', NULL, NULL, '2018-06-09 04:46:48', '2018-06-09 04:46:48', NULL),
	(4, 'PASAY', 'Pasay', NULL, NULL, '2018-06-09 04:47:16', '2018-06-09 04:47:16', NULL),
	(5, 'PC', 'PASIG KAPITOLYO', NULL, NULL, '2018-06-21 04:30:31', '2018-06-21 04:30:31', NULL),
	(6, 'MY', 'Mandaluyong', NULL, NULL, '2018-06-21 07:56:18', '2018-06-21 07:56:18', NULL);
/*!40000 ALTER TABLE `pms_bankbranches` ENABLE KEYS */;

-- Dumping structure for table pccdev.pms_banks
DROP TABLE IF EXISTS `pms_banks`;
CREATE TABLE IF NOT EXISTS `pms_banks` (
  `id` int(11) NOT NULL AUTO_INCREMENT,
  `code` varchar(225) DEFAULT NULL,
  `name` varchar(225) DEFAULT NULL,
  `branch_name` varchar(225) DEFAULT NULL,
  `bank_accountno` varchar(225) DEFAULT NULL,
  `remarks` varchar(225) DEFAULT NULL,
  `created_at` timestamp NULL DEFAULT NULL,
  `updated_at` timestamp NULL DEFAULT NULL,
  `updated_by` int(11) DEFAULT NULL,
  PRIMARY KEY (`id`)
) ENGINE=InnoDB AUTO_INCREMENT=6 DEFAULT CHARSET=latin1;

-- Dumping data for table pccdev.pms_banks: ~5 rows (approximately)
/*!40000 ALTER TABLE `pms_banks` DISABLE KEYS */;
INSERT INTO `pms_banks` (`id`, `code`, `name`, `branch_name`, `bank_accountno`, `remarks`, `created_at`, `updated_at`, `updated_by`) VALUES
	(1, 'BDO', 'Banco De Oro', 'Manila', '234567', NULL, '2018-06-09 04:43:22', '2018-06-22 12:14:56', NULL),
	(2, 'BPI', 'Bank of Philippine Islands', 'Manila', '234567', NULL, '2018-06-09 04:44:42', '2018-06-22 12:14:47', NULL),
	(3, 'MB', 'Metro Bank', 'Manila', '345678', NULL, '2018-06-09 04:45:04', '2018-06-22 12:13:58', NULL),
	(4, 'BSP', 'Bangko Sentral ng Pilipinas', 'Manila', '456756789', NULL, '2018-06-09 04:45:43', '2018-06-22 12:14:35', NULL),
	(5, 'LBP', 'Land Bank of the Philippines', 'Manila', '35645678', NULL, '2018-06-21 04:30:06', '2018-06-22 12:14:19', NULL);
/*!40000 ALTER TABLE `pms_banks` ENABLE KEYS */;

-- Dumping structure for table pccdev.pms_beginning_balances
DROP TABLE IF EXISTS `pms_beginning_balances`;
CREATE TABLE IF NOT EXISTS `pms_beginning_balances` (
  `id` int(11) NOT NULL AUTO_INCREMENT,
  `employee_id` int(11) DEFAULT NULL,
  `premium_amount` decimal(9,2) DEFAULT NULL,
  `tax_witheld` decimal(9,2) DEFAULT NULL,
  `basic_pay` decimal(9,2) DEFAULT NULL,
  `overtime_pay` decimal(9,2) DEFAULT NULL,
  `thirteen_month_pay` decimal(9,2) DEFAULT NULL,
  `deminimis` decimal(9,2) DEFAULT NULL,
  `other_salaries` decimal(9,2) DEFAULT NULL,
  `taxable_basic_pay` decimal(9,2) DEFAULT NULL,
  `taxable_overtime_pay` decimal(9,2) DEFAULT NULL,
  `taxable_thirteen_month_pay` decimal(9,2) DEFAULT NULL,
  `taxable_other_salaries` decimal(9,2) DEFAULT NULL,
  `as_of_date` date DEFAULT NULL,
  `created_at` timestamp NULL DEFAULT NULL,
  `updated_at` timestamp NULL DEFAULT NULL,
  `created_by` int(11) DEFAULT NULL,
  PRIMARY KEY (`id`)
) ENGINE=InnoDB DEFAULT CHARSET=latin1;

-- Dumping data for table pccdev.pms_beginning_balances: ~0 rows (approximately)
/*!40000 ALTER TABLE `pms_beginning_balances` DISABLE KEYS */;
/*!40000 ALTER TABLE `pms_beginning_balances` ENABLE KEYS */;

-- Dumping structure for table pccdev.pms_benefitinfo_transactions
DROP TABLE IF EXISTS `pms_benefitinfo_transactions`;
CREATE TABLE IF NOT EXISTS `pms_benefitinfo_transactions` (
  `id` int(11) NOT NULL AUTO_INCREMENT,
  `employee_id` int(11) DEFAULT NULL,
  `employee_number` varchar(225) DEFAULT NULL,
  `transaction_id` int(11) DEFAULT NULL,
  `benefit_id` int(11) DEFAULT NULL,
  `benefit_info_id` int(11) DEFAULT NULL,
  `amount` decimal(9,2) DEFAULT NULL,
  `status` varchar(50) DEFAULT NULL,
  `year` varchar(50) DEFAULT NULL,
  `month` varchar(50) DEFAULT NULL,
  `created_by` int(11) DEFAULT NULL,
  `updated_by` int(11) DEFAULT NULL,
  `created_at` timestamp NULL DEFAULT NULL,
  `updated_at` timestamp NULL DEFAULT NULL,
  PRIMARY KEY (`id`)
) ENGINE=InnoDB DEFAULT CHARSET=latin1;

-- Dumping data for table pccdev.pms_benefitinfo_transactions: ~0 rows (approximately)
/*!40000 ALTER TABLE `pms_benefitinfo_transactions` DISABLE KEYS */;
/*!40000 ALTER TABLE `pms_benefitinfo_transactions` ENABLE KEYS */;

-- Dumping structure for table pccdev.pms_benefits
DROP TABLE IF EXISTS `pms_benefits`;
CREATE TABLE IF NOT EXISTS `pms_benefits` (
  `id` int(11) NOT NULL AUTO_INCREMENT,
  `code` varchar(225) DEFAULT NULL,
  `name` varchar(225) DEFAULT NULL,
  `amount` decimal(9,2) DEFAULT NULL,
  `de_minimis_type` varchar(225) DEFAULT NULL,
  `computation_type` varchar(225) DEFAULT NULL,
  `payroll_group` varchar(225) DEFAULT NULL,
  `tax_type` varchar(225) DEFAULT NULL,
  `itr_classification` varchar(225) DEFAULT NULL,
  `alphalist_classification` varchar(225) DEFAULT NULL,
  `remarks` varchar(225) DEFAULT NULL,
  `created_at` timestamp NULL DEFAULT NULL,
  `updated_at` timestamp NULL DEFAULT NULL,
  `updated_by` int(11) DEFAULT NULL,
  PRIMARY KEY (`id`)
) ENGINE=InnoDB AUTO_INCREMENT=19 DEFAULT CHARSET=latin1;

-- Dumping data for table pccdev.pms_benefits: ~11 rows (approximately)
/*!40000 ALTER TABLE `pms_benefits` DISABLE KEYS */;
INSERT INTO `pms_benefits` (`id`, `code`, `name`, `amount`, `de_minimis_type`, `computation_type`, `payroll_group`, `tax_type`, `itr_classification`, `alphalist_classification`, `remarks`, `created_at`, `updated_at`, `updated_by`) VALUES
	(4, 'PERA', 'PERA', NULL, NULL, 'Based on Attendance', NULL, 'Taxable in excess of threshold', NULL, NULL, NULL, '2018-06-21 04:00:00', '2018-06-21 04:00:00', NULL),
	(5, 'REP', 'REPRESENTATION ALLOWANCE', NULL, NULL, 'Based on Attendance', NULL, 'Taxable in excess of threshold', NULL, NULL, NULL, '2018-06-21 04:01:53', '2018-06-21 04:01:53', NULL),
	(6, 'TRANSPO', 'TRANSPORTATION ALLOWANCE', NULL, NULL, 'Based on Attendance', NULL, 'Taxable in excess of threshold', NULL, NULL, NULL, '2018-06-21 04:02:43', '2018-06-21 04:02:43', NULL),
	(9, 'PEI', 'PERFORMANCE ENHANCEMENT INCENTIVE', 5000.00, NULL, 'Fixed Monthly', NULL, 'Non Taxable', NULL, NULL, NULL, '2018-07-12 01:38:03', '2018-08-01 06:51:47', NULL),
	(10, 'CEA', 'COMMUNICATIONS EXPENSE ALLOTMENT', NULL, NULL, 'Fixed Monthly', NULL, 'Non Taxable', NULL, NULL, NULL, '2018-07-12 05:08:03', '2018-07-12 05:08:03', NULL),
	(11, 'EE', 'EXTRAORDINARY EXPENSE', NULL, NULL, 'Fixed Monthly', NULL, 'Non Taxable', NULL, NULL, NULL, '2018-07-13 08:20:04', '2018-07-13 08:20:04', NULL),
	(12, 'ME', 'MISCELLANEOUS EXPENSE', NULL, NULL, 'Fixed Monthly', NULL, 'Non Taxable', NULL, NULL, NULL, '2018-07-13 08:20:29', '2018-07-13 08:20:29', NULL),
	(15, 'CG', 'CASH GIFT', 5000.00, NULL, 'Fixed Monthly', NULL, 'Non Taxable', NULL, NULL, NULL, '2018-07-14 12:04:38', '2018-07-24 09:58:04', NULL),
	(16, 'YEB', 'Year End Bonus', 0.00, NULL, 'Based on Attendance', NULL, 'Non Taxable', NULL, NULL, NULL, '2018-08-01 15:12:25', '2018-08-01 15:12:53', NULL),
	(17, 'MYB', 'Mid Year Bonus', NULL, NULL, 'Based on Attendance', NULL, 'Non Taxable', NULL, NULL, NULL, '2018-08-01 15:13:13', '2018-08-01 15:13:13', NULL),
	(18, 'PBB', 'Performance Base Bonus', 5000.00, NULL, 'Based on Attendance', NULL, 'Non Taxable', NULL, NULL, NULL, '2018-08-01 15:14:40', '2018-08-01 15:16:42', NULL);
/*!40000 ALTER TABLE `pms_benefits` ENABLE KEYS */;

-- Dumping structure for table pccdev.pms_benefitsinfo
DROP TABLE IF EXISTS `pms_benefitsinfo`;
CREATE TABLE IF NOT EXISTS `pms_benefitsinfo` (
  `id` int(11) NOT NULL AUTO_INCREMENT,
  `employee_id` int(11) DEFAULT NULL,
  `employee_number` varchar(225) DEFAULT NULL,
  `employeeinfo_id` int(11) DEFAULT NULL,
  `benefit_id` int(11) DEFAULT NULL,
  `benefit_description` varchar(225) DEFAULT NULL,
  `benefit_amount` decimal(9,2) DEFAULT NULL,
  `benefit_pay_period` varchar(225) DEFAULT NULL,
  `benefit_pay_sub` varchar(225) DEFAULT NULL,
  `benefit_effectivity_date` date DEFAULT NULL,
  `date_from` date DEFAULT NULL,
  `date_to` date DEFAULT NULL,
  `created_at` timestamp NULL DEFAULT NULL,
  `updated_at` timestamp NULL DEFAULT NULL,
  `updated_by` int(11) DEFAULT NULL,
  PRIMARY KEY (`id`)
) ENGINE=InnoDB AUTO_INCREMENT=241 DEFAULT CHARSET=latin1;

-- Dumping data for table pccdev.pms_benefitsinfo: ~240 rows (approximately)
/*!40000 ALTER TABLE `pms_benefitsinfo` DISABLE KEYS */;
INSERT INTO `pms_benefitsinfo` (`id`, `employee_id`, `employee_number`, `employeeinfo_id`, `benefit_id`, `benefit_description`, `benefit_amount`, `benefit_pay_period`, `benefit_pay_sub`, `benefit_effectivity_date`, `date_from`, `date_to`, `created_at`, `updated_at`, `updated_by`) VALUES
	(1, 53, 'P2016-0071', NULL, 6, NULL, 5000.00, NULL, NULL, NULL, NULL, NULL, NULL, NULL, NULL),
	(2, 47, 'P2016-0062', NULL, 6, NULL, 5000.00, NULL, NULL, NULL, NULL, NULL, NULL, NULL, NULL),
	(3, 23, 'P2016-0036', NULL, 6, NULL, 5000.00, NULL, NULL, NULL, NULL, NULL, NULL, NULL, NULL),
	(4, 71, 'P2017-0097', NULL, 6, NULL, 5000.00, NULL, NULL, NULL, NULL, NULL, NULL, NULL, NULL),
	(5, 41, 'P2016-0056', NULL, 6, NULL, 5000.00, NULL, NULL, NULL, NULL, NULL, NULL, NULL, NULL),
	(6, 36, 'P2016-0051', NULL, 6, NULL, 5000.00, NULL, NULL, NULL, NULL, NULL, NULL, NULL, NULL),
	(7, 15, 'P2016-0024', NULL, 6, NULL, 5000.00, NULL, NULL, NULL, NULL, NULL, NULL, NULL, NULL),
	(8, 30, 'P2016-0045', NULL, 6, NULL, 5000.00, NULL, NULL, NULL, NULL, NULL, NULL, NULL, NULL),
	(9, 34, 'P2016-0049', NULL, 6, NULL, 8500.00, NULL, NULL, NULL, NULL, NULL, NULL, NULL, NULL),
	(10, 70, 'P2017-0096', NULL, 6, NULL, 5000.00, NULL, NULL, NULL, NULL, NULL, NULL, NULL, NULL),
	(11, 27, 'P2016-0042', NULL, 6, NULL, 5000.00, NULL, NULL, NULL, NULL, NULL, NULL, NULL, NULL),
	(12, 115, 'P2016-0025', NULL, 6, NULL, 8500.00, NULL, NULL, NULL, NULL, NULL, NULL, NULL, NULL),
	(13, 8, 'P2016-0016', NULL, 6, NULL, 8500.00, NULL, NULL, NULL, NULL, NULL, NULL, NULL, NULL),
	(14, 111, 'P2017-0154', NULL, 6, NULL, 8500.00, NULL, NULL, NULL, NULL, NULL, NULL, NULL, NULL),
	(15, 31, 'P2016-0046', NULL, 6, NULL, 5000.00, NULL, NULL, NULL, NULL, NULL, NULL, NULL, NULL),
	(16, 56, 'P2016-0074', NULL, 6, NULL, 5000.00, NULL, NULL, NULL, NULL, NULL, NULL, NULL, NULL),
	(17, 53, 'P2016-0071', NULL, 5, NULL, 5000.00, NULL, NULL, NULL, NULL, NULL, NULL, NULL, NULL),
	(18, 47, 'P2016-0062', NULL, 5, NULL, 5000.00, NULL, NULL, NULL, NULL, NULL, NULL, NULL, NULL),
	(19, 65, 'P2017-0090', NULL, 5, NULL, 11000.00, NULL, NULL, NULL, NULL, NULL, NULL, NULL, NULL),
	(20, 1, 'P2016-0001', NULL, 5, NULL, 14000.00, NULL, NULL, NULL, NULL, NULL, NULL, NULL, NULL),
	(21, 7, 'P2016-0013', NULL, 5, NULL, 9000.00, NULL, NULL, NULL, NULL, NULL, NULL, NULL, NULL),
	(22, 23, 'P2016-0036', NULL, 5, NULL, 5000.00, NULL, NULL, NULL, NULL, NULL, NULL, NULL, NULL),
	(23, 2, 'P2016-0002', NULL, 5, NULL, 11000.00, NULL, NULL, NULL, NULL, NULL, NULL, NULL, NULL),
	(24, 71, 'P2017-0097', NULL, 5, NULL, 5000.00, NULL, NULL, NULL, NULL, NULL, NULL, NULL, NULL),
	(25, 41, 'P2016-0056', NULL, 5, NULL, 5000.00, NULL, NULL, NULL, NULL, NULL, NULL, NULL, NULL),
	(26, 36, 'P2016-0051', NULL, 5, NULL, 5000.00, NULL, NULL, NULL, NULL, NULL, NULL, NULL, NULL),
	(27, 15, 'P2016-0024', NULL, 5, NULL, 5000.00, NULL, NULL, NULL, NULL, NULL, NULL, NULL, NULL),
	(28, 30, 'P2016-0045', NULL, 5, NULL, 5000.00, NULL, NULL, NULL, NULL, NULL, NULL, NULL, NULL),
	(29, 34, 'P2016-0049', NULL, 5, NULL, 8500.00, NULL, NULL, NULL, NULL, NULL, NULL, NULL, NULL),
	(30, 70, 'P2017-0096', NULL, 5, NULL, 5000.00, NULL, NULL, NULL, NULL, NULL, NULL, NULL, NULL),
	(31, 27, 'P2016-0042', NULL, 5, NULL, 5000.00, NULL, NULL, NULL, NULL, NULL, NULL, NULL, NULL),
	(32, 115, 'P2016-0025', NULL, 5, NULL, 8500.00, NULL, NULL, NULL, NULL, NULL, NULL, NULL, NULL),
	(33, 24, 'P2016-0038', NULL, 5, NULL, 9000.00, NULL, NULL, NULL, NULL, NULL, NULL, NULL, NULL),
	(34, 3, 'P2016-0003', NULL, 5, NULL, 11000.00, NULL, NULL, NULL, NULL, NULL, NULL, NULL, NULL),
	(35, 10, 'P2016-0018', NULL, 5, NULL, 9000.00, NULL, NULL, NULL, NULL, NULL, NULL, NULL, NULL),
	(36, 8, 'P2016-0016', NULL, 5, NULL, 8500.00, NULL, NULL, NULL, NULL, NULL, NULL, NULL, NULL),
	(37, 6, 'P2016-0010', NULL, 5, NULL, 10000.00, NULL, NULL, NULL, NULL, NULL, NULL, NULL, NULL),
	(38, 111, 'P2017-0154', NULL, 5, NULL, 8500.00, NULL, NULL, NULL, NULL, NULL, NULL, NULL, NULL),
	(39, 31, 'P2016-0046', NULL, 5, NULL, 5000.00, NULL, NULL, NULL, NULL, NULL, NULL, NULL, NULL),
	(40, 9, 'P2016-0017', NULL, 5, NULL, 9000.00, NULL, NULL, NULL, NULL, NULL, NULL, NULL, NULL),
	(41, 56, 'P2016-0074', NULL, 5, NULL, 5000.00, NULL, NULL, NULL, NULL, NULL, NULL, NULL, NULL),
	(42, 66, 'P2017-0092', NULL, 4, NULL, 2000.00, NULL, NULL, NULL, NULL, NULL, NULL, NULL, NULL),
	(43, 86, 'P2017-0116', NULL, 4, NULL, 2000.00, NULL, NULL, NULL, NULL, NULL, NULL, NULL, NULL),
	(44, 13, 'P2016-0022', NULL, 4, NULL, 2000.00, NULL, NULL, NULL, NULL, NULL, NULL, NULL, NULL),
	(45, 87, 'P2017-0118', NULL, 4, NULL, 2000.00, NULL, NULL, NULL, NULL, NULL, NULL, NULL, NULL),
	(46, 79, 'P2017-0106', NULL, 4, NULL, 2000.00, NULL, NULL, NULL, NULL, NULL, NULL, NULL, NULL),
	(47, 82, 'P2017-0110', NULL, 4, NULL, 2000.00, NULL, NULL, NULL, NULL, NULL, NULL, NULL, NULL),
	(48, 94, 'P2017-0129', NULL, 4, NULL, 2000.00, NULL, NULL, NULL, NULL, NULL, NULL, NULL, NULL),
	(49, 50, 'P2016-0066', NULL, 4, NULL, 2000.00, NULL, NULL, NULL, NULL, NULL, NULL, NULL, NULL),
	(50, 127, 'P2018-0178', NULL, 4, NULL, 2000.00, NULL, NULL, NULL, NULL, NULL, NULL, NULL, NULL),
	(51, 53, 'P2016-0071', NULL, 4, NULL, 2000.00, NULL, NULL, NULL, NULL, NULL, NULL, NULL, NULL),
	(52, 44, 'P2016-0059', NULL, 4, NULL, 2000.00, NULL, NULL, NULL, NULL, NULL, NULL, NULL, NULL),
	(53, 47, 'P2016-0062', NULL, 4, NULL, 2000.00, NULL, NULL, NULL, NULL, NULL, NULL, NULL, NULL),
	(54, 103, 'P2017-0143', NULL, 4, NULL, 2000.00, NULL, NULL, NULL, NULL, NULL, NULL, NULL, NULL),
	(55, 74, 'P2017-0101', NULL, 4, NULL, 2000.00, NULL, NULL, NULL, NULL, NULL, NULL, NULL, NULL),
	(56, 65, 'P2017-0090', NULL, 4, NULL, 2000.00, NULL, NULL, NULL, NULL, NULL, NULL, NULL, NULL),
	(57, 78, 'P2017-0105', NULL, 4, NULL, 2000.00, NULL, NULL, NULL, NULL, NULL, NULL, NULL, NULL),
	(58, 29, 'P2016-0044', NULL, 4, NULL, 2000.00, NULL, NULL, NULL, NULL, NULL, NULL, NULL, NULL),
	(59, 1, 'P2016-0001', NULL, 4, NULL, 2000.00, NULL, NULL, NULL, NULL, NULL, NULL, NULL, NULL),
	(60, 57, 'P2016-0075', NULL, 4, NULL, 2000.00, NULL, NULL, NULL, NULL, NULL, NULL, NULL, NULL),
	(61, 60, 'P2016-0082', NULL, 4, NULL, 2000.00, NULL, NULL, NULL, NULL, NULL, NULL, NULL, NULL),
	(62, 7, 'P2016-0013', NULL, 4, NULL, 2000.00, NULL, NULL, NULL, NULL, NULL, NULL, NULL, NULL),
	(63, 112, 'P2017-0156', NULL, 4, NULL, 2000.00, NULL, NULL, NULL, NULL, NULL, NULL, NULL, NULL),
	(64, 23, 'P2016-0036', NULL, 4, NULL, 2000.00, NULL, NULL, NULL, NULL, NULL, NULL, NULL, NULL),
	(65, 2, 'P2016-0002', NULL, 4, NULL, 2000.00, NULL, NULL, NULL, NULL, NULL, NULL, NULL, NULL),
	(66, 71, 'P2017-0097', NULL, 4, NULL, 2000.00, NULL, NULL, NULL, NULL, NULL, NULL, NULL, NULL),
	(67, 84, 'P2017-0114', NULL, 4, NULL, 2000.00, NULL, NULL, NULL, NULL, NULL, NULL, NULL, NULL),
	(68, 16, 'P2016-0026', NULL, 4, NULL, 2000.00, NULL, NULL, NULL, NULL, NULL, NULL, NULL, NULL),
	(69, 126, 'P2018-0176', NULL, 4, NULL, 2000.00, NULL, NULL, NULL, NULL, NULL, NULL, NULL, NULL),
	(70, 18, 'P2016-0029', NULL, 4, NULL, 2000.00, NULL, NULL, NULL, NULL, NULL, NULL, NULL, NULL),
	(71, 37, 'P2016-0052', NULL, 4, NULL, 2000.00, NULL, NULL, NULL, NULL, NULL, NULL, NULL, NULL),
	(72, 63, 'P2017-0087', NULL, 4, NULL, 2000.00, NULL, NULL, NULL, NULL, NULL, NULL, NULL, NULL),
	(73, 121, 'P2017-0168', NULL, 4, NULL, 2000.00, NULL, NULL, NULL, NULL, NULL, NULL, NULL, NULL),
	(74, 41, 'P2016-0056', NULL, 4, NULL, 2000.00, NULL, NULL, NULL, NULL, NULL, NULL, NULL, NULL),
	(75, 136, 'P2018-0194', NULL, 4, NULL, 2000.00, NULL, NULL, NULL, NULL, NULL, NULL, NULL, NULL),
	(76, 17, 'P2016-0027', NULL, 4, NULL, 2000.00, NULL, NULL, NULL, NULL, NULL, NULL, NULL, NULL),
	(77, 88, 'P2017-0119', NULL, 4, NULL, 2000.00, NULL, NULL, NULL, NULL, NULL, NULL, NULL, NULL),
	(78, 104, 'P2017-0146', NULL, 4, NULL, 2000.00, NULL, NULL, NULL, NULL, NULL, NULL, NULL, NULL),
	(79, 138, 'P2018-0195', NULL, 4, NULL, 2000.00, NULL, NULL, NULL, NULL, NULL, NULL, NULL, NULL),
	(80, 130, 'P2018-0181', NULL, 4, NULL, 2000.00, NULL, NULL, NULL, NULL, NULL, NULL, NULL, NULL),
	(81, 51, 'P2016-0068', NULL, 4, NULL, 2000.00, NULL, NULL, NULL, NULL, NULL, NULL, NULL, NULL),
	(82, 120, 'P2017-0166', NULL, 4, NULL, 2000.00, NULL, NULL, NULL, NULL, NULL, NULL, NULL, NULL),
	(83, 36, 'P2016-0051', NULL, 4, NULL, 2000.00, NULL, NULL, NULL, NULL, NULL, NULL, NULL, NULL),
	(84, 62, 'P2017-0085', NULL, 4, NULL, 2000.00, NULL, NULL, NULL, NULL, NULL, NULL, NULL, NULL),
	(85, 4, 'P2016-0006', NULL, 4, NULL, 2000.00, NULL, NULL, NULL, NULL, NULL, NULL, NULL, NULL),
	(86, 42, 'P2016-0057', NULL, 4, NULL, 2000.00, NULL, NULL, NULL, NULL, NULL, NULL, NULL, NULL),
	(87, 15, 'P2016-0024', NULL, 4, NULL, 2000.00, NULL, NULL, NULL, NULL, NULL, NULL, NULL, NULL),
	(88, 19, 'P2016-0031', NULL, 4, NULL, 2000.00, NULL, NULL, NULL, NULL, NULL, NULL, NULL, NULL),
	(89, 40, 'P2016-0055', NULL, 4, NULL, 2000.00, NULL, NULL, NULL, NULL, NULL, NULL, NULL, NULL),
	(90, 14, 'P2016-0023', NULL, 4, NULL, 2000.00, NULL, NULL, NULL, NULL, NULL, NULL, NULL, NULL),
	(91, 89, 'P2017-0121', NULL, 4, NULL, 2000.00, NULL, NULL, NULL, NULL, NULL, NULL, NULL, NULL),
	(92, 100, 'P2017-0138', NULL, 4, NULL, 2000.00, NULL, NULL, NULL, NULL, NULL, NULL, NULL, NULL),
	(93, 56, 'P2016-0074', NULL, 4, NULL, 2000.00, NULL, NULL, NULL, NULL, NULL, NULL, NULL, NULL),
	(94, 85, 'P2017-0115', NULL, 4, NULL, 2000.00, NULL, NULL, NULL, NULL, NULL, NULL, NULL, NULL),
	(95, 83, 'P2017-0112', NULL, 4, NULL, 2000.00, NULL, NULL, NULL, NULL, NULL, NULL, NULL, NULL),
	(96, 39, 'P2016-0054', NULL, 4, NULL, 2000.00, NULL, NULL, NULL, NULL, NULL, NULL, NULL, NULL),
	(97, 28, 'P2016-0043', NULL, 4, NULL, 2000.00, NULL, NULL, NULL, NULL, NULL, NULL, NULL, NULL),
	(98, 32, 'P2016-0047', NULL, 4, NULL, 2000.00, NULL, NULL, NULL, NULL, NULL, NULL, NULL, NULL),
	(99, 48, 'P2016-0064', NULL, 4, NULL, 2000.00, NULL, NULL, NULL, NULL, NULL, NULL, NULL, NULL),
	(100, 61, 'P2016-0083', NULL, 4, NULL, 2000.00, NULL, NULL, NULL, NULL, NULL, NULL, NULL, NULL),
	(101, 58, 'P2016-0078', NULL, 4, NULL, 2000.00, NULL, NULL, NULL, NULL, NULL, NULL, NULL, NULL),
	(102, 109, 'P2017-0152', NULL, 4, NULL, 2000.00, NULL, NULL, NULL, NULL, NULL, NULL, NULL, NULL),
	(103, 54, 'P2016-0072', NULL, 4, NULL, 2000.00, NULL, NULL, NULL, NULL, NULL, NULL, NULL, NULL),
	(104, 131, 'P2018-0185', NULL, 4, NULL, 2000.00, NULL, NULL, NULL, NULL, NULL, NULL, NULL, NULL),
	(105, 122, 'P2017-0169', NULL, 4, NULL, 2000.00, NULL, NULL, NULL, NULL, NULL, NULL, NULL, NULL),
	(106, 55, 'P2016-0073', NULL, 4, NULL, 2000.00, NULL, NULL, NULL, NULL, NULL, NULL, NULL, NULL),
	(107, 38, 'P2016-0053', NULL, 4, NULL, 2000.00, NULL, NULL, NULL, NULL, NULL, NULL, NULL, NULL),
	(108, 110, 'P2017-0153', NULL, 4, NULL, 2000.00, NULL, NULL, NULL, NULL, NULL, NULL, NULL, NULL),
	(109, 43, 'P2016-0058', NULL, 4, NULL, 2000.00, NULL, NULL, NULL, NULL, NULL, NULL, NULL, NULL),
	(110, 118, 'P2017-0163', NULL, 4, NULL, 2000.00, NULL, NULL, NULL, NULL, NULL, NULL, NULL, NULL),
	(111, 68, 'P2017-0094', NULL, 4, NULL, 2000.00, NULL, NULL, NULL, NULL, NULL, NULL, NULL, NULL),
	(112, 59, 'P2016-0079', NULL, 4, NULL, 2000.00, NULL, NULL, NULL, NULL, NULL, NULL, NULL, NULL),
	(113, 129, 'P2018-0180', NULL, 4, NULL, 2000.00, NULL, NULL, NULL, NULL, NULL, NULL, NULL, NULL),
	(114, 96, 'P2017-0133', NULL, 4, NULL, 2000.00, NULL, NULL, NULL, NULL, NULL, NULL, NULL, NULL),
	(115, 117, 'P2017-0161', NULL, 4, NULL, 2000.00, NULL, NULL, NULL, NULL, NULL, NULL, NULL, NULL),
	(116, 125, 'P2017-0173', NULL, 4, NULL, 2000.00, NULL, NULL, NULL, NULL, NULL, NULL, NULL, NULL),
	(117, 69, 'P2017-0095', NULL, 4, NULL, 2000.00, NULL, NULL, NULL, NULL, NULL, NULL, NULL, NULL),
	(118, 52, 'P2016-0070', NULL, 4, NULL, 2000.00, NULL, NULL, NULL, NULL, NULL, NULL, NULL, NULL),
	(119, 30, 'P2016-0045', NULL, 4, NULL, 2000.00, NULL, NULL, NULL, NULL, NULL, NULL, NULL, NULL),
	(120, 119, 'P2017-0165', NULL, 4, NULL, 2000.00, NULL, NULL, NULL, NULL, NULL, NULL, NULL, NULL),
	(121, 73, 'P2017-0100', NULL, 4, NULL, 2000.00, NULL, NULL, NULL, NULL, NULL, NULL, NULL, NULL),
	(122, 33, 'P2016-0048', NULL, 4, NULL, 2000.00, NULL, NULL, NULL, NULL, NULL, NULL, NULL, NULL),
	(123, 26, 'P2016-0041', NULL, 4, NULL, 2000.00, NULL, NULL, NULL, NULL, NULL, NULL, NULL, NULL),
	(124, 21, 'P2016-0034', NULL, 4, NULL, 2000.00, NULL, NULL, NULL, NULL, NULL, NULL, NULL, NULL),
	(125, 123, 'P2017-0170', NULL, 4, NULL, 2000.00, NULL, NULL, NULL, NULL, NULL, NULL, NULL, NULL),
	(126, 93, 'P2017-0128', NULL, 4, NULL, 2000.00, NULL, NULL, NULL, NULL, NULL, NULL, NULL, NULL),
	(127, 108, 'P2017-0151', NULL, 4, NULL, 2000.00, NULL, NULL, NULL, NULL, NULL, NULL, NULL, NULL),
	(128, 90, 'P2017-0123', NULL, 4, NULL, 2000.00, NULL, NULL, NULL, NULL, NULL, NULL, NULL, NULL),
	(129, 114, 'P2017-0158', NULL, 4, NULL, 2000.00, NULL, NULL, NULL, NULL, NULL, NULL, NULL, NULL),
	(130, 92, 'P2017-0127', NULL, 4, NULL, 2000.00, NULL, NULL, NULL, NULL, NULL, NULL, NULL, NULL),
	(131, 75, 'P2017-0102', NULL, 4, NULL, 2000.00, NULL, NULL, NULL, NULL, NULL, NULL, NULL, NULL),
	(132, 107, 'P2017-0150', NULL, 4, NULL, 2000.00, NULL, NULL, NULL, NULL, NULL, NULL, NULL, NULL),
	(133, 34, 'P2016-0049', NULL, 4, NULL, 2000.00, NULL, NULL, NULL, NULL, NULL, NULL, NULL, NULL),
	(134, 98, 'P2017-0135', NULL, 4, NULL, 2000.00, NULL, NULL, NULL, NULL, NULL, NULL, NULL, NULL),
	(135, 70, 'P2017-0096', NULL, 4, NULL, 2000.00, NULL, NULL, NULL, NULL, NULL, NULL, NULL, NULL),
	(136, 12, 'P2016-0021', NULL, 4, NULL, 2000.00, NULL, NULL, NULL, NULL, NULL, NULL, NULL, NULL),
	(137, 64, 'P2017-0088', NULL, 4, NULL, 2000.00, NULL, NULL, NULL, NULL, NULL, NULL, NULL, NULL),
	(138, 135, 'P2018-0192', NULL, 4, NULL, 2000.00, NULL, NULL, NULL, NULL, NULL, NULL, NULL, NULL),
	(139, 99, 'P2018-0190', NULL, 4, NULL, 2000.00, NULL, NULL, NULL, NULL, NULL, NULL, NULL, NULL),
	(140, 27, 'P2016-0042', NULL, 4, NULL, 2000.00, NULL, NULL, NULL, NULL, NULL, NULL, NULL, NULL),
	(141, 45, 'P2016-0060', NULL, 4, NULL, 2000.00, NULL, NULL, NULL, NULL, NULL, NULL, NULL, NULL),
	(142, 115, 'P2016-0025', NULL, 4, NULL, 2000.00, NULL, NULL, NULL, NULL, NULL, NULL, NULL, NULL),
	(143, 5, 'P2016-0009', NULL, 4, NULL, 2000.00, NULL, NULL, NULL, NULL, NULL, NULL, NULL, NULL),
	(144, 116, 'P2017-0160', NULL, 4, NULL, 2000.00, NULL, NULL, NULL, NULL, NULL, NULL, NULL, NULL),
	(145, 20, 'P2016-0033', NULL, 4, NULL, 2000.00, NULL, NULL, NULL, NULL, NULL, NULL, NULL, NULL),
	(146, 80, 'P2017-0107', NULL, 4, NULL, 2000.00, NULL, NULL, NULL, NULL, NULL, NULL, NULL, NULL),
	(147, 128, 'P2018-0179', NULL, 4, NULL, 2000.00, NULL, NULL, NULL, NULL, NULL, NULL, NULL, NULL),
	(148, 25, 'P2016-0040', NULL, 4, NULL, 2000.00, NULL, NULL, NULL, NULL, NULL, NULL, NULL, NULL),
	(149, 24, 'P2016-0038', NULL, 4, NULL, 2000.00, NULL, NULL, NULL, NULL, NULL, NULL, NULL, NULL),
	(150, 22, 'P2016-0035', NULL, 4, NULL, 2000.00, NULL, NULL, NULL, NULL, NULL, NULL, NULL, NULL),
	(151, 49, 'P2016-0065', NULL, 4, NULL, 2000.00, NULL, NULL, NULL, NULL, NULL, NULL, NULL, NULL),
	(152, 3, 'P2016-0003', NULL, 4, NULL, 2000.00, NULL, NULL, NULL, NULL, NULL, NULL, NULL, NULL),
	(153, 77, 'P2017-0104', NULL, 4, NULL, 2000.00, NULL, NULL, NULL, NULL, NULL, NULL, NULL, NULL),
	(154, 10, 'P2016-0018', NULL, 4, NULL, 2000.00, NULL, NULL, NULL, NULL, NULL, NULL, NULL, NULL),
	(155, 76, 'P2017-0103', NULL, 4, NULL, 2000.00, NULL, NULL, NULL, NULL, NULL, NULL, NULL, NULL),
	(156, 8, 'P2016-0016', NULL, 4, NULL, 2000.00, NULL, NULL, NULL, NULL, NULL, NULL, NULL, NULL),
	(157, 105, 'P2017-0148', NULL, 4, NULL, 2000.00, NULL, NULL, NULL, NULL, NULL, NULL, NULL, NULL),
	(158, 124, 'P2017-0171', NULL, 4, NULL, 2000.00, NULL, NULL, NULL, NULL, NULL, NULL, NULL, NULL),
	(159, 139, 'P2018-0201', NULL, 4, NULL, 2000.00, NULL, NULL, NULL, NULL, NULL, NULL, NULL, NULL),
	(160, 95, 'P2017-0132', NULL, 4, NULL, 2000.00, NULL, NULL, NULL, NULL, NULL, NULL, NULL, NULL),
	(161, 133, 'P2018-0187', NULL, 4, NULL, 2000.00, NULL, NULL, NULL, NULL, NULL, NULL, NULL, NULL),
	(162, 11, 'P2016-0019', NULL, 4, NULL, 2000.00, NULL, NULL, NULL, NULL, NULL, NULL, NULL, NULL),
	(163, 113, 'P2017-0157', NULL, 4, NULL, 2000.00, NULL, NULL, NULL, NULL, NULL, NULL, NULL, NULL),
	(164, 67, 'P2017-0093', NULL, 4, NULL, 2000.00, NULL, NULL, NULL, NULL, NULL, NULL, NULL, NULL),
	(165, 35, 'P2016-0050', NULL, 4, NULL, 2000.00, NULL, NULL, NULL, NULL, NULL, NULL, NULL, NULL),
	(166, 72, 'P2017-0098', NULL, 4, NULL, 2000.00, NULL, NULL, NULL, NULL, NULL, NULL, NULL, NULL),
	(167, 91, 'P2017-0125', NULL, 4, NULL, 2000.00, NULL, NULL, NULL, NULL, NULL, NULL, NULL, NULL),
	(168, 6, 'P2016-0010', NULL, 4, NULL, 2000.00, NULL, NULL, NULL, NULL, NULL, NULL, NULL, NULL),
	(169, 111, 'P2017-0154', NULL, 4, NULL, 2000.00, NULL, NULL, NULL, NULL, NULL, NULL, NULL, NULL),
	(170, 81, 'P2017-0109', NULL, 4, NULL, 2000.00, NULL, NULL, NULL, NULL, NULL, NULL, NULL, NULL),
	(171, 46, 'P2016-0061', NULL, 4, NULL, 2000.00, NULL, NULL, NULL, NULL, NULL, NULL, NULL, NULL),
	(172, 31, 'P2016-0046', NULL, 4, NULL, 2000.00, NULL, NULL, NULL, NULL, NULL, NULL, NULL, NULL),
	(173, 137, 'P2018-0193', NULL, 4, NULL, 2000.00, NULL, NULL, NULL, NULL, NULL, NULL, NULL, NULL),
	(174, 97, 'P2017-0134', NULL, 4, NULL, 2000.00, NULL, NULL, NULL, NULL, NULL, NULL, NULL, NULL),
	(175, 9, 'P2016-0017', NULL, 4, NULL, 2000.00, NULL, NULL, NULL, NULL, NULL, NULL, NULL, NULL),
	(176, 132, 'P2018-0186', NULL, 4, NULL, 2000.00, NULL, NULL, NULL, NULL, NULL, NULL, NULL, NULL),
	(177, 134, 'P2018-0188', NULL, 4, NULL, 2000.00, NULL, NULL, NULL, NULL, NULL, NULL, NULL, NULL),
	(178, 142, 'P2018-0203', NULL, 4, NULL, 2000.00, NULL, NULL, NULL, NULL, NULL, NULL, NULL, NULL),
	(179, 106, 'P2017-0149', NULL, 4, NULL, 2000.00, NULL, NULL, NULL, NULL, NULL, NULL, NULL, NULL),
	(180, 65, 'P2017-0090', NULL, 12, NULL, 6000.00, NULL, NULL, NULL, NULL, NULL, NULL, NULL, NULL),
	(181, 1, 'P2016-0001', NULL, 12, NULL, 6000.00, NULL, NULL, NULL, NULL, NULL, NULL, NULL, NULL),
	(182, 7, 'P2016-0013', NULL, 12, NULL, 6000.00, NULL, NULL, NULL, NULL, NULL, NULL, NULL, NULL),
	(183, 2, 'P2016-0002', NULL, 12, NULL, 6000.00, NULL, NULL, NULL, NULL, NULL, NULL, NULL, NULL),
	(184, 24, 'P2016-0038', NULL, 12, NULL, 6000.00, NULL, NULL, NULL, NULL, NULL, NULL, NULL, NULL),
	(185, 3, 'P2016-0003', NULL, 12, NULL, 6000.00, NULL, NULL, NULL, NULL, NULL, NULL, NULL, NULL),
	(186, 10, 'P2016-0018', NULL, 12, NULL, 6000.00, NULL, NULL, NULL, NULL, NULL, NULL, NULL, NULL),
	(187, 6, 'P2016-0010', NULL, 12, NULL, 6000.00, NULL, NULL, NULL, NULL, NULL, NULL, NULL, NULL),
	(188, 9, 'P2016-0017', NULL, 12, NULL, 6000.00, NULL, NULL, NULL, NULL, NULL, NULL, NULL, NULL),
	(189, 65, 'P2017-0090', NULL, 11, NULL, 9000.00, NULL, NULL, NULL, NULL, NULL, NULL, NULL, NULL),
	(190, 1, 'P2016-0001', NULL, 11, NULL, 22000.00, NULL, NULL, NULL, NULL, NULL, NULL, NULL, NULL),
	(191, 7, 'P2016-0013', NULL, 11, NULL, 3800.00, NULL, NULL, NULL, NULL, NULL, NULL, NULL, NULL),
	(192, 2, 'P2016-0002', NULL, 11, NULL, 9000.00, NULL, NULL, NULL, NULL, NULL, NULL, NULL, NULL),
	(193, 24, 'P2016-0038', NULL, 11, NULL, 3800.00, NULL, NULL, NULL, NULL, NULL, NULL, NULL, NULL),
	(194, 3, 'P2016-0003', NULL, 11, NULL, 9000.00, NULL, NULL, NULL, NULL, NULL, NULL, NULL, NULL),
	(195, 10, 'P2016-0018', NULL, 11, NULL, 3800.00, NULL, NULL, NULL, NULL, NULL, NULL, NULL, NULL),
	(196, 6, 'P2016-0010', NULL, 11, NULL, 5000.00, NULL, NULL, NULL, NULL, NULL, NULL, NULL, NULL),
	(197, 9, 'P2016-0017', NULL, 11, NULL, 3800.00, NULL, NULL, NULL, NULL, NULL, NULL, NULL, NULL),
	(198, 127, 'P2018-0178', NULL, 10, NULL, 500.00, NULL, NULL, NULL, NULL, NULL, NULL, NULL, NULL),
	(199, 53, 'P2016-0071', NULL, 10, NULL, 1000.00, NULL, NULL, NULL, NULL, NULL, NULL, NULL, NULL),
	(200, 47, 'P2016-0062', NULL, 10, NULL, 1000.00, NULL, NULL, NULL, NULL, NULL, NULL, NULL, NULL),
	(201, 65, 'P2017-0090', NULL, 10, NULL, 5000.00, NULL, NULL, NULL, NULL, NULL, NULL, NULL, NULL),
	(202, 1, 'P2016-0001', NULL, 10, NULL, 7000.00, NULL, NULL, NULL, NULL, NULL, NULL, NULL, NULL),
	(203, 7, 'P2016-0013', NULL, 10, NULL, 3000.00, NULL, NULL, NULL, NULL, NULL, NULL, NULL, NULL),
	(204, 23, 'P2016-0036', NULL, 10, NULL, 1000.00, NULL, NULL, NULL, NULL, NULL, NULL, NULL, NULL),
	(205, 2, 'P2016-0002', NULL, 10, NULL, 5000.00, NULL, NULL, NULL, NULL, NULL, NULL, NULL, NULL),
	(206, 71, 'P2017-0097', NULL, 10, NULL, 1000.00, NULL, NULL, NULL, NULL, NULL, NULL, NULL, NULL),
	(207, 41, 'P2016-0056', NULL, 10, NULL, 1000.00, NULL, NULL, NULL, NULL, NULL, NULL, NULL, NULL),
	(208, 36, 'P2016-0051', NULL, 10, NULL, 1000.00, NULL, NULL, NULL, NULL, NULL, NULL, NULL, NULL),
	(209, 4, 'P2016-0006', NULL, 10, NULL, 300.00, NULL, NULL, NULL, NULL, NULL, NULL, NULL, NULL),
	(210, 15, 'P2016-0024', NULL, 10, NULL, 1000.00, NULL, NULL, NULL, NULL, NULL, NULL, NULL, NULL),
	(211, 40, 'P2016-0055', NULL, 10, NULL, 300.00, NULL, NULL, NULL, NULL, NULL, NULL, NULL, NULL),
	(212, 14, 'P2016-0023', NULL, 10, NULL, 300.00, NULL, NULL, NULL, NULL, NULL, NULL, NULL, NULL),
	(213, 85, 'P2017-0115', NULL, 10, NULL, 1000.00, NULL, NULL, NULL, NULL, NULL, NULL, NULL, NULL),
	(214, 109, 'P2017-0152', NULL, 10, NULL, 400.00, NULL, NULL, NULL, NULL, NULL, NULL, NULL, NULL),
	(215, 110, 'P2017-0153', NULL, 10, NULL, 400.00, NULL, NULL, NULL, NULL, NULL, NULL, NULL, NULL),
	(216, 59, 'P2016-0079', NULL, 10, NULL, 400.00, NULL, NULL, NULL, NULL, NULL, NULL, NULL, NULL),
	(217, 52, 'P2016-0070', NULL, 10, NULL, 400.00, NULL, NULL, NULL, NULL, NULL, NULL, NULL, NULL),
	(218, 30, 'P2016-0045', NULL, 10, NULL, 1000.00, NULL, NULL, NULL, NULL, NULL, NULL, NULL, NULL),
	(219, 33, 'P2016-0048', NULL, 10, NULL, 300.00, NULL, NULL, NULL, NULL, NULL, NULL, NULL, NULL),
	(220, 93, 'P2017-0128', NULL, 10, NULL, 300.00, NULL, NULL, NULL, NULL, NULL, NULL, NULL, NULL),
	(221, 92, 'P2017-0127', NULL, 10, NULL, 300.00, NULL, NULL, NULL, NULL, NULL, NULL, NULL, NULL),
	(222, 34, 'P2016-0049', NULL, 10, NULL, 2000.00, NULL, NULL, NULL, NULL, NULL, NULL, NULL, NULL),
	(223, 70, 'P2017-0096', NULL, 10, NULL, 1000.00, NULL, NULL, NULL, NULL, NULL, NULL, NULL, NULL),
	(224, 12, 'P2016-0021', NULL, 10, NULL, 400.00, NULL, NULL, NULL, NULL, NULL, NULL, NULL, NULL),
	(225, 135, 'P2018-0192', NULL, 10, NULL, 800.00, NULL, NULL, NULL, NULL, NULL, NULL, NULL, NULL),
	(226, 27, 'P2016-0042', NULL, 10, NULL, 1000.00, NULL, NULL, NULL, NULL, NULL, NULL, NULL, NULL),
	(227, 115, 'P2016-0025', NULL, 10, NULL, 2000.00, NULL, NULL, NULL, NULL, NULL, NULL, NULL, NULL),
	(228, 5, 'P2016-0009', NULL, 10, NULL, 300.00, NULL, NULL, NULL, NULL, NULL, NULL, NULL, NULL),
	(229, 24, 'P2016-0038', NULL, 10, NULL, 3000.00, NULL, NULL, NULL, NULL, NULL, NULL, NULL, NULL),
	(230, 3, 'P2016-0003', NULL, 10, NULL, 5000.00, NULL, NULL, NULL, NULL, NULL, NULL, NULL, NULL),
	(231, 10, 'P2016-0018', NULL, 10, NULL, 3000.00, NULL, NULL, NULL, NULL, NULL, NULL, NULL, NULL),
	(232, 76, 'P2017-0103', NULL, 10, NULL, 400.00, NULL, NULL, NULL, NULL, NULL, NULL, NULL, NULL),
	(233, 8, 'P2016-0016', NULL, 10, NULL, 2000.00, NULL, NULL, NULL, NULL, NULL, NULL, NULL, NULL),
	(234, 113, 'P2017-0157', NULL, 10, NULL, 400.00, NULL, NULL, NULL, NULL, NULL, NULL, NULL, NULL),
	(235, 35, 'P2016-0050', NULL, 10, NULL, 300.00, NULL, NULL, NULL, NULL, NULL, NULL, NULL, NULL),
	(236, 6, 'P2016-0010', NULL, 10, NULL, 4000.00, NULL, NULL, NULL, NULL, NULL, NULL, NULL, NULL),
	(237, 111, 'P2017-0154', NULL, 10, NULL, 2000.00, NULL, NULL, NULL, NULL, NULL, NULL, NULL, NULL),
	(238, 31, 'P2016-0046', NULL, 10, NULL, 1000.00, NULL, NULL, NULL, NULL, NULL, NULL, NULL, NULL),
	(239, 9, 'P2016-0017', NULL, 10, NULL, 3000.00, NULL, NULL, NULL, NULL, NULL, NULL, NULL, NULL),
	(240, 132, 'P2018-0186', NULL, 10, NULL, 400.00, NULL, NULL, NULL, NULL, NULL, NULL, NULL, NULL);
/*!40000 ALTER TABLE `pms_benefitsinfo` ENABLE KEYS */;

-- Dumping structure for table pccdev.pms_deductioninfo_transactions
DROP TABLE IF EXISTS `pms_deductioninfo_transactions`;
CREATE TABLE IF NOT EXISTS `pms_deductioninfo_transactions` (
  `id` int(11) NOT NULL AUTO_INCREMENT,
  `employee_id` int(11) DEFAULT NULL,
  `employee_number` varchar(225) DEFAULT NULL,
  `transaction_id` int(11) DEFAULT NULL,
  `deduction_id` int(11) DEFAULT NULL,
  `deduction_info_id` int(11) DEFAULT NULL,
  `amount` decimal(9,2) DEFAULT NULL,
  `status` varchar(50) DEFAULT NULL,
  `year` varchar(50) DEFAULT NULL,
  `month` varchar(50) DEFAULT NULL,
  `created_by` int(11) DEFAULT NULL,
  `updated_by` int(11) DEFAULT NULL,
  `created_at` timestamp NULL DEFAULT NULL,
  `updated_at` timestamp NULL DEFAULT NULL,
  PRIMARY KEY (`id`)
) ENGINE=InnoDB DEFAULT CHARSET=latin1;

-- Dumping data for table pccdev.pms_deductioninfo_transactions: ~0 rows (approximately)
/*!40000 ALTER TABLE `pms_deductioninfo_transactions` DISABLE KEYS */;
/*!40000 ALTER TABLE `pms_deductioninfo_transactions` ENABLE KEYS */;

-- Dumping structure for table pccdev.pms_deductions
DROP TABLE IF EXISTS `pms_deductions`;
CREATE TABLE IF NOT EXISTS `pms_deductions` (
  `id` int(11) NOT NULL AUTO_INCREMENT,
  `code` varchar(225) DEFAULT NULL,
  `name` varchar(225) DEFAULT NULL,
  `payroll_group` varchar(225) DEFAULT NULL,
  `tax_type` varchar(225) DEFAULT NULL,
  `itr_classification` varchar(225) DEFAULT NULL,
  `alphalist_classification` varchar(225) DEFAULT NULL,
  `amount` decimal(9,2) DEFAULT NULL,
  `remarks` varchar(225) DEFAULT NULL,
  `created_at` timestamp NULL DEFAULT NULL,
  `updated_at` timestamp NULL DEFAULT NULL,
  `updated_by` int(11) DEFAULT NULL,
  PRIMARY KEY (`id`)
) ENGINE=InnoDB DEFAULT CHARSET=latin1;

-- Dumping data for table pccdev.pms_deductions: ~0 rows (approximately)
/*!40000 ALTER TABLE `pms_deductions` DISABLE KEYS */;
/*!40000 ALTER TABLE `pms_deductions` ENABLE KEYS */;

-- Dumping structure for table pccdev.pms_departments
DROP TABLE IF EXISTS `pms_departments`;
CREATE TABLE IF NOT EXISTS `pms_departments` (
  `id` int(11) NOT NULL AUTO_INCREMENT,
  `code` varchar(50) DEFAULT NULL,
  `name` varchar(225) DEFAULT NULL,
  `created_at` timestamp NULL DEFAULT NULL,
  `updated_at` timestamp NULL DEFAULT NULL,
  `created_by` int(11) DEFAULT NULL,
  `updated_by` int(11) DEFAULT NULL,
  PRIMARY KEY (`id`)
) ENGINE=InnoDB AUTO_INCREMENT=3 DEFAULT CHARSET=latin1;

-- Dumping data for table pccdev.pms_departments: ~2 rows (approximately)
/*!40000 ALTER TABLE `pms_departments` DISABLE KEYS */;
INSERT INTO `pms_departments` (`id`, `code`, `name`, `created_at`, `updated_at`, `created_by`, `updated_by`) VALUES
	(1, 'GAS', 'General Administrative Services', '2018-08-15 05:33:11', '2018-08-15 05:33:11', 2, NULL),
	(2, 'Operations', 'Operations', '2018-08-15 05:33:36', '2018-08-15 05:33:36', 2, NULL);
/*!40000 ALTER TABLE `pms_departments` ENABLE KEYS */;

-- Dumping structure for table pccdev.pms_divisions
DROP TABLE IF EXISTS `pms_divisions`;
CREATE TABLE IF NOT EXISTS `pms_divisions` (
  `id` int(11) NOT NULL AUTO_INCREMENT,
  `code` varchar(50) DEFAULT NULL,
  `name` varchar(225) DEFAULT NULL,
  `created_at` timestamp NULL DEFAULT NULL,
  `updated_at` timestamp NULL DEFAULT NULL,
  `created_by` int(11) DEFAULT NULL,
  `updated_by` int(11) DEFAULT NULL,
  PRIMARY KEY (`id`)
) ENGINE=InnoDB AUTO_INCREMENT=39 DEFAULT CHARSET=latin1;

-- Dumping data for table pccdev.pms_divisions: ~37 rows (approximately)
/*!40000 ALTER TABLE `pms_divisions` DISABLE KEYS */;
INSERT INTO `pms_divisions` (`id`, `code`, `name`, `created_at`, `updated_at`, `created_by`, `updated_by`) VALUES
	(1, '', 'Office of Chair AMB', NULL, NULL, NULL, NULL),
	(2, '', 'Office of Comm JRB', NULL, NULL, NULL, NULL),
	(3, '', 'Office of Comm SAQ', NULL, NULL, NULL, NULL),
	(4, '', 'Office of the Director', NULL, NULL, NULL, NULL),
	(5, '', 'Agency-to-Agency', NULL, NULL, NULL, NULL),
	(6, '', 'Economic Investigation Division', NULL, NULL, NULL, NULL),
	(7, 'LID', 'Litigation Division', NULL, '2018-07-25 05:04:22', NULL, 2),
	(8, '', 'General Services Division', NULL, NULL, NULL, NULL),
	(9, '', 'Notification Division', NULL, NULL, NULL, NULL),
	(10, '', 'Monitoring and Investigation Division', NULL, NULL, NULL, NULL),
	(11, '', 'Corporate Planning and Management Division', NULL, NULL, NULL, NULL),
	(12, '', 'M & A Review Division', NULL, NULL, NULL, NULL),
	(13, 'IMD', 'Information Management Division', NULL, '2018-07-25 04:55:47', NULL, NULL),
	(14, '', 'Policy and Markets Division', NULL, NULL, NULL, NULL),
	(15, '', 'Human Resources Development Division', NULL, NULL, NULL, NULL),
	(16, '', 'Training and Advocacy Division', NULL, NULL, NULL, NULL),
	(17, '', 'CKMO', NULL, NULL, NULL, NULL),
	(18, '', 'Budget Division', NULL, NULL, NULL, NULL),
	(19, '', 'Internal Legal Services', NULL, NULL, NULL, NULL),
	(20, '', 'Office of Comm ERB', NULL, NULL, NULL, NULL),
	(21, '', 'Accounting Division', NULL, NULL, NULL, NULL),
	(22, '', 'Policy Research Division', NULL, NULL, NULL, NULL),
	(23, '', 'Information and Communications Technology Division', NULL, NULL, NULL, NULL),
	(24, '', 'Office of Comm ACA', NULL, NULL, NULL, NULL),
	(25, '', 'Office of the Executive Director', NULL, NULL, NULL, NULL),
	(26, '', 'ALO', NULL, NULL, NULL, NULL),
	(27, '', 'Office of the Chairman', NULL, NULL, NULL, NULL),
	(28, '', 'EO', NULL, NULL, NULL, NULL),
	(29, '', 'Training Division', NULL, NULL, NULL, NULL),
	(30, '', 'Policy Research and Development Division', NULL, NULL, NULL, NULL),
	(31, '', 'Adjudication Division', NULL, NULL, NULL, NULL),
	(32, '', 'Merger and Acquisition Division', NULL, NULL, NULL, NULL),
	(33, '', 'Knowledge Management Division', NULL, NULL, NULL, NULL),
	(34, '', 'Legal Division', NULL, NULL, NULL, NULL),
	(36, 'LD', 'Legal Division', '2018-07-25 05:06:09', '2018-07-25 05:06:09', 2, NULL),
	(37, NULL, 'Commission Secretariat', NULL, NULL, NULL, NULL),
	(38, NULL, 'Legal Services Division', NULL, NULL, NULL, NULL);
/*!40000 ALTER TABLE `pms_divisions` ENABLE KEYS */;

-- Dumping structure for table pccdev.pms_employees
DROP TABLE IF EXISTS `pms_employees`;
CREATE TABLE IF NOT EXISTS `pms_employees` (
  `id` int(10) unsigned NOT NULL AUTO_INCREMENT,
  `company_id` int(11) DEFAULT NULL,
  `branch_id` int(11) DEFAULT NULL,
  `employee_number` varchar(255) COLLATE utf8mb4_unicode_ci DEFAULT NULL,
  `lastname` varchar(255) COLLATE utf8mb4_unicode_ci DEFAULT NULL,
  `firstname` varchar(255) COLLATE utf8mb4_unicode_ci DEFAULT NULL,
  `middlename` varchar(255) COLLATE utf8mb4_unicode_ci DEFAULT NULL,
  `extension_name` varchar(255) COLLATE utf8mb4_unicode_ci DEFAULT NULL,
  `nickname` varchar(255) COLLATE utf8mb4_unicode_ci DEFAULT NULL,
  `contact_number` varchar(255) COLLATE utf8mb4_unicode_ci DEFAULT NULL,
  `mobile_number` varchar(255) COLLATE utf8mb4_unicode_ci DEFAULT NULL,
  `telephone_number` varchar(255) COLLATE utf8mb4_unicode_ci DEFAULT NULL,
  `birthday` date DEFAULT NULL,
  `birth_place` varchar(255) COLLATE utf8mb4_unicode_ci DEFAULT NULL,
  `email_address` varchar(255) COLLATE utf8mb4_unicode_ci DEFAULT NULL,
  `gender` varchar(255) COLLATE utf8mb4_unicode_ci DEFAULT NULL,
  `civil_status` varchar(255) COLLATE utf8mb4_unicode_ci DEFAULT NULL,
  `citizenship_id` int(11) DEFAULT NULL,
  `citizenship_country_id` int(11) DEFAULT NULL,
  `filipino` tinyint(1) DEFAULT NULL,
  `naturalized` tinyint(1) DEFAULT NULL,
  `height` decimal(4,2) DEFAULT NULL,
  `weight` decimal(4,2) DEFAULT NULL,
  `blood_type` varchar(255) COLLATE utf8mb4_unicode_ci DEFAULT NULL,
  `pagibig` varchar(255) COLLATE utf8mb4_unicode_ci DEFAULT NULL,
  `gsis` varchar(255) COLLATE utf8mb4_unicode_ci DEFAULT NULL,
  `philhealth` varchar(255) COLLATE utf8mb4_unicode_ci NOT NULL,
  `tin` varchar(255) COLLATE utf8mb4_unicode_ci DEFAULT NULL,
  `sss` varchar(255) COLLATE utf8mb4_unicode_ci DEFAULT NULL,
  `govt_issued_id` varchar(255) COLLATE utf8mb4_unicode_ci DEFAULT NULL,
  `govt_issued_id_number` varchar(255) COLLATE utf8mb4_unicode_ci DEFAULT NULL,
  `govt_issued_id_place` varchar(255) COLLATE utf8mb4_unicode_ci DEFAULT NULL,
  `govt_issued_id_date_issued` date DEFAULT NULL,
  `govt_issued_valid_until` date DEFAULT NULL,
  `agency_employee_number` varchar(255) COLLATE utf8mb4_unicode_ci DEFAULT NULL,
  `biometrics` varchar(255) COLLATE utf8mb4_unicode_ci DEFAULT NULL,
  `house_number` varchar(255) COLLATE utf8mb4_unicode_ci DEFAULT NULL,
  `street` varchar(255) COLLATE utf8mb4_unicode_ci DEFAULT NULL,
  `subdivision` varchar(255) COLLATE utf8mb4_unicode_ci DEFAULT NULL,
  `brgy` varchar(255) COLLATE utf8mb4_unicode_ci DEFAULT NULL,
  `city_id` varchar(255) COLLATE utf8mb4_unicode_ci DEFAULT NULL,
  `province_id` varchar(255) COLLATE utf8mb4_unicode_ci DEFAULT NULL,
  `country_id` int(11) DEFAULT NULL,
  `permanent_house_number` varchar(255) COLLATE utf8mb4_unicode_ci DEFAULT NULL,
  `permanent_street` varchar(255) COLLATE utf8mb4_unicode_ci DEFAULT NULL,
  `permanent_subdivision` varchar(255) COLLATE utf8mb4_unicode_ci DEFAULT NULL,
  `permanent_brgy` varchar(255) COLLATE utf8mb4_unicode_ci DEFAULT NULL,
  `permanent_city_id` varchar(255) COLLATE utf8mb4_unicode_ci DEFAULT NULL,
  `permanent_province_id` varchar(255) COLLATE utf8mb4_unicode_ci DEFAULT NULL,
  `permanent_country_id` varchar(255) COLLATE utf8mb4_unicode_ci DEFAULT NULL,
  `permanent_telephone_number` varchar(255) COLLATE utf8mb4_unicode_ci DEFAULT NULL,
  `image_path` varchar(255) COLLATE utf8mb4_unicode_ci DEFAULT NULL,
  `active` int(11) DEFAULT '1',
  `with_setup` int(11) DEFAULT NULL,
  `remarks` varchar(255) COLLATE utf8mb4_unicode_ci DEFAULT NULL,
  `created_by` int(11) NOT NULL,
  `updated_by` int(11) DEFAULT NULL,
  `created_at` timestamp NULL DEFAULT NULL,
  `updated_at` timestamp NULL DEFAULT NULL,
  `deleted_at` timestamp NULL DEFAULT NULL,
  PRIMARY KEY (`id`)
) ENGINE=InnoDB AUTO_INCREMENT=159 DEFAULT CHARSET=utf8mb4 COLLATE=utf8mb4_unicode_ci;

-- Dumping data for table pccdev.pms_employees: ~158 rows (approximately)
/*!40000 ALTER TABLE `pms_employees` DISABLE KEYS */;
INSERT INTO `pms_employees` (`id`, `company_id`, `branch_id`, `employee_number`, `lastname`, `firstname`, `middlename`, `extension_name`, `nickname`, `contact_number`, `mobile_number`, `telephone_number`, `birthday`, `birth_place`, `email_address`, `gender`, `civil_status`, `citizenship_id`, `citizenship_country_id`, `filipino`, `naturalized`, `height`, `weight`, `blood_type`, `pagibig`, `gsis`, `philhealth`, `tin`, `sss`, `govt_issued_id`, `govt_issued_id_number`, `govt_issued_id_place`, `govt_issued_id_date_issued`, `govt_issued_valid_until`, `agency_employee_number`, `biometrics`, `house_number`, `street`, `subdivision`, `brgy`, `city_id`, `province_id`, `country_id`, `permanent_house_number`, `permanent_street`, `permanent_subdivision`, `permanent_brgy`, `permanent_city_id`, `permanent_province_id`, `permanent_country_id`, `permanent_telephone_number`, `image_path`, `active`, `with_setup`, `remarks`, `created_by`, `updated_by`, `created_at`, `updated_at`, `deleted_at`) VALUES
	(1, 2, 1, 'P2016-0001', 'BALISACAN', 'ARSENIO', 'M', NULL, NULL, NULL, NULL, NULL, NULL, NULL, NULL, NULL, NULL, NULL, NULL, NULL, NULL, NULL, NULL, NULL, NULL, NULL, '', '110840836', NULL, NULL, NULL, NULL, NULL, NULL, NULL, NULL, NULL, NULL, NULL, NULL, NULL, NULL, NULL, NULL, NULL, NULL, NULL, NULL, NULL, NULL, NULL, NULL, 0, NULL, NULL, 0, NULL, NULL, NULL, NULL),
	(2, 2, 1, 'P2016-0002', 'BERNABE ', 'JOHANNES BENJAMIN', 'R', NULL, NULL, NULL, NULL, NULL, NULL, NULL, NULL, NULL, NULL, NULL, NULL, NULL, NULL, NULL, NULL, NULL, NULL, NULL, '', '266088131\n', NULL, NULL, NULL, NULL, NULL, NULL, NULL, NULL, NULL, NULL, NULL, NULL, NULL, NULL, NULL, NULL, NULL, NULL, NULL, NULL, NULL, NULL, NULL, NULL, 1, NULL, NULL, 0, NULL, NULL, NULL, NULL),
	(3, 2, 1, 'P2016-0003', 'QUIMBO', 'STELLA LUZ', 'A', NULL, NULL, NULL, NULL, NULL, NULL, NULL, NULL, NULL, NULL, NULL, NULL, NULL, NULL, NULL, NULL, NULL, NULL, NULL, '', '158837559\n', NULL, NULL, NULL, NULL, NULL, NULL, NULL, NULL, NULL, NULL, NULL, NULL, NULL, NULL, NULL, NULL, NULL, NULL, NULL, NULL, NULL, NULL, NULL, NULL, 1, NULL, NULL, 0, NULL, NULL, NULL, NULL),
	(4, 2, 1, 'P2016-0006', 'DEL ROSARIO', 'GARY ', 'Y', NULL, NULL, NULL, NULL, NULL, NULL, NULL, NULL, NULL, NULL, NULL, NULL, NULL, NULL, NULL, NULL, NULL, NULL, NULL, '', '900240446\n', NULL, NULL, NULL, NULL, NULL, NULL, NULL, NULL, NULL, NULL, NULL, NULL, NULL, NULL, NULL, NULL, NULL, NULL, NULL, NULL, NULL, NULL, NULL, NULL, 1, NULL, NULL, 0, NULL, NULL, NULL, NULL),
	(5, 2, 1, 'P2016-0009', 'PEREIRA', 'ANGELITO ', 'D', NULL, NULL, NULL, NULL, NULL, NULL, NULL, NULL, NULL, NULL, NULL, NULL, NULL, NULL, NULL, NULL, NULL, NULL, NULL, '', '\n', NULL, NULL, NULL, NULL, NULL, NULL, NULL, NULL, NULL, NULL, NULL, NULL, NULL, NULL, NULL, NULL, NULL, NULL, NULL, NULL, NULL, NULL, NULL, NULL, 1, NULL, NULL, 0, NULL, NULL, NULL, NULL),
	(6, 2, 1, 'P2016-0010', 'TANATE', 'KENNETH ', 'V', NULL, NULL, NULL, NULL, NULL, NULL, NULL, NULL, NULL, NULL, NULL, NULL, NULL, NULL, NULL, NULL, NULL, NULL, NULL, '', '111785242\n', NULL, NULL, NULL, NULL, NULL, NULL, NULL, NULL, NULL, NULL, NULL, NULL, NULL, NULL, NULL, NULL, NULL, NULL, NULL, NULL, NULL, NULL, NULL, NULL, 1, NULL, NULL, 0, NULL, NULL, NULL, NULL),
	(7, 2, 1, 'P2016-0013', 'BASAS', 'JOSEPH MELVIN ', 'B', NULL, NULL, NULL, NULL, NULL, NULL, NULL, NULL, NULL, NULL, NULL, NULL, NULL, NULL, NULL, NULL, NULL, NULL, NULL, '', '164532771\n', NULL, NULL, NULL, NULL, NULL, NULL, NULL, NULL, NULL, NULL, NULL, NULL, NULL, NULL, NULL, NULL, NULL, NULL, NULL, NULL, NULL, NULL, NULL, NULL, 1, NULL, NULL, 0, NULL, NULL, NULL, NULL),
	(8, 2, 1, 'P2016-0016', 'REDULLA', 'FERDINAND ', 'B', NULL, NULL, NULL, NULL, NULL, NULL, NULL, NULL, NULL, NULL, NULL, NULL, NULL, NULL, NULL, NULL, NULL, NULL, NULL, '', '912963153\n', NULL, NULL, NULL, NULL, NULL, NULL, NULL, NULL, NULL, NULL, NULL, NULL, NULL, NULL, NULL, NULL, NULL, NULL, NULL, NULL, NULL, NULL, NULL, NULL, 1, NULL, NULL, 0, NULL, NULL, NULL, NULL),
	(9, 2, 1, 'P2016-0017', 'UY', 'KRYSTAL LYN', 'TAN', 'N/A', NULL, NULL, NULL, NULL, NULL, NULL, NULL, NULL, NULL, NULL, NULL, NULL, NULL, NULL, NULL, NULL, NULL, NULL, '', '211774666', NULL, NULL, NULL, NULL, NULL, NULL, NULL, NULL, NULL, NULL, NULL, NULL, NULL, NULL, NULL, NULL, NULL, NULL, NULL, NULL, NULL, NULL, NULL, NULL, 0, NULL, NULL, 0, NULL, NULL, NULL, NULL),
	(10, 2, 1, 'P2016-0018', 'RADOC', 'BENJAMIN  ', 'E', NULL, NULL, NULL, NULL, NULL, NULL, NULL, NULL, NULL, NULL, NULL, NULL, NULL, NULL, NULL, NULL, NULL, NULL, NULL, '', '907121177\n', NULL, NULL, NULL, NULL, NULL, NULL, NULL, NULL, NULL, NULL, NULL, NULL, NULL, NULL, NULL, NULL, NULL, NULL, NULL, NULL, NULL, NULL, NULL, NULL, 1, NULL, NULL, 0, NULL, NULL, NULL, NULL),
	(11, 2, 1, 'P2016-0019', 'SANTOS', 'CHARISSA', 'D', NULL, NULL, NULL, NULL, NULL, NULL, NULL, NULL, NULL, NULL, NULL, NULL, NULL, NULL, NULL, NULL, NULL, NULL, NULL, '', '452277480', NULL, NULL, NULL, NULL, NULL, NULL, NULL, NULL, NULL, NULL, NULL, NULL, NULL, NULL, NULL, NULL, NULL, NULL, NULL, NULL, NULL, NULL, NULL, NULL, 0, NULL, NULL, 0, NULL, NULL, NULL, NULL),
	(12, 2, 1, 'P2016-0021', 'NABO', 'JENNIFER', 'L', NULL, NULL, NULL, NULL, NULL, NULL, NULL, NULL, NULL, NULL, NULL, NULL, NULL, NULL, NULL, NULL, NULL, NULL, NULL, '', '213256282', NULL, NULL, NULL, NULL, NULL, NULL, NULL, NULL, NULL, NULL, NULL, NULL, NULL, NULL, NULL, NULL, NULL, NULL, NULL, NULL, NULL, NULL, NULL, NULL, 0, NULL, NULL, 0, NULL, NULL, NULL, NULL),
	(13, 2, 1, 'P2016-0022', 'ADRIANO', 'AMOS MIKHAIL', 'S', NULL, NULL, NULL, NULL, NULL, NULL, NULL, NULL, NULL, NULL, NULL, NULL, NULL, NULL, NULL, NULL, NULL, NULL, NULL, '', '162888187\n', NULL, NULL, NULL, NULL, NULL, NULL, NULL, NULL, NULL, NULL, NULL, NULL, NULL, NULL, NULL, NULL, NULL, NULL, NULL, NULL, NULL, NULL, NULL, NULL, 1, NULL, NULL, 0, NULL, NULL, NULL, NULL),
	(14, 2, 1, 'P2016-0023', 'DIMARUCUT', 'RICO ', 'M', NULL, NULL, NULL, NULL, NULL, NULL, NULL, NULL, NULL, NULL, NULL, NULL, NULL, NULL, NULL, NULL, NULL, NULL, NULL, '', '491890151\n', NULL, NULL, NULL, NULL, NULL, NULL, NULL, NULL, NULL, NULL, NULL, NULL, NULL, NULL, NULL, NULL, NULL, NULL, NULL, NULL, NULL, NULL, NULL, NULL, 1, NULL, NULL, 0, NULL, NULL, NULL, NULL),
	(15, 2, 1, 'P2016-0024', 'DELA TORRE', 'JESON', 'Q', NULL, NULL, NULL, NULL, NULL, NULL, NULL, NULL, NULL, NULL, NULL, NULL, NULL, NULL, NULL, NULL, NULL, NULL, NULL, '', '923346394', NULL, NULL, NULL, NULL, NULL, NULL, NULL, NULL, NULL, NULL, NULL, NULL, NULL, NULL, NULL, NULL, NULL, NULL, NULL, NULL, NULL, NULL, NULL, NULL, 0, NULL, NULL, 0, NULL, NULL, NULL, NULL),
	(16, 2, 1, 'P2016-0026', 'BUCCAT', 'HONORIO', 'GAMILO', 'JR.', NULL, NULL, NULL, NULL, NULL, NULL, NULL, NULL, NULL, NULL, NULL, NULL, NULL, NULL, NULL, NULL, NULL, NULL, '', '302760343', NULL, NULL, NULL, NULL, NULL, NULL, NULL, NULL, NULL, NULL, NULL, NULL, NULL, NULL, NULL, NULL, NULL, NULL, NULL, NULL, NULL, NULL, NULL, NULL, 0, NULL, NULL, 0, NULL, NULL, NULL, NULL),
	(17, 2, 1, 'P2016-0027', 'CASTILLO', 'ALYSSA CARMELLI', 'P', NULL, NULL, NULL, NULL, NULL, NULL, NULL, NULL, NULL, NULL, NULL, NULL, NULL, NULL, NULL, NULL, NULL, NULL, NULL, '', '414469484', NULL, NULL, NULL, NULL, NULL, NULL, NULL, NULL, NULL, NULL, NULL, NULL, NULL, NULL, NULL, NULL, NULL, NULL, NULL, NULL, NULL, NULL, NULL, NULL, 0, NULL, NULL, 0, NULL, NULL, NULL, NULL),
	(18, 2, 1, 'P2016-0029', 'CABILLAN', 'ARVIN', 'GO-ACO', NULL, NULL, NULL, NULL, NULL, NULL, NULL, NULL, NULL, NULL, NULL, NULL, NULL, NULL, NULL, NULL, NULL, NULL, NULL, '', '416874772', NULL, NULL, NULL, NULL, NULL, NULL, NULL, NULL, NULL, NULL, NULL, NULL, NULL, NULL, NULL, NULL, NULL, NULL, NULL, NULL, NULL, NULL, NULL, NULL, 0, NULL, NULL, 0, NULL, NULL, NULL, NULL),
	(19, 2, 1, 'P2016-0031', 'DELFIN', 'ESTELLE MARIELLE', 'F', NULL, NULL, NULL, NULL, NULL, NULL, NULL, NULL, NULL, NULL, NULL, NULL, NULL, NULL, NULL, NULL, NULL, NULL, NULL, '', '426980539', NULL, NULL, NULL, NULL, NULL, NULL, NULL, NULL, NULL, NULL, NULL, NULL, NULL, NULL, NULL, NULL, NULL, NULL, NULL, NULL, NULL, NULL, NULL, NULL, 0, NULL, NULL, 0, NULL, NULL, NULL, NULL),
	(20, 2, 1, 'P2016-0033', 'PERLAS', 'RAINIER ', 'M', NULL, NULL, NULL, NULL, NULL, NULL, NULL, NULL, NULL, NULL, NULL, NULL, NULL, NULL, NULL, NULL, NULL, NULL, NULL, '', '304014664\n', NULL, NULL, NULL, NULL, NULL, NULL, NULL, NULL, NULL, NULL, NULL, NULL, NULL, NULL, NULL, NULL, NULL, NULL, NULL, NULL, NULL, NULL, NULL, NULL, 1, NULL, NULL, 0, NULL, NULL, NULL, NULL),
	(21, 2, 1, 'P2016-0034', 'LUCENA', 'PAUL ANDREW ', 'F', NULL, NULL, NULL, NULL, NULL, NULL, NULL, NULL, NULL, NULL, NULL, NULL, NULL, NULL, NULL, NULL, NULL, NULL, NULL, '', '402471619\n', NULL, NULL, NULL, NULL, NULL, NULL, NULL, NULL, NULL, NULL, NULL, NULL, NULL, NULL, NULL, NULL, NULL, NULL, NULL, NULL, NULL, NULL, NULL, NULL, 1, NULL, NULL, 0, NULL, NULL, NULL, NULL),
	(22, 2, 1, 'P2016-0035', 'PRADO', 'SHANTI AUBREN ', 'T', NULL, NULL, NULL, NULL, NULL, NULL, NULL, NULL, NULL, NULL, NULL, NULL, NULL, NULL, NULL, NULL, NULL, NULL, NULL, '', '423140876\n', NULL, NULL, NULL, NULL, NULL, NULL, NULL, NULL, NULL, NULL, NULL, NULL, NULL, NULL, NULL, NULL, NULL, NULL, NULL, NULL, NULL, NULL, NULL, NULL, 1, NULL, NULL, 0, NULL, NULL, NULL, NULL),
	(23, 2, 1, 'P2016-0036', 'BAUTISTA', 'ANTONIA LYNNELY', 'L', NULL, NULL, NULL, NULL, NULL, NULL, NULL, NULL, NULL, NULL, NULL, NULL, NULL, NULL, NULL, NULL, NULL, NULL, NULL, '', '126946151', NULL, NULL, NULL, NULL, NULL, NULL, NULL, NULL, NULL, NULL, NULL, NULL, NULL, NULL, NULL, NULL, NULL, NULL, NULL, NULL, NULL, NULL, NULL, NULL, 0, NULL, NULL, 0, NULL, NULL, NULL, NULL),
	(24, 2, 1, 'P2016-0038', 'POLINAR', 'ORLANDO', 'P', NULL, NULL, NULL, NULL, NULL, NULL, NULL, NULL, NULL, NULL, NULL, NULL, NULL, NULL, NULL, NULL, NULL, NULL, NULL, '', '154825778\n', NULL, NULL, NULL, NULL, NULL, NULL, NULL, NULL, NULL, NULL, NULL, NULL, NULL, NULL, NULL, NULL, NULL, NULL, NULL, NULL, NULL, NULL, NULL, NULL, 1, NULL, NULL, 0, NULL, NULL, NULL, NULL),
	(25, 2, 1, 'P2016-0040', 'POLIDO', 'MA. LOURDES', 'C', NULL, NULL, NULL, NULL, NULL, NULL, NULL, NULL, NULL, NULL, NULL, NULL, NULL, NULL, NULL, NULL, NULL, NULL, NULL, '', '218801600', NULL, NULL, NULL, NULL, NULL, NULL, NULL, NULL, NULL, NULL, NULL, NULL, NULL, NULL, NULL, NULL, NULL, NULL, NULL, NULL, NULL, NULL, NULL, NULL, 0, NULL, NULL, 0, NULL, NULL, NULL, NULL),
	(26, 2, 1, 'P2016-0041', 'LOGOC', 'RAMON ', 'P', NULL, NULL, NULL, NULL, NULL, NULL, NULL, NULL, NULL, NULL, NULL, NULL, NULL, NULL, NULL, NULL, NULL, NULL, NULL, '', '236912489\n', NULL, NULL, NULL, NULL, NULL, NULL, NULL, NULL, NULL, NULL, NULL, NULL, NULL, NULL, NULL, NULL, NULL, NULL, NULL, NULL, NULL, NULL, NULL, NULL, 1, NULL, NULL, 0, NULL, NULL, NULL, NULL),
	(27, 2, 1, 'P2016-0042', 'PAGUIA', 'FERDINAND ', 'L', NULL, NULL, NULL, NULL, NULL, NULL, NULL, NULL, NULL, NULL, NULL, NULL, NULL, NULL, NULL, NULL, NULL, NULL, NULL, '', '916289197\n', NULL, NULL, NULL, NULL, NULL, NULL, NULL, NULL, NULL, NULL, NULL, NULL, NULL, NULL, NULL, NULL, NULL, NULL, NULL, NULL, NULL, NULL, NULL, NULL, 1, NULL, NULL, 0, NULL, NULL, NULL, NULL),
	(28, 2, 1, 'P2016-0043', 'ELVIÃ‘A ', 'JESSMOND ', 'A', NULL, NULL, NULL, NULL, NULL, NULL, NULL, NULL, NULL, NULL, NULL, NULL, NULL, NULL, NULL, NULL, NULL, NULL, NULL, '', '439288280\n', NULL, NULL, NULL, NULL, NULL, NULL, NULL, NULL, NULL, NULL, NULL, NULL, NULL, NULL, NULL, NULL, NULL, NULL, NULL, NULL, NULL, NULL, NULL, NULL, 1, NULL, NULL, 0, NULL, NULL, NULL, NULL),
	(29, 2, 1, 'P2016-0044', 'BALDOS', 'KATHERINE ANN', 'C', NULL, NULL, NULL, NULL, NULL, NULL, NULL, NULL, NULL, NULL, NULL, NULL, NULL, NULL, NULL, NULL, NULL, NULL, NULL, '', '171100465', NULL, NULL, NULL, NULL, NULL, NULL, NULL, NULL, NULL, NULL, NULL, NULL, NULL, NULL, NULL, NULL, NULL, NULL, NULL, NULL, NULL, NULL, NULL, NULL, 0, NULL, NULL, 0, NULL, NULL, NULL, NULL),
	(30, 2, 1, 'P2016-0045', 'LAUDENCIA', 'LENET  ', 'D', NULL, NULL, NULL, NULL, NULL, NULL, NULL, NULL, NULL, NULL, NULL, NULL, NULL, NULL, NULL, NULL, NULL, NULL, NULL, '', '111782290\n', NULL, NULL, NULL, NULL, NULL, NULL, NULL, NULL, NULL, NULL, NULL, NULL, NULL, NULL, NULL, NULL, NULL, NULL, NULL, NULL, NULL, NULL, NULL, NULL, 1, NULL, NULL, 0, NULL, NULL, NULL, NULL),
	(31, 2, 1, 'P2016-0046', 'TORRIJOS', 'MA. MERCEDES LEANNE ANTONIA ', 'B', NULL, NULL, NULL, NULL, NULL, NULL, NULL, NULL, NULL, NULL, NULL, NULL, NULL, NULL, NULL, NULL, NULL, NULL, NULL, '', '442814879\n', NULL, NULL, NULL, NULL, NULL, NULL, NULL, NULL, NULL, NULL, NULL, NULL, NULL, NULL, NULL, NULL, NULL, NULL, NULL, NULL, NULL, NULL, NULL, NULL, 1, NULL, NULL, 0, NULL, NULL, NULL, NULL),
	(32, 2, 1, 'P2016-0047', 'ENDOZO', 'PENELOPE IOLE ', 'P', NULL, NULL, NULL, NULL, NULL, NULL, NULL, NULL, NULL, NULL, NULL, NULL, NULL, NULL, NULL, NULL, NULL, NULL, NULL, '', '263142992\n', NULL, NULL, NULL, NULL, NULL, NULL, NULL, NULL, NULL, NULL, NULL, NULL, NULL, NULL, NULL, NULL, NULL, NULL, NULL, NULL, NULL, NULL, NULL, NULL, 1, NULL, NULL, 0, NULL, NULL, NULL, NULL),
	(33, 2, 1, 'P2016-0048', 'LESIGUES', 'AMY', 'A', NULL, NULL, NULL, NULL, NULL, NULL, NULL, NULL, NULL, NULL, NULL, NULL, NULL, NULL, NULL, NULL, NULL, NULL, NULL, '', '231098039\n', NULL, NULL, NULL, NULL, NULL, NULL, NULL, NULL, NULL, NULL, NULL, NULL, NULL, NULL, NULL, NULL, NULL, NULL, NULL, NULL, NULL, NULL, NULL, NULL, 1, NULL, NULL, 0, NULL, NULL, NULL, NULL),
	(34, 2, 1, 'P2016-0049', 'MEDINA', 'LIANNE IVY', 'PASCUA', NULL, NULL, NULL, NULL, NULL, NULL, NULL, NULL, NULL, NULL, NULL, NULL, NULL, NULL, NULL, NULL, NULL, NULL, NULL, '', '285671817', NULL, NULL, NULL, NULL, NULL, NULL, NULL, NULL, NULL, NULL, NULL, NULL, NULL, NULL, NULL, NULL, NULL, NULL, NULL, NULL, NULL, NULL, NULL, NULL, 0, NULL, NULL, 0, NULL, NULL, NULL, NULL),
	(35, 2, 1, 'P2016-0050', 'SOMORAY', 'RAUL ', 'P', NULL, NULL, NULL, NULL, NULL, NULL, NULL, NULL, NULL, NULL, NULL, NULL, NULL, NULL, NULL, NULL, NULL, NULL, NULL, '', '\n', NULL, NULL, NULL, NULL, NULL, NULL, NULL, NULL, NULL, NULL, NULL, NULL, NULL, NULL, NULL, NULL, NULL, NULL, NULL, NULL, NULL, NULL, NULL, NULL, 1, NULL, NULL, 0, NULL, NULL, NULL, NULL),
	(36, 2, 1, 'P2016-0051', 'DELOS SANTOS', 'CHRISTIAN LOREN ', 'B', NULL, NULL, NULL, NULL, NULL, NULL, NULL, NULL, NULL, NULL, NULL, NULL, NULL, NULL, NULL, NULL, NULL, NULL, NULL, '', '306835707\n', NULL, NULL, NULL, NULL, NULL, NULL, NULL, NULL, NULL, NULL, NULL, NULL, NULL, NULL, NULL, NULL, NULL, NULL, NULL, NULL, NULL, NULL, NULL, NULL, 1, NULL, NULL, 0, NULL, NULL, NULL, NULL),
	(37, 2, 1, 'P2016-0052', 'CALANTOC', 'JANETH', 'M', NULL, NULL, NULL, NULL, NULL, NULL, NULL, NULL, NULL, NULL, NULL, NULL, NULL, NULL, NULL, NULL, NULL, NULL, NULL, '', '254906367', NULL, NULL, NULL, NULL, NULL, NULL, NULL, NULL, NULL, NULL, NULL, NULL, NULL, NULL, NULL, NULL, NULL, NULL, NULL, NULL, NULL, NULL, NULL, NULL, 0, NULL, NULL, 0, NULL, NULL, NULL, NULL),
	(38, 2, 1, 'P2016-0053', 'GOMEZ', 'LEA  ', 'C', NULL, NULL, NULL, NULL, NULL, NULL, NULL, NULL, NULL, NULL, NULL, NULL, NULL, NULL, NULL, NULL, NULL, NULL, NULL, '', '301434773\n', NULL, NULL, NULL, NULL, NULL, NULL, NULL, NULL, NULL, NULL, NULL, NULL, NULL, NULL, NULL, NULL, NULL, NULL, NULL, NULL, NULL, NULL, NULL, NULL, 1, NULL, NULL, 0, NULL, NULL, NULL, NULL),
	(39, 2, 1, 'P2016-0054', 'ECHAGUE', 'CAMILLE RAE', 'GAPERO', NULL, NULL, NULL, NULL, NULL, NULL, NULL, NULL, NULL, NULL, NULL, NULL, NULL, NULL, NULL, NULL, NULL, NULL, NULL, '', '456527322', NULL, NULL, NULL, NULL, NULL, NULL, NULL, NULL, NULL, NULL, NULL, NULL, NULL, NULL, NULL, NULL, NULL, NULL, NULL, NULL, NULL, NULL, NULL, NULL, 0, NULL, NULL, 0, NULL, NULL, NULL, NULL),
	(40, 2, 1, 'P2016-0055', 'DIAZ', 'GARRY ', 'A', NULL, NULL, NULL, NULL, NULL, NULL, NULL, NULL, NULL, NULL, NULL, NULL, NULL, NULL, NULL, NULL, NULL, NULL, NULL, '', '306020791\n', NULL, NULL, NULL, NULL, NULL, NULL, NULL, NULL, NULL, NULL, NULL, NULL, NULL, NULL, NULL, NULL, NULL, NULL, NULL, NULL, NULL, NULL, NULL, NULL, 1, NULL, NULL, 0, NULL, NULL, NULL, NULL),
	(41, 2, 1, 'P2016-0056', 'CAMACHO', 'GIANFRANCIS', 'S', NULL, NULL, NULL, NULL, NULL, NULL, NULL, NULL, NULL, NULL, NULL, NULL, NULL, NULL, NULL, NULL, NULL, NULL, NULL, '', '314075535', NULL, NULL, NULL, NULL, NULL, NULL, NULL, NULL, NULL, NULL, NULL, NULL, NULL, NULL, NULL, NULL, NULL, NULL, NULL, NULL, NULL, NULL, NULL, NULL, 0, NULL, NULL, 0, NULL, NULL, NULL, NULL),
	(42, 2, 1, 'P2016-0057', 'DELA CRUZ', 'KIRSTEN ', 'J', NULL, NULL, NULL, NULL, NULL, NULL, NULL, NULL, NULL, NULL, NULL, NULL, NULL, NULL, NULL, NULL, NULL, NULL, NULL, '', '314807930\n', NULL, NULL, NULL, NULL, NULL, NULL, NULL, NULL, NULL, NULL, NULL, NULL, NULL, NULL, NULL, NULL, NULL, NULL, NULL, NULL, NULL, NULL, NULL, NULL, 1, NULL, NULL, 0, NULL, NULL, NULL, NULL),
	(43, 2, 1, 'P2016-0058', 'GOROSIN', 'LEANNE CROISETTE ', 'N', NULL, NULL, NULL, NULL, NULL, NULL, NULL, NULL, NULL, NULL, NULL, NULL, NULL, NULL, NULL, NULL, NULL, NULL, NULL, '', '455386815\n', NULL, NULL, NULL, NULL, NULL, NULL, NULL, NULL, NULL, NULL, NULL, NULL, NULL, NULL, NULL, NULL, NULL, NULL, NULL, NULL, NULL, NULL, NULL, NULL, 1, NULL, NULL, 0, NULL, NULL, NULL, NULL),
	(44, 2, 1, 'P2016-0059', 'ARBO', 'MA. ADELLE GIA', 'T', NULL, NULL, NULL, NULL, NULL, NULL, NULL, NULL, NULL, NULL, NULL, NULL, NULL, NULL, NULL, NULL, NULL, NULL, NULL, '', '331722032', NULL, NULL, NULL, NULL, NULL, NULL, NULL, NULL, NULL, NULL, NULL, NULL, NULL, NULL, NULL, NULL, NULL, NULL, NULL, NULL, NULL, NULL, NULL, NULL, 0, NULL, NULL, 0, NULL, NULL, NULL, NULL),
	(45, 2, 1, 'P2016-0060', 'PALILEO', 'ANYA ', 'M', NULL, NULL, NULL, NULL, NULL, NULL, NULL, NULL, NULL, NULL, NULL, NULL, NULL, NULL, NULL, NULL, NULL, NULL, NULL, '', '230740134\n', NULL, NULL, NULL, NULL, NULL, NULL, NULL, NULL, NULL, NULL, NULL, NULL, NULL, NULL, NULL, NULL, NULL, NULL, NULL, NULL, NULL, NULL, NULL, NULL, 1, NULL, NULL, 0, NULL, NULL, NULL, NULL),
	(46, 2, 1, 'P2016-0061', 'TOLENTINO ', 'CARLOS ', 'L', 'II', NULL, NULL, NULL, NULL, NULL, NULL, NULL, NULL, NULL, NULL, NULL, NULL, NULL, NULL, NULL, NULL, NULL, NULL, '', '407988643\n', NULL, NULL, NULL, NULL, NULL, NULL, NULL, NULL, NULL, NULL, NULL, NULL, NULL, NULL, NULL, NULL, NULL, NULL, NULL, NULL, NULL, NULL, NULL, NULL, 1, NULL, NULL, 0, NULL, NULL, NULL, NULL),
	(47, 2, 1, 'P2016-0062', 'ARCILLA', 'JUAN ANTONIO ', 'E', NULL, NULL, NULL, NULL, NULL, NULL, NULL, NULL, NULL, NULL, NULL, NULL, NULL, NULL, NULL, NULL, NULL, NULL, NULL, '', '212039990\n', NULL, NULL, NULL, NULL, NULL, NULL, NULL, NULL, NULL, NULL, NULL, NULL, NULL, NULL, NULL, NULL, NULL, NULL, NULL, NULL, NULL, NULL, NULL, NULL, 1, NULL, NULL, 0, NULL, NULL, NULL, NULL),
	(48, 2, 1, 'P2016-0064', 'ESCUETA', 'CHARMAINE JOY', NULL, NULL, NULL, NULL, NULL, NULL, NULL, NULL, NULL, NULL, NULL, NULL, NULL, NULL, NULL, NULL, NULL, NULL, NULL, NULL, '', '260680947\n', NULL, NULL, NULL, NULL, NULL, NULL, NULL, NULL, NULL, NULL, NULL, NULL, NULL, NULL, NULL, NULL, NULL, NULL, NULL, NULL, NULL, NULL, NULL, NULL, 1, NULL, NULL, 0, NULL, NULL, NULL, NULL),
	(49, 2, 1, 'P2016-0065', 'QUIDEM', 'LEIANA JOY', 'UNTALAN', NULL, NULL, NULL, NULL, NULL, NULL, NULL, NULL, NULL, NULL, NULL, NULL, NULL, NULL, NULL, NULL, NULL, NULL, NULL, '', '263261172', NULL, NULL, NULL, NULL, NULL, NULL, NULL, NULL, NULL, NULL, NULL, NULL, NULL, NULL, NULL, NULL, NULL, NULL, NULL, NULL, NULL, NULL, NULL, NULL, 0, NULL, NULL, 0, NULL, NULL, NULL, NULL),
	(50, 2, 1, 'P2016-0066', 'ALMIN', 'WYNONA  ', 'R', NULL, NULL, NULL, NULL, NULL, NULL, NULL, NULL, NULL, NULL, NULL, NULL, NULL, NULL, NULL, NULL, NULL, NULL, NULL, '', '147931865\n', NULL, NULL, NULL, NULL, NULL, NULL, NULL, NULL, NULL, NULL, NULL, NULL, NULL, NULL, NULL, NULL, NULL, NULL, NULL, NULL, NULL, NULL, NULL, NULL, 1, NULL, NULL, 0, NULL, NULL, NULL, NULL),
	(51, 2, 1, 'P2016-0068', 'DAQUIS', 'CIARA MAY  ', 'R', NULL, NULL, NULL, NULL, NULL, NULL, NULL, NULL, NULL, NULL, NULL, NULL, NULL, NULL, NULL, NULL, NULL, NULL, NULL, '', '\n', NULL, NULL, NULL, NULL, NULL, NULL, NULL, NULL, NULL, NULL, NULL, NULL, NULL, NULL, NULL, NULL, NULL, NULL, NULL, NULL, NULL, NULL, NULL, NULL, 1, NULL, NULL, 0, NULL, NULL, NULL, NULL),
	(52, 2, 1, 'P2016-0070', 'LATINAZO', 'CARA GABRIELLE', 'T', NULL, NULL, NULL, NULL, NULL, NULL, NULL, NULL, NULL, NULL, NULL, NULL, NULL, NULL, NULL, NULL, NULL, NULL, NULL, '', '483022480', NULL, NULL, NULL, NULL, NULL, NULL, NULL, NULL, NULL, NULL, NULL, NULL, NULL, NULL, NULL, NULL, NULL, NULL, NULL, NULL, NULL, NULL, NULL, NULL, 0, NULL, NULL, 0, NULL, NULL, NULL, NULL),
	(53, 2, 1, 'P2016-0071', 'AQUINO', 'CAROLYN ', 'V', NULL, NULL, NULL, NULL, NULL, NULL, NULL, NULL, NULL, NULL, NULL, NULL, NULL, NULL, NULL, NULL, NULL, NULL, NULL, '', '111781617\n', NULL, NULL, NULL, NULL, NULL, NULL, NULL, NULL, NULL, NULL, NULL, NULL, NULL, NULL, NULL, NULL, NULL, NULL, NULL, NULL, NULL, NULL, NULL, NULL, 1, NULL, NULL, 0, NULL, NULL, NULL, NULL),
	(54, 2, 1, 'P2016-0072', 'GARAY', 'CHERRY PIE', 'M', NULL, NULL, NULL, NULL, NULL, NULL, NULL, NULL, NULL, NULL, NULL, NULL, NULL, NULL, NULL, NULL, NULL, NULL, NULL, '', '915393825', NULL, NULL, NULL, NULL, NULL, NULL, NULL, NULL, NULL, NULL, NULL, NULL, NULL, NULL, NULL, NULL, NULL, NULL, NULL, NULL, NULL, NULL, NULL, NULL, 0, NULL, NULL, 0, NULL, NULL, NULL, NULL),
	(55, 2, 1, 'P2016-0073', 'GIRON', 'FLERIDA', 'JUMAQUIO', NULL, NULL, NULL, NULL, NULL, NULL, NULL, NULL, NULL, NULL, NULL, NULL, NULL, NULL, NULL, NULL, NULL, NULL, NULL, '', '203006986', NULL, NULL, NULL, NULL, NULL, NULL, NULL, NULL, NULL, NULL, NULL, NULL, NULL, NULL, NULL, NULL, NULL, NULL, NULL, NULL, NULL, NULL, NULL, NULL, 0, NULL, NULL, 0, NULL, NULL, NULL, NULL),
	(56, 2, 1, 'P2016-0074', 'DONATO', 'JAMES DANIEL ', 'S', NULL, NULL, NULL, NULL, NULL, NULL, NULL, NULL, NULL, NULL, NULL, NULL, NULL, NULL, NULL, NULL, NULL, NULL, NULL, '', '216997168\n', NULL, NULL, NULL, NULL, NULL, NULL, NULL, NULL, NULL, NULL, NULL, NULL, NULL, NULL, NULL, NULL, NULL, NULL, NULL, NULL, NULL, NULL, NULL, NULL, 1, NULL, NULL, 0, NULL, NULL, NULL, NULL),
	(57, 2, 1, 'P2016-0075', 'BALLENTOS', 'PAUL JEFFREY', 'M', NULL, NULL, NULL, NULL, NULL, NULL, NULL, NULL, NULL, NULL, NULL, NULL, NULL, NULL, NULL, NULL, NULL, NULL, NULL, '', '489344554', NULL, NULL, NULL, NULL, NULL, NULL, NULL, NULL, NULL, NULL, NULL, NULL, NULL, NULL, NULL, NULL, NULL, NULL, NULL, NULL, NULL, NULL, NULL, NULL, 0, NULL, NULL, 0, NULL, NULL, NULL, NULL),
	(58, 2, 1, 'P2016-0078', 'FAJUTNAO', 'MARK JAYSON ', 'R', NULL, NULL, NULL, NULL, NULL, NULL, NULL, NULL, NULL, NULL, NULL, NULL, NULL, NULL, NULL, NULL, NULL, NULL, NULL, '', '500213281\n', NULL, NULL, NULL, NULL, NULL, NULL, NULL, NULL, NULL, NULL, NULL, NULL, NULL, NULL, NULL, NULL, NULL, NULL, NULL, NULL, NULL, NULL, NULL, NULL, 1, NULL, NULL, 0, NULL, NULL, NULL, NULL),
	(59, 2, 1, 'P2016-0079', 'IGNACIO', 'GRETCHEN', 'M', NULL, NULL, NULL, NULL, NULL, NULL, NULL, NULL, NULL, NULL, NULL, NULL, NULL, NULL, NULL, NULL, NULL, NULL, NULL, '', '284134201', NULL, NULL, NULL, NULL, NULL, NULL, NULL, NULL, NULL, NULL, NULL, NULL, NULL, NULL, NULL, NULL, NULL, NULL, NULL, NULL, NULL, NULL, NULL, NULL, 0, NULL, NULL, 0, NULL, NULL, NULL, NULL),
	(60, 2, 1, 'P2016-0082', 'BAMBAO', 'MERRY LYN  ', 'V', NULL, NULL, NULL, NULL, NULL, NULL, NULL, NULL, NULL, NULL, NULL, NULL, NULL, NULL, NULL, NULL, NULL, NULL, NULL, '', '294458620\n', NULL, NULL, NULL, NULL, NULL, NULL, NULL, NULL, NULL, NULL, NULL, NULL, NULL, NULL, NULL, NULL, NULL, NULL, NULL, NULL, NULL, NULL, NULL, NULL, 1, NULL, NULL, 0, NULL, NULL, NULL, NULL),
	(61, 2, 1, 'P2016-0083', 'EVARISTO', 'RIMEL', 'DIZON', NULL, NULL, NULL, NULL, NULL, NULL, NULL, NULL, NULL, NULL, NULL, NULL, NULL, NULL, NULL, NULL, NULL, NULL, NULL, '', '184292665', NULL, NULL, NULL, NULL, NULL, NULL, NULL, NULL, NULL, NULL, NULL, NULL, NULL, NULL, NULL, NULL, NULL, NULL, NULL, NULL, NULL, NULL, NULL, NULL, 0, NULL, NULL, 0, NULL, NULL, NULL, NULL),
	(62, 2, 1, 'P2017-0085', 'DE VERA', 'JANINE ', 'P', NULL, NULL, NULL, NULL, NULL, NULL, NULL, NULL, NULL, NULL, NULL, NULL, NULL, NULL, NULL, NULL, NULL, NULL, NULL, '', '\n', NULL, NULL, NULL, NULL, NULL, NULL, NULL, NULL, NULL, NULL, NULL, NULL, NULL, NULL, NULL, NULL, NULL, NULL, NULL, NULL, NULL, NULL, NULL, NULL, 1, NULL, NULL, 0, NULL, NULL, NULL, NULL),
	(63, 2, 1, 'P2017-0087', 'CALLUENG', 'HARVEY', 'REY', NULL, NULL, NULL, NULL, NULL, NULL, NULL, NULL, NULL, NULL, NULL, NULL, NULL, NULL, NULL, NULL, NULL, NULL, NULL, '', '436384476', NULL, NULL, NULL, NULL, NULL, NULL, NULL, NULL, NULL, NULL, NULL, NULL, NULL, NULL, NULL, NULL, NULL, NULL, NULL, NULL, NULL, NULL, NULL, NULL, 0, NULL, NULL, 0, NULL, NULL, NULL, NULL),
	(64, 2, 1, 'P2017-0088', 'NICDAO', 'WARREN PAUL', 'A', 'NA', NULL, NULL, NULL, NULL, NULL, NULL, NULL, NULL, NULL, NULL, NULL, NULL, NULL, NULL, NULL, NULL, NULL, NULL, '', '206638560', NULL, NULL, NULL, NULL, NULL, NULL, NULL, NULL, NULL, NULL, NULL, NULL, NULL, NULL, NULL, NULL, NULL, NULL, NULL, NULL, NULL, NULL, NULL, NULL, 1, NULL, NULL, 0, NULL, NULL, NULL, NULL),
	(65, 2, 1, 'P2017-0090', 'ASUNCION', 'AMABELLE ', 'C', NULL, NULL, NULL, NULL, NULL, NULL, NULL, NULL, NULL, NULL, NULL, NULL, NULL, NULL, NULL, NULL, NULL, NULL, NULL, '', '215793665\n', NULL, NULL, NULL, NULL, NULL, NULL, NULL, NULL, NULL, NULL, NULL, NULL, NULL, NULL, NULL, NULL, NULL, NULL, NULL, NULL, NULL, NULL, NULL, NULL, 1, NULL, NULL, 0, NULL, NULL, NULL, NULL),
	(66, 2, 1, 'P2017-0092', 'ABAÑO', 'ISABELO MIGUEL ', 'V', NULL, NULL, NULL, NULL, NULL, NULL, NULL, NULL, NULL, NULL, NULL, NULL, NULL, NULL, NULL, NULL, NULL, NULL, NULL, '', '438974901\n', NULL, NULL, NULL, NULL, NULL, NULL, NULL, NULL, NULL, NULL, NULL, NULL, NULL, NULL, NULL, NULL, NULL, NULL, NULL, NULL, NULL, NULL, NULL, NULL, 1, NULL, NULL, 0, NULL, NULL, NULL, NULL),
	(67, 2, 1, 'P2017-0093', 'SOLSOLOY', 'MYRTLE GRACE', 'D', NULL, NULL, NULL, NULL, NULL, NULL, NULL, NULL, NULL, NULL, NULL, NULL, NULL, NULL, NULL, NULL, NULL, NULL, NULL, '', '442443668', NULL, NULL, NULL, NULL, NULL, NULL, NULL, NULL, NULL, NULL, NULL, NULL, NULL, NULL, NULL, NULL, NULL, NULL, NULL, NULL, NULL, NULL, NULL, NULL, 0, NULL, NULL, 0, NULL, NULL, NULL, NULL),
	(68, 2, 1, 'P2017-0094', 'HERRERA', 'MICHAEL KRIS BEN', 'TORRES', 'N/A', NULL, NULL, NULL, NULL, NULL, NULL, NULL, NULL, NULL, NULL, NULL, NULL, NULL, NULL, NULL, NULL, NULL, NULL, '', '323219423', NULL, NULL, NULL, NULL, NULL, NULL, NULL, NULL, NULL, NULL, NULL, NULL, NULL, NULL, NULL, NULL, NULL, NULL, NULL, NULL, NULL, NULL, NULL, NULL, 0, NULL, NULL, 0, NULL, NULL, NULL, NULL),
	(69, 2, 1, 'P2017-0095', 'JUSI', 'GENEVIEVE', 'E', NULL, NULL, NULL, NULL, NULL, NULL, NULL, NULL, NULL, NULL, NULL, NULL, NULL, NULL, NULL, NULL, NULL, NULL, NULL, '', '274771435', NULL, NULL, NULL, NULL, NULL, NULL, NULL, NULL, NULL, NULL, NULL, NULL, NULL, NULL, NULL, NULL, NULL, NULL, NULL, NULL, NULL, NULL, NULL, NULL, 0, NULL, NULL, 0, NULL, NULL, NULL, NULL),
	(70, 2, 1, 'P2017-0096', 'MORDENO', 'ALLAN ROY', 'D', NULL, NULL, NULL, NULL, NULL, NULL, NULL, NULL, NULL, NULL, NULL, NULL, NULL, NULL, NULL, NULL, NULL, NULL, NULL, '', '930193463', NULL, NULL, NULL, NULL, NULL, NULL, NULL, NULL, NULL, NULL, NULL, NULL, NULL, NULL, NULL, NULL, NULL, NULL, NULL, NULL, NULL, NULL, NULL, NULL, 0, NULL, NULL, 0, NULL, NULL, NULL, NULL),
	(71, 2, 1, 'P2017-0097', 'BERNAT', 'JOSEPH', 'D', NULL, NULL, NULL, NULL, NULL, NULL, NULL, NULL, NULL, NULL, NULL, NULL, NULL, NULL, NULL, NULL, NULL, NULL, NULL, '', '216588756\n', NULL, NULL, NULL, NULL, NULL, NULL, NULL, NULL, NULL, NULL, NULL, NULL, NULL, NULL, NULL, NULL, NULL, NULL, NULL, NULL, NULL, NULL, NULL, NULL, 1, NULL, NULL, 0, NULL, NULL, NULL, NULL),
	(72, 2, 1, 'P2017-0098', 'SORIANO', 'ANA ABIGAIL ', 'H', NULL, NULL, NULL, NULL, NULL, NULL, NULL, NULL, NULL, NULL, NULL, NULL, NULL, NULL, NULL, NULL, NULL, NULL, NULL, '', '306010715\n', NULL, NULL, NULL, NULL, NULL, NULL, NULL, NULL, NULL, NULL, NULL, NULL, NULL, NULL, NULL, NULL, NULL, NULL, NULL, NULL, NULL, NULL, NULL, NULL, 1, NULL, NULL, 0, NULL, NULL, NULL, NULL),
	(73, 2, 1, 'P2017-0100', 'LEMQUE', 'THERESA  ', 'A', NULL, NULL, NULL, NULL, NULL, NULL, NULL, NULL, NULL, NULL, NULL, NULL, NULL, NULL, NULL, NULL, NULL, NULL, NULL, '', '305435628\n', NULL, NULL, NULL, NULL, NULL, NULL, NULL, NULL, NULL, NULL, NULL, NULL, NULL, NULL, NULL, NULL, NULL, NULL, NULL, NULL, NULL, NULL, NULL, NULL, 1, NULL, NULL, 0, NULL, NULL, NULL, NULL),
	(74, 2, 1, 'P2017-0101', 'ASLANBAIGI', 'KRISTEL CLAUDINE ', 'D', NULL, NULL, NULL, NULL, NULL, NULL, NULL, NULL, NULL, NULL, NULL, NULL, NULL, NULL, NULL, NULL, NULL, NULL, NULL, '', '265927013\n', NULL, NULL, NULL, NULL, NULL, NULL, NULL, NULL, NULL, NULL, NULL, NULL, NULL, NULL, NULL, NULL, NULL, NULL, NULL, NULL, NULL, NULL, NULL, NULL, 1, NULL, NULL, 0, NULL, NULL, NULL, NULL),
	(75, 2, 1, 'P2017-0102', 'MANUEL', 'AISLYNN FABIOLA ', 'G', NULL, NULL, NULL, NULL, NULL, NULL, NULL, NULL, NULL, NULL, NULL, NULL, NULL, NULL, NULL, NULL, NULL, NULL, NULL, '', '319179935\n', NULL, NULL, NULL, NULL, NULL, NULL, NULL, NULL, NULL, NULL, NULL, NULL, NULL, NULL, NULL, NULL, NULL, NULL, NULL, NULL, NULL, NULL, NULL, NULL, 1, NULL, NULL, 0, NULL, NULL, NULL, NULL),
	(76, 2, 1, 'P2017-0103', 'RAVELO', 'JUNEFIL', 'P', 'II', NULL, NULL, NULL, NULL, NULL, NULL, NULL, NULL, NULL, NULL, NULL, NULL, NULL, NULL, NULL, NULL, NULL, NULL, '', '428691377', NULL, NULL, NULL, NULL, NULL, NULL, NULL, NULL, NULL, NULL, NULL, NULL, NULL, NULL, NULL, NULL, NULL, NULL, NULL, NULL, NULL, NULL, NULL, NULL, 0, NULL, NULL, 0, NULL, NULL, NULL, NULL),
	(77, 2, 1, 'P2017-0104', 'RACELIS', 'RUSSELL ', 'N', NULL, NULL, NULL, NULL, NULL, NULL, NULL, NULL, NULL, NULL, NULL, NULL, NULL, NULL, NULL, NULL, NULL, NULL, NULL, '', '444520312\n', NULL, NULL, NULL, NULL, NULL, NULL, NULL, NULL, NULL, NULL, NULL, NULL, NULL, NULL, NULL, NULL, NULL, NULL, NULL, NULL, NULL, NULL, NULL, NULL, 1, NULL, NULL, 0, NULL, NULL, NULL, NULL),
	(78, 2, 1, 'P2017-0105', 'BACASMAS', 'JILL ANGELI ', 'V', NULL, NULL, NULL, NULL, NULL, NULL, NULL, NULL, NULL, NULL, NULL, NULL, NULL, NULL, NULL, NULL, NULL, NULL, NULL, '', '402606990\n', NULL, NULL, NULL, NULL, NULL, NULL, NULL, NULL, NULL, NULL, NULL, NULL, NULL, NULL, NULL, NULL, NULL, NULL, NULL, NULL, NULL, NULL, NULL, NULL, 1, NULL, NULL, 0, NULL, NULL, NULL, NULL),
	(79, 2, 1, 'P2017-0106', 'AGDAMAG', 'JOSEPH GIANCARLO ', 'C', NULL, NULL, NULL, NULL, NULL, NULL, NULL, NULL, NULL, NULL, NULL, NULL, NULL, NULL, NULL, NULL, NULL, NULL, NULL, '', '426646046\n', NULL, NULL, NULL, NULL, NULL, NULL, NULL, NULL, NULL, NULL, NULL, NULL, NULL, NULL, NULL, NULL, NULL, NULL, NULL, NULL, NULL, NULL, NULL, NULL, 1, NULL, NULL, 0, NULL, NULL, NULL, NULL),
	(80, 2, 1, 'P2017-0107', 'PILLARES', 'MA. CONCEPCION', 'G', NULL, NULL, NULL, NULL, NULL, NULL, NULL, NULL, NULL, NULL, NULL, NULL, NULL, NULL, NULL, NULL, NULL, NULL, NULL, '', '260635963', NULL, NULL, NULL, NULL, NULL, NULL, NULL, NULL, NULL, NULL, NULL, NULL, NULL, NULL, NULL, NULL, NULL, NULL, NULL, NULL, NULL, NULL, NULL, NULL, 0, NULL, NULL, 0, NULL, NULL, NULL, NULL),
	(81, 2, 1, 'P2017-0109', 'TOLENTINO', 'INAH GENEVE ', 'R', NULL, NULL, NULL, NULL, NULL, NULL, NULL, NULL, NULL, NULL, NULL, NULL, NULL, NULL, NULL, NULL, NULL, NULL, NULL, '', '313645069\n', NULL, NULL, NULL, NULL, NULL, NULL, NULL, NULL, NULL, NULL, NULL, NULL, NULL, NULL, NULL, NULL, NULL, NULL, NULL, NULL, NULL, NULL, NULL, NULL, 1, NULL, NULL, 0, NULL, NULL, NULL, NULL),
	(82, 2, 1, 'P2017-0110', 'AIDA', 'AKEMI', 'B', NULL, NULL, NULL, NULL, NULL, NULL, NULL, NULL, NULL, NULL, NULL, NULL, NULL, NULL, NULL, NULL, NULL, NULL, NULL, '', '268345698', NULL, NULL, NULL, NULL, NULL, NULL, NULL, NULL, NULL, NULL, NULL, NULL, NULL, NULL, NULL, NULL, NULL, NULL, NULL, NULL, NULL, NULL, NULL, NULL, 0, NULL, NULL, 0, NULL, NULL, NULL, NULL),
	(83, 2, 1, 'P2017-0112', 'DUMAYAS', 'DARYL ', 'F', NULL, NULL, NULL, NULL, NULL, NULL, NULL, NULL, NULL, NULL, NULL, NULL, NULL, NULL, NULL, NULL, NULL, NULL, NULL, '', '463833542\n', NULL, NULL, NULL, NULL, NULL, NULL, NULL, NULL, NULL, NULL, NULL, NULL, NULL, NULL, NULL, NULL, NULL, NULL, NULL, NULL, NULL, NULL, NULL, NULL, 1, NULL, NULL, 0, NULL, NULL, NULL, NULL),
	(84, 2, 1, 'P2017-0114', 'BOSQUE', 'ALVIN', 'URSOLON', NULL, NULL, NULL, NULL, NULL, NULL, NULL, NULL, NULL, NULL, NULL, NULL, NULL, NULL, NULL, NULL, NULL, NULL, NULL, '', '216-588-756-000', NULL, NULL, NULL, NULL, NULL, NULL, NULL, NULL, NULL, NULL, NULL, NULL, NULL, NULL, NULL, NULL, NULL, NULL, NULL, NULL, NULL, NULL, NULL, NULL, 0, NULL, NULL, 0, NULL, NULL, NULL, NULL),
	(85, 2, 1, 'P2017-0115', 'DUMA', 'STEPHEN JOHN ', 'M', NULL, NULL, NULL, NULL, NULL, NULL, NULL, NULL, NULL, NULL, NULL, NULL, NULL, NULL, NULL, NULL, NULL, NULL, NULL, '', '\n', NULL, NULL, NULL, NULL, NULL, NULL, NULL, NULL, NULL, NULL, NULL, NULL, NULL, NULL, NULL, NULL, NULL, NULL, NULL, NULL, NULL, NULL, NULL, NULL, 1, NULL, NULL, 0, NULL, NULL, NULL, NULL),
	(86, 2, 1, 'P2017-0116', 'ABELLA', 'FRANKLIN', 'H', 'JR', NULL, NULL, NULL, NULL, NULL, NULL, NULL, NULL, NULL, NULL, NULL, NULL, NULL, NULL, NULL, NULL, NULL, NULL, '', '918990015', NULL, NULL, NULL, NULL, NULL, NULL, NULL, NULL, NULL, NULL, NULL, NULL, NULL, NULL, NULL, NULL, NULL, NULL, NULL, NULL, NULL, NULL, NULL, NULL, 0, NULL, NULL, 0, NULL, NULL, NULL, NULL),
	(87, 2, 1, 'P2017-0118', 'ADVINCULA', 'RYAN ISRAEL ', 'T', NULL, NULL, NULL, NULL, NULL, NULL, NULL, NULL, NULL, NULL, NULL, NULL, NULL, NULL, NULL, NULL, NULL, NULL, NULL, '', '301812552\n', NULL, NULL, NULL, NULL, NULL, NULL, NULL, NULL, NULL, NULL, NULL, NULL, NULL, NULL, NULL, NULL, NULL, NULL, NULL, NULL, NULL, NULL, NULL, NULL, 1, NULL, NULL, 0, NULL, NULL, NULL, NULL),
	(88, 2, 1, 'P2017-0119', 'CASTILLO', 'KARISSA MARIE', 'V', NULL, NULL, NULL, NULL, NULL, NULL, NULL, NULL, NULL, NULL, NULL, NULL, NULL, NULL, NULL, NULL, NULL, NULL, NULL, '', '330282173', NULL, NULL, NULL, NULL, NULL, NULL, NULL, NULL, NULL, NULL, NULL, NULL, NULL, NULL, NULL, NULL, NULL, NULL, NULL, NULL, NULL, NULL, NULL, NULL, 0, NULL, NULL, 0, NULL, NULL, NULL, NULL),
	(89, 2, 1, 'P2017-0121', 'DIZON', 'MA. CELESTE', 'S', NULL, NULL, NULL, NULL, NULL, NULL, NULL, NULL, NULL, NULL, NULL, NULL, NULL, NULL, NULL, NULL, NULL, NULL, NULL, '', '906138329', NULL, NULL, NULL, NULL, NULL, NULL, NULL, NULL, NULL, NULL, NULL, NULL, NULL, NULL, NULL, NULL, NULL, NULL, NULL, NULL, NULL, NULL, NULL, NULL, 0, NULL, NULL, 0, NULL, NULL, NULL, NULL),
	(90, 2, 1, 'P2017-0123', 'MALABAG', 'MARIE JOSEPHINE ANNE', 'MAMARADLO', NULL, NULL, NULL, NULL, NULL, NULL, NULL, NULL, NULL, NULL, NULL, NULL, NULL, NULL, NULL, NULL, NULL, NULL, NULL, '', '419068134', NULL, NULL, NULL, NULL, NULL, NULL, NULL, NULL, NULL, NULL, NULL, NULL, NULL, NULL, NULL, NULL, NULL, NULL, NULL, NULL, NULL, NULL, NULL, NULL, 0, NULL, NULL, 0, NULL, NULL, NULL, NULL),
	(91, 2, 1, 'P2017-0125', 'SUING', 'JULY ', 'R', NULL, NULL, NULL, NULL, NULL, NULL, NULL, NULL, NULL, NULL, NULL, NULL, NULL, NULL, NULL, NULL, NULL, NULL, NULL, '', '297864503\n', NULL, NULL, NULL, NULL, NULL, NULL, NULL, NULL, NULL, NULL, NULL, NULL, NULL, NULL, NULL, NULL, NULL, NULL, NULL, NULL, NULL, NULL, NULL, NULL, 1, NULL, NULL, 0, NULL, NULL, NULL, NULL),
	(92, 2, 1, 'P2017-0127', 'MANALO', 'JUANITO ', 'R', NULL, NULL, NULL, NULL, NULL, NULL, NULL, NULL, NULL, NULL, NULL, NULL, NULL, NULL, NULL, NULL, NULL, NULL, NULL, '', '111795875\n', NULL, NULL, NULL, NULL, NULL, NULL, NULL, NULL, NULL, NULL, NULL, NULL, NULL, NULL, NULL, NULL, NULL, NULL, NULL, NULL, NULL, NULL, NULL, NULL, 1, NULL, NULL, 0, NULL, NULL, NULL, NULL),
	(93, 2, 1, 'P2017-0128', 'MAGISTRADO', 'NELSON ', 'P', NULL, NULL, NULL, NULL, NULL, NULL, NULL, NULL, NULL, NULL, NULL, NULL, NULL, NULL, NULL, NULL, NULL, NULL, NULL, '', '305217061\n', NULL, NULL, NULL, NULL, NULL, NULL, NULL, NULL, NULL, NULL, NULL, NULL, NULL, NULL, NULL, NULL, NULL, NULL, NULL, NULL, NULL, NULL, NULL, NULL, 1, NULL, NULL, 0, NULL, NULL, NULL, NULL),
	(94, 2, 1, 'P2017-0129', 'ALLERA', 'REJANE', 'F', NULL, NULL, NULL, NULL, NULL, NULL, NULL, NULL, NULL, NULL, NULL, NULL, NULL, NULL, NULL, NULL, NULL, NULL, NULL, '', '325884212', NULL, NULL, NULL, NULL, NULL, NULL, NULL, NULL, NULL, NULL, NULL, NULL, NULL, NULL, NULL, NULL, NULL, NULL, NULL, NULL, NULL, NULL, NULL, NULL, 0, NULL, NULL, 0, NULL, NULL, NULL, NULL),
	(95, 2, 1, 'P2017-0132', 'SANCHEZ', 'ANNA MONINA ', 'L', NULL, NULL, NULL, NULL, NULL, NULL, NULL, NULL, NULL, NULL, NULL, NULL, NULL, NULL, NULL, NULL, NULL, NULL, NULL, '', '321798799\n', NULL, NULL, NULL, NULL, NULL, NULL, NULL, NULL, NULL, NULL, NULL, NULL, NULL, NULL, NULL, NULL, NULL, NULL, NULL, NULL, NULL, NULL, NULL, NULL, 1, NULL, NULL, 0, NULL, NULL, NULL, NULL),
	(96, 2, 1, 'P2017-0133', 'JIMENO', 'IRVING JAY', 'B', NULL, NULL, NULL, NULL, NULL, NULL, NULL, NULL, NULL, NULL, NULL, NULL, NULL, NULL, NULL, NULL, NULL, NULL, NULL, '', '\n', NULL, NULL, NULL, NULL, NULL, NULL, NULL, NULL, NULL, NULL, NULL, NULL, NULL, NULL, NULL, NULL, NULL, NULL, NULL, NULL, NULL, NULL, NULL, NULL, 1, NULL, NULL, 0, NULL, NULL, NULL, NULL),
	(97, 2, 1, 'P2017-0134', 'TUAZON', 'JOLINA PAULINE', 'T', NULL, NULL, NULL, NULL, NULL, NULL, NULL, NULL, NULL, NULL, NULL, NULL, NULL, NULL, NULL, NULL, NULL, NULL, NULL, '', '247600671\n', NULL, NULL, NULL, NULL, NULL, NULL, NULL, NULL, NULL, NULL, NULL, NULL, NULL, NULL, NULL, NULL, NULL, NULL, NULL, NULL, NULL, NULL, NULL, NULL, 1, NULL, NULL, 0, NULL, NULL, NULL, NULL),
	(98, 2, 1, 'P2017-0135', 'MEJIA', 'NINA REMEDIOS', 'R', NULL, NULL, NULL, NULL, NULL, NULL, NULL, NULL, NULL, NULL, NULL, NULL, NULL, NULL, NULL, NULL, NULL, NULL, NULL, '', '431660760', NULL, NULL, NULL, NULL, NULL, NULL, NULL, NULL, NULL, NULL, NULL, NULL, NULL, NULL, NULL, NULL, NULL, NULL, NULL, NULL, NULL, NULL, NULL, NULL, 0, NULL, NULL, 0, NULL, NULL, NULL, NULL),
	(99, 2, 1, 'P2018-0190', 'OLIVO', 'JESTONI', 'A', NULL, NULL, NULL, NULL, NULL, NULL, NULL, NULL, NULL, NULL, NULL, NULL, NULL, NULL, NULL, NULL, NULL, NULL, NULL, '', '321658217', NULL, NULL, NULL, NULL, NULL, NULL, NULL, NULL, NULL, NULL, NULL, NULL, NULL, NULL, NULL, NULL, NULL, NULL, NULL, NULL, NULL, NULL, NULL, NULL, 0, NULL, NULL, 0, NULL, NULL, NULL, NULL),
	(100, 2, 1, 'P2017-0138', 'DIZON', 'MELODY', 'O', NULL, NULL, NULL, NULL, NULL, NULL, NULL, NULL, NULL, NULL, NULL, NULL, NULL, NULL, NULL, NULL, NULL, NULL, NULL, '', '276311835', NULL, NULL, NULL, NULL, NULL, NULL, NULL, NULL, NULL, NULL, NULL, NULL, NULL, NULL, NULL, NULL, NULL, NULL, NULL, NULL, NULL, NULL, NULL, NULL, 0, NULL, NULL, 0, NULL, NULL, NULL, NULL),
	(101, 2, 1, 'P2018-0182', 'TEJANO', 'PAOLO LORENZO ', NULL, NULL, NULL, NULL, NULL, NULL, NULL, NULL, NULL, NULL, NULL, NULL, NULL, NULL, NULL, NULL, NULL, NULL, NULL, NULL, '', NULL, NULL, NULL, NULL, NULL, NULL, NULL, NULL, NULL, NULL, NULL, NULL, NULL, NULL, NULL, NULL, NULL, NULL, NULL, NULL, NULL, NULL, NULL, NULL, NULL, 1, NULL, NULL, 0, NULL, NULL, NULL, NULL),
	(102, 2, 1, 'P2018-0183\r\n', 'RAMOS', 'VINCENT JERALD', 'R', NULL, NULL, NULL, NULL, NULL, NULL, NULL, NULL, NULL, NULL, NULL, NULL, NULL, NULL, NULL, NULL, NULL, NULL, NULL, '', NULL, NULL, NULL, NULL, NULL, NULL, NULL, NULL, NULL, NULL, NULL, NULL, NULL, NULL, NULL, NULL, NULL, NULL, NULL, NULL, NULL, NULL, NULL, NULL, NULL, 0, NULL, NULL, 0, NULL, NULL, NULL, NULL),
	(103, 2, 1, 'P2017-0143', 'ARRANCHADO', 'JIMI RAMBO ', 'R', NULL, NULL, NULL, NULL, NULL, NULL, NULL, NULL, NULL, NULL, NULL, NULL, NULL, NULL, NULL, NULL, NULL, NULL, NULL, '', '267809862\n', NULL, NULL, NULL, NULL, NULL, NULL, NULL, NULL, NULL, NULL, NULL, NULL, NULL, NULL, NULL, NULL, NULL, NULL, NULL, NULL, NULL, NULL, NULL, NULL, 1, NULL, NULL, 0, NULL, NULL, NULL, NULL),
	(104, 2, 1, 'P2017-0146', 'CASTILLO', 'MICHELLE', 'C', NULL, NULL, NULL, NULL, NULL, NULL, NULL, NULL, NULL, NULL, NULL, NULL, NULL, NULL, NULL, NULL, NULL, NULL, NULL, '', '465092093', NULL, NULL, NULL, NULL, NULL, NULL, NULL, NULL, NULL, NULL, NULL, NULL, NULL, NULL, NULL, NULL, NULL, NULL, NULL, NULL, NULL, NULL, NULL, NULL, 0, NULL, NULL, 0, NULL, NULL, NULL, NULL),
	(105, 2, 1, 'P2017-0148', 'ROMERO', 'JOSE EDGARDO', 'R', NULL, NULL, NULL, NULL, NULL, NULL, NULL, NULL, NULL, NULL, NULL, NULL, NULL, NULL, NULL, NULL, NULL, NULL, NULL, '', '447547335\n', NULL, NULL, NULL, NULL, NULL, NULL, NULL, NULL, NULL, NULL, NULL, NULL, NULL, NULL, NULL, NULL, NULL, NULL, NULL, NULL, NULL, NULL, NULL, NULL, 1, NULL, NULL, 0, NULL, NULL, NULL, NULL),
	(106, 2, 1, 'P2017-0149', 'VIRTUCIO', 'JASON JOSEPH ', 'L', NULL, NULL, NULL, NULL, NULL, NULL, NULL, NULL, NULL, NULL, NULL, NULL, NULL, NULL, NULL, NULL, NULL, NULL, NULL, '', '452567162', NULL, NULL, NULL, NULL, NULL, NULL, NULL, NULL, NULL, NULL, NULL, NULL, NULL, NULL, NULL, NULL, NULL, NULL, NULL, NULL, NULL, NULL, NULL, NULL, 1, NULL, NULL, 0, NULL, NULL, NULL, NULL),
	(107, 2, 1, 'P2017-0150', 'MAQUILING', 'JASMINE ROSE', 'B', NULL, NULL, NULL, NULL, NULL, NULL, NULL, NULL, NULL, NULL, NULL, NULL, NULL, NULL, NULL, NULL, NULL, NULL, NULL, '', '275456932', NULL, NULL, NULL, NULL, NULL, NULL, NULL, NULL, NULL, NULL, NULL, NULL, NULL, NULL, NULL, NULL, NULL, NULL, NULL, NULL, NULL, NULL, NULL, NULL, 0, NULL, NULL, 0, NULL, NULL, NULL, NULL),
	(108, 2, 1, 'P2017-0151', 'MAGSUMBOL', 'MA. ROSALYNN', 'ALILIO', 'N/A', NULL, NULL, NULL, NULL, NULL, NULL, NULL, NULL, NULL, NULL, NULL, NULL, NULL, NULL, NULL, NULL, NULL, NULL, '', '298080860', NULL, NULL, NULL, NULL, NULL, NULL, NULL, NULL, NULL, NULL, NULL, NULL, NULL, NULL, NULL, NULL, NULL, NULL, NULL, NULL, NULL, NULL, NULL, NULL, 0, NULL, NULL, 0, NULL, NULL, NULL, NULL),
	(109, 2, 1, 'P2017-0152', 'FRANCISCO', 'ANNA DOMINIQUE ', 'M', NULL, NULL, NULL, NULL, NULL, NULL, NULL, NULL, NULL, NULL, NULL, NULL, NULL, NULL, NULL, NULL, NULL, NULL, NULL, '', '340242197\n', NULL, NULL, NULL, NULL, NULL, NULL, NULL, NULL, NULL, NULL, NULL, NULL, NULL, NULL, NULL, NULL, NULL, NULL, NULL, NULL, NULL, NULL, NULL, NULL, 1, NULL, NULL, 0, NULL, NULL, NULL, NULL),
	(110, 2, 1, 'P2017-0153', 'GONZALODO', 'FLORICAR', 'GELLANGARIN', 'N/A', NULL, NULL, NULL, NULL, NULL, NULL, NULL, NULL, NULL, NULL, NULL, NULL, NULL, NULL, NULL, NULL, NULL, NULL, '', '435428505', NULL, NULL, NULL, NULL, NULL, NULL, NULL, NULL, NULL, NULL, NULL, NULL, NULL, NULL, NULL, NULL, NULL, NULL, NULL, NULL, NULL, NULL, NULL, NULL, 0, NULL, NULL, 0, NULL, NULL, NULL, NULL),
	(111, 2, 1, 'P2017-0154', 'TENORIO', 'ARNOLD ROY ', 'D', NULL, NULL, NULL, NULL, NULL, NULL, NULL, NULL, NULL, NULL, NULL, NULL, NULL, NULL, NULL, NULL, NULL, NULL, NULL, '', '126876505\n', NULL, NULL, NULL, NULL, NULL, NULL, NULL, NULL, NULL, NULL, NULL, NULL, NULL, NULL, NULL, NULL, NULL, NULL, NULL, NULL, NULL, NULL, NULL, NULL, 1, NULL, NULL, 0, NULL, NULL, NULL, NULL),
	(112, 2, 1, 'P2017-0156', 'BATUEGAS', 'MARA HAZEL', 'YAMBAO', NULL, NULL, NULL, NULL, NULL, NULL, NULL, NULL, NULL, NULL, NULL, NULL, NULL, NULL, NULL, NULL, NULL, NULL, NULL, '', '332484172', NULL, NULL, NULL, NULL, NULL, NULL, NULL, NULL, NULL, NULL, NULL, NULL, NULL, NULL, NULL, NULL, NULL, NULL, NULL, NULL, NULL, NULL, NULL, NULL, 0, NULL, NULL, 0, NULL, NULL, NULL, NULL),
	(113, 2, 1, 'P2017-0157', 'SANTOS', 'APRIL MAY', 'G', NULL, NULL, NULL, NULL, NULL, NULL, NULL, NULL, NULL, NULL, NULL, NULL, NULL, NULL, NULL, NULL, NULL, NULL, NULL, '', '318255151', NULL, NULL, NULL, NULL, NULL, NULL, NULL, NULL, NULL, NULL, NULL, NULL, NULL, NULL, NULL, NULL, NULL, NULL, NULL, NULL, NULL, NULL, NULL, NULL, 0, NULL, NULL, 0, NULL, NULL, NULL, NULL),
	(114, 2, 1, 'P2017-0158', 'MANAHAN', 'RENZ MYRON', 'MALIGALIG', NULL, NULL, NULL, NULL, NULL, NULL, NULL, NULL, NULL, NULL, NULL, NULL, NULL, NULL, NULL, NULL, NULL, NULL, NULL, '', '341090228', NULL, NULL, NULL, NULL, NULL, NULL, NULL, NULL, NULL, NULL, NULL, NULL, NULL, NULL, NULL, NULL, NULL, NULL, NULL, NULL, NULL, NULL, NULL, NULL, 0, NULL, NULL, 0, NULL, NULL, NULL, NULL),
	(115, 2, 1, 'P2016-0025', 'PANA', 'MELBOURNE ZIRO', 'DIOKNO', NULL, NULL, NULL, NULL, NULL, NULL, NULL, NULL, NULL, NULL, NULL, NULL, NULL, NULL, NULL, NULL, NULL, NULL, NULL, '', '430818965', NULL, NULL, NULL, NULL, NULL, NULL, NULL, NULL, NULL, NULL, NULL, NULL, NULL, NULL, NULL, NULL, NULL, NULL, NULL, NULL, NULL, NULL, NULL, NULL, 0, NULL, NULL, 0, NULL, NULL, NULL, NULL),
	(116, 2, 1, 'P2017-0160', 'PEREZ', 'CHARMAINE', 'TING', NULL, NULL, NULL, NULL, NULL, NULL, NULL, NULL, NULL, NULL, NULL, NULL, NULL, NULL, NULL, NULL, NULL, NULL, NULL, '', '43993646', NULL, NULL, NULL, NULL, NULL, NULL, NULL, NULL, NULL, NULL, NULL, NULL, NULL, NULL, NULL, NULL, NULL, NULL, NULL, NULL, NULL, NULL, NULL, NULL, 0, NULL, NULL, 0, NULL, NULL, NULL, NULL),
	(117, 2, 1, 'P2017-0161', 'JOPSON', 'EDGARDO MANUEL', 'M', NULL, NULL, NULL, NULL, NULL, NULL, NULL, NULL, NULL, NULL, NULL, NULL, NULL, NULL, NULL, NULL, NULL, NULL, NULL, '', '323210804', NULL, NULL, NULL, NULL, NULL, NULL, NULL, NULL, NULL, NULL, NULL, NULL, NULL, NULL, NULL, NULL, NULL, NULL, NULL, NULL, NULL, NULL, NULL, NULL, 0, NULL, NULL, 0, NULL, NULL, NULL, NULL),
	(118, 2, 1, 'P2017-0163', 'HAULO', 'OILIE', 'S', NULL, NULL, NULL, NULL, NULL, NULL, NULL, NULL, NULL, NULL, NULL, NULL, NULL, NULL, NULL, NULL, NULL, NULL, NULL, '', NULL, NULL, NULL, NULL, NULL, NULL, NULL, NULL, NULL, NULL, NULL, NULL, NULL, NULL, NULL, NULL, NULL, NULL, NULL, NULL, NULL, NULL, NULL, NULL, NULL, 0, NULL, NULL, 0, NULL, NULL, NULL, NULL),
	(119, 2, 1, 'P2017-0165', 'LAZO', 'MARIA CRISTINA ', 'C', NULL, NULL, NULL, NULL, NULL, NULL, NULL, NULL, NULL, NULL, NULL, NULL, NULL, NULL, NULL, NULL, NULL, NULL, NULL, '', '\n', NULL, NULL, NULL, NULL, NULL, NULL, NULL, NULL, NULL, NULL, NULL, NULL, NULL, NULL, NULL, NULL, NULL, NULL, NULL, NULL, NULL, NULL, NULL, NULL, 1, NULL, NULL, 0, NULL, NULL, NULL, NULL),
	(120, 2, 1, 'P2017-0166', 'DE JESUS', 'NERISSA ', 'N', NULL, NULL, NULL, NULL, NULL, NULL, NULL, NULL, NULL, NULL, NULL, NULL, NULL, NULL, NULL, NULL, NULL, NULL, NULL, '', '\n', NULL, NULL, NULL, NULL, NULL, NULL, NULL, NULL, NULL, NULL, NULL, NULL, NULL, NULL, NULL, NULL, NULL, NULL, NULL, NULL, NULL, NULL, NULL, NULL, 1, NULL, NULL, 0, NULL, NULL, NULL, NULL),
	(121, 2, 1, 'P2017-0168', 'CALMA', 'JANINA RHEARLOU', 'VELBIS', NULL, NULL, NULL, NULL, NULL, NULL, NULL, NULL, NULL, NULL, NULL, NULL, NULL, NULL, NULL, NULL, NULL, NULL, NULL, '', '467728404', NULL, NULL, NULL, NULL, NULL, NULL, NULL, NULL, NULL, NULL, NULL, NULL, NULL, NULL, NULL, NULL, NULL, NULL, NULL, NULL, NULL, NULL, NULL, NULL, 0, NULL, NULL, 0, NULL, NULL, NULL, NULL),
	(122, 2, 1, 'P2017-0169', 'GIMENO', 'SHEILA MARIE ', 'V', NULL, NULL, NULL, NULL, NULL, NULL, NULL, NULL, NULL, NULL, NULL, NULL, NULL, NULL, NULL, NULL, NULL, NULL, NULL, '', '\n', NULL, NULL, NULL, NULL, NULL, NULL, NULL, NULL, NULL, NULL, NULL, NULL, NULL, NULL, NULL, NULL, NULL, NULL, NULL, NULL, NULL, NULL, NULL, NULL, 1, NULL, NULL, 0, NULL, NULL, NULL, NULL),
	(123, 2, 1, 'P2017-0170', 'MACALALAG', 'LAWRENCE MIGUEL ', 'M', NULL, NULL, NULL, NULL, NULL, NULL, NULL, NULL, NULL, NULL, NULL, NULL, NULL, NULL, NULL, NULL, NULL, NULL, NULL, '', '\n', NULL, NULL, NULL, NULL, NULL, NULL, NULL, NULL, NULL, NULL, NULL, NULL, NULL, NULL, NULL, NULL, NULL, NULL, NULL, NULL, NULL, NULL, NULL, NULL, 1, NULL, NULL, 0, NULL, NULL, NULL, NULL),
	(124, 2, 1, 'P2017-0171', 'SAKUMA', 'TEEJAY YOSHIUMI ', 'J', NULL, NULL, NULL, NULL, NULL, NULL, NULL, NULL, NULL, NULL, NULL, NULL, NULL, NULL, NULL, NULL, NULL, NULL, NULL, '', '\n', NULL, NULL, NULL, NULL, NULL, NULL, NULL, NULL, NULL, NULL, NULL, NULL, NULL, NULL, NULL, NULL, NULL, NULL, NULL, NULL, NULL, NULL, NULL, NULL, 1, NULL, NULL, 0, NULL, NULL, NULL, NULL),
	(125, 2, 1, 'P2017-0173', 'BELTRAN', 'VIVIAN SARAH', 'J', NULL, NULL, NULL, NULL, NULL, NULL, NULL, NULL, NULL, NULL, NULL, NULL, NULL, NULL, NULL, NULL, NULL, NULL, NULL, '', '417142086000', NULL, NULL, NULL, NULL, NULL, NULL, NULL, NULL, NULL, NULL, NULL, NULL, NULL, NULL, NULL, NULL, NULL, NULL, NULL, NULL, NULL, NULL, NULL, NULL, 0, NULL, NULL, 0, NULL, NULL, NULL, NULL),
	(126, 2, 1, 'P2018-0176', 'BUHAY', 'ANNA CONSUELO', 'CASAÑAS', NULL, NULL, NULL, NULL, NULL, NULL, NULL, NULL, NULL, NULL, NULL, NULL, NULL, NULL, NULL, NULL, NULL, NULL, NULL, '', '446516372', NULL, NULL, NULL, NULL, NULL, NULL, NULL, NULL, NULL, NULL, NULL, NULL, NULL, NULL, NULL, NULL, NULL, NULL, NULL, NULL, NULL, NULL, NULL, NULL, 0, NULL, NULL, 0, NULL, NULL, NULL, NULL),
	(127, 2, 1, 'P2018-0178', 'AMAN', 'TAKAHIRO KENJI', 'C', NULL, NULL, NULL, NULL, NULL, NULL, NULL, NULL, NULL, NULL, NULL, NULL, NULL, NULL, NULL, NULL, NULL, NULL, NULL, '', NULL, NULL, NULL, NULL, NULL, NULL, NULL, NULL, NULL, NULL, NULL, NULL, NULL, NULL, NULL, NULL, NULL, NULL, NULL, NULL, NULL, NULL, NULL, NULL, NULL, 1, NULL, NULL, 0, NULL, NULL, NULL, NULL),
	(128, 2, 1, 'P2018-0179', 'PITALLANO', 'NICKY JONNA', 'P', NULL, NULL, NULL, NULL, NULL, NULL, NULL, NULL, NULL, NULL, NULL, NULL, NULL, NULL, NULL, NULL, NULL, NULL, NULL, '', '457521501', NULL, NULL, NULL, NULL, NULL, NULL, NULL, NULL, NULL, NULL, NULL, NULL, NULL, NULL, NULL, NULL, NULL, NULL, NULL, NULL, NULL, NULL, NULL, NULL, 0, NULL, NULL, 0, NULL, NULL, NULL, NULL),
	(129, 2, 1, 'P2018-0180', 'JAVIER', 'MAC VINCENT', 'E', NULL, NULL, NULL, NULL, NULL, NULL, NULL, NULL, NULL, NULL, NULL, NULL, NULL, NULL, NULL, NULL, NULL, NULL, NULL, '', NULL, NULL, NULL, NULL, NULL, NULL, NULL, NULL, NULL, NULL, NULL, NULL, NULL, NULL, NULL, NULL, NULL, NULL, NULL, NULL, NULL, NULL, NULL, NULL, NULL, 1, NULL, NULL, 0, NULL, NULL, NULL, NULL),
	(130, 2, 1, 'P2018-0181', 'CHIONGSON', 'SHARLENE ANJELICA', 'L', NULL, NULL, NULL, NULL, NULL, NULL, NULL, NULL, NULL, NULL, NULL, NULL, NULL, NULL, NULL, NULL, NULL, NULL, NULL, '', NULL, NULL, NULL, NULL, NULL, NULL, NULL, NULL, NULL, NULL, NULL, NULL, NULL, NULL, NULL, NULL, NULL, NULL, NULL, NULL, NULL, NULL, NULL, NULL, NULL, 1, NULL, NULL, 0, NULL, NULL, NULL, NULL),
	(131, 2, 1, 'P2018-0185', 'GARBO', 'CHRISTOPHER JAY', 'F', NULL, NULL, NULL, NULL, NULL, NULL, NULL, NULL, NULL, NULL, NULL, NULL, NULL, NULL, NULL, NULL, NULL, NULL, NULL, '', NULL, NULL, NULL, NULL, NULL, NULL, NULL, NULL, NULL, NULL, NULL, NULL, NULL, NULL, NULL, NULL, NULL, NULL, NULL, NULL, NULL, NULL, NULL, NULL, NULL, 1, NULL, NULL, 0, NULL, NULL, NULL, NULL),
	(132, 2, 1, 'P2018-0186', 'VIBAR', 'TERESITA', 'R', NULL, NULL, NULL, NULL, NULL, NULL, NULL, NULL, NULL, NULL, NULL, NULL, NULL, NULL, NULL, NULL, NULL, NULL, NULL, '', NULL, NULL, NULL, NULL, NULL, NULL, NULL, NULL, NULL, NULL, NULL, NULL, NULL, NULL, NULL, NULL, NULL, NULL, NULL, NULL, NULL, NULL, NULL, NULL, NULL, 1, NULL, NULL, 0, NULL, NULL, NULL, NULL),
	(133, 2, 1, 'P2018-0187', 'SANTIAGO', 'FERDINO LOGIE', 'S', NULL, NULL, NULL, NULL, NULL, NULL, NULL, NULL, NULL, NULL, NULL, NULL, NULL, NULL, NULL, NULL, NULL, NULL, NULL, '', '700791049', NULL, NULL, NULL, NULL, NULL, NULL, NULL, NULL, NULL, NULL, NULL, NULL, NULL, NULL, NULL, NULL, NULL, NULL, NULL, NULL, NULL, NULL, NULL, NULL, 0, NULL, NULL, 0, NULL, NULL, NULL, NULL),
	(134, 2, 1, 'P2018-0188', 'VILLABETO', 'JANINE', 'D', NULL, NULL, NULL, NULL, NULL, NULL, NULL, NULL, NULL, NULL, NULL, NULL, NULL, NULL, NULL, NULL, NULL, NULL, NULL, '', NULL, NULL, NULL, NULL, NULL, NULL, NULL, NULL, NULL, NULL, NULL, NULL, NULL, NULL, NULL, NULL, NULL, NULL, NULL, NULL, NULL, NULL, NULL, NULL, NULL, 1, NULL, NULL, 0, NULL, NULL, NULL, NULL),
	(135, 2, 1, 'P2018-0192', 'NOFIES', 'BABYLYN', 'CAPOQUIAN', NULL, NULL, NULL, NULL, NULL, NULL, NULL, NULL, NULL, NULL, NULL, NULL, NULL, NULL, NULL, NULL, NULL, NULL, NULL, '', NULL, NULL, NULL, NULL, NULL, NULL, NULL, NULL, NULL, NULL, NULL, NULL, NULL, NULL, NULL, NULL, NULL, NULL, NULL, NULL, NULL, NULL, NULL, NULL, NULL, 1, NULL, NULL, 0, NULL, NULL, NULL, NULL),
	(136, 2, 1, 'P2018-0194', 'CARRANZA', 'ALLAN', 'TAYOTO', NULL, NULL, NULL, NULL, NULL, NULL, NULL, NULL, NULL, NULL, NULL, NULL, NULL, NULL, NULL, NULL, NULL, NULL, NULL, '', NULL, NULL, NULL, NULL, NULL, NULL, NULL, NULL, NULL, NULL, NULL, NULL, NULL, NULL, NULL, NULL, NULL, NULL, NULL, NULL, NULL, NULL, NULL, NULL, NULL, 1, NULL, NULL, 0, NULL, NULL, NULL, NULL),
	(137, 2, 1, 'P2018-0193', 'TOUCHETTE', 'JANA DALE', 'PABLO', NULL, NULL, NULL, NULL, NULL, NULL, NULL, NULL, NULL, NULL, NULL, NULL, NULL, NULL, NULL, NULL, NULL, NULL, NULL, '', NULL, NULL, NULL, NULL, NULL, NULL, NULL, NULL, NULL, NULL, NULL, NULL, NULL, NULL, NULL, NULL, NULL, NULL, NULL, NULL, NULL, NULL, NULL, NULL, NULL, 1, NULL, NULL, 0, NULL, NULL, NULL, NULL),
	(138, 2, 1, 'P2018-0195', 'CASTILLO', 'JEANNE MARIE VERNICE', 'VILLARICA', NULL, NULL, NULL, NULL, NULL, NULL, NULL, NULL, NULL, NULL, NULL, NULL, NULL, NULL, NULL, NULL, NULL, NULL, NULL, '', '288800701', NULL, NULL, NULL, NULL, NULL, NULL, NULL, NULL, NULL, NULL, NULL, NULL, NULL, NULL, NULL, NULL, NULL, NULL, NULL, NULL, NULL, NULL, NULL, NULL, 0, NULL, NULL, 0, NULL, NULL, NULL, NULL),
	(139, 2, 1, 'P2018-0201', 'SANA', 'MARCO CARLO', 'SALIGANAN', NULL, NULL, NULL, NULL, NULL, NULL, NULL, NULL, NULL, NULL, NULL, NULL, NULL, NULL, NULL, NULL, NULL, NULL, NULL, '', '272296334', NULL, NULL, NULL, NULL, NULL, NULL, NULL, NULL, NULL, NULL, NULL, NULL, NULL, NULL, NULL, NULL, NULL, NULL, NULL, NULL, NULL, NULL, NULL, NULL, 0, NULL, NULL, 0, NULL, NULL, NULL, NULL),
	(140, 2, 1, 'P2018-0202', 'SAN JOSE', 'AILEEN MAE', 'RICO', NULL, NULL, NULL, NULL, NULL, NULL, NULL, NULL, NULL, NULL, NULL, NULL, NULL, NULL, NULL, NULL, NULL, NULL, NULL, '', '343-501-522', NULL, NULL, NULL, NULL, NULL, NULL, NULL, NULL, NULL, NULL, NULL, NULL, NULL, NULL, NULL, NULL, NULL, NULL, NULL, NULL, NULL, NULL, NULL, NULL, 0, NULL, NULL, 0, NULL, NULL, NULL, NULL),
	(141, 2, 1, 'P2018-0191', 'CAMENTO', 'VICTORIA ROMANE ROBVIRGE', 'MARFILLA', NULL, NULL, NULL, NULL, NULL, NULL, NULL, NULL, NULL, NULL, NULL, NULL, NULL, NULL, NULL, NULL, NULL, NULL, NULL, '', NULL, NULL, NULL, NULL, NULL, NULL, NULL, NULL, NULL, NULL, NULL, NULL, NULL, NULL, NULL, NULL, NULL, NULL, NULL, NULL, NULL, NULL, NULL, NULL, NULL, 0, NULL, NULL, 0, NULL, NULL, NULL, NULL),
	(142, 2, 1, 'P2018-0203', 'VILLANUEVA', 'RIGEL', 'AGRAVANTE', NULL, NULL, NULL, NULL, NULL, NULL, NULL, NULL, NULL, NULL, NULL, NULL, NULL, NULL, NULL, NULL, NULL, NULL, NULL, '', NULL, NULL, NULL, NULL, NULL, NULL, NULL, NULL, NULL, NULL, NULL, NULL, NULL, NULL, NULL, NULL, NULL, NULL, NULL, NULL, NULL, NULL, NULL, NULL, NULL, 0, NULL, NULL, 0, NULL, NULL, NULL, NULL),
	(143, 2, 1, 'P2018-0204', 'DE GRACIA', 'IRENE', 'SULIT', NULL, NULL, NULL, NULL, NULL, NULL, NULL, NULL, NULL, NULL, NULL, NULL, NULL, NULL, NULL, NULL, NULL, NULL, NULL, '', '449614041', NULL, NULL, NULL, NULL, NULL, NULL, NULL, NULL, NULL, NULL, NULL, NULL, NULL, NULL, NULL, NULL, NULL, NULL, NULL, NULL, NULL, NULL, NULL, NULL, 0, NULL, NULL, 0, NULL, NULL, NULL, NULL),
	(144, 2, 1, 'P2018-0205', 'GUIDOTE', 'ISABEL', 'LINDO', NULL, NULL, NULL, NULL, NULL, NULL, NULL, NULL, NULL, NULL, NULL, NULL, NULL, NULL, NULL, NULL, NULL, NULL, NULL, '', '416612207', NULL, NULL, NULL, NULL, NULL, NULL, NULL, NULL, NULL, NULL, NULL, NULL, NULL, NULL, NULL, NULL, NULL, NULL, NULL, NULL, NULL, NULL, NULL, NULL, 0, NULL, NULL, 0, NULL, NULL, NULL, NULL),
	(145, 2, 1, 'P2018-0206', 'LESIGUES', 'LENVIC ELICER', 'RIÑOS', NULL, NULL, NULL, NULL, NULL, NULL, NULL, NULL, NULL, NULL, NULL, NULL, NULL, NULL, NULL, NULL, NULL, NULL, NULL, '', NULL, NULL, NULL, NULL, NULL, NULL, NULL, NULL, NULL, NULL, NULL, NULL, NULL, NULL, NULL, NULL, NULL, NULL, NULL, NULL, NULL, NULL, NULL, NULL, NULL, 1, NULL, NULL, 0, NULL, NULL, NULL, NULL),
	(146, 2, 1, 'P2018-0207', 'DE CLARO', 'MACARIO', 'RONARIO', NULL, NULL, NULL, NULL, NULL, NULL, NULL, NULL, NULL, NULL, NULL, NULL, NULL, NULL, NULL, NULL, NULL, NULL, NULL, '', NULL, NULL, NULL, NULL, NULL, NULL, NULL, NULL, NULL, NULL, NULL, NULL, NULL, NULL, NULL, NULL, NULL, NULL, NULL, NULL, NULL, NULL, NULL, NULL, NULL, 1, NULL, NULL, 0, NULL, NULL, NULL, NULL),
	(147, 2, 1, 'P2018-0208', 'JERUSALEM', 'JAMES BEN', 'LIGAYA', NULL, NULL, NULL, NULL, NULL, NULL, NULL, NULL, NULL, NULL, NULL, NULL, NULL, NULL, NULL, NULL, NULL, NULL, NULL, '', NULL, NULL, NULL, NULL, NULL, NULL, NULL, NULL, NULL, NULL, NULL, NULL, NULL, NULL, NULL, NULL, NULL, NULL, NULL, NULL, NULL, NULL, NULL, NULL, NULL, 1, NULL, NULL, 0, NULL, NULL, NULL, NULL),
	(148, 2, 1, 'P2018-0209', 'JOSE', 'ANNA', 'DELA ROSA', NULL, NULL, NULL, NULL, NULL, NULL, NULL, NULL, NULL, NULL, NULL, NULL, NULL, NULL, NULL, NULL, NULL, NULL, NULL, '', NULL, NULL, NULL, NULL, NULL, NULL, NULL, NULL, NULL, NULL, NULL, NULL, NULL, NULL, NULL, NULL, NULL, NULL, NULL, NULL, NULL, NULL, NULL, NULL, NULL, 1, NULL, NULL, 0, NULL, NULL, NULL, NULL),
	(149, 2, 1, 'P2018-0210', 'DELA TORRE', 'AARON JOSEPH', 'LOBOS', NULL, NULL, NULL, NULL, NULL, NULL, NULL, NULL, NULL, NULL, NULL, NULL, NULL, NULL, NULL, NULL, NULL, NULL, NULL, '', NULL, NULL, NULL, NULL, NULL, NULL, NULL, NULL, NULL, NULL, NULL, NULL, NULL, NULL, NULL, NULL, NULL, NULL, NULL, NULL, NULL, NULL, NULL, NULL, NULL, 1, NULL, NULL, 0, NULL, NULL, NULL, NULL),
	(150, 2, 1, 'P2018-0211', 'GUAMOS', 'JOHN HUBERT', 'MALLARI', NULL, NULL, NULL, NULL, NULL, NULL, NULL, NULL, NULL, NULL, NULL, NULL, NULL, NULL, NULL, NULL, NULL, NULL, NULL, '', NULL, NULL, NULL, NULL, NULL, NULL, NULL, NULL, NULL, NULL, NULL, NULL, NULL, NULL, NULL, NULL, NULL, NULL, NULL, NULL, NULL, NULL, NULL, NULL, NULL, 1, NULL, NULL, 0, NULL, NULL, NULL, NULL),
	(151, 2, 1, 'P2018-0212', 'BERNARDINO', 'ROSE', 'HIPE', NULL, NULL, NULL, NULL, NULL, NULL, NULL, NULL, NULL, NULL, NULL, NULL, NULL, NULL, NULL, NULL, NULL, NULL, NULL, '', NULL, NULL, NULL, NULL, NULL, NULL, NULL, NULL, NULL, NULL, NULL, NULL, NULL, NULL, NULL, NULL, NULL, NULL, NULL, NULL, NULL, NULL, NULL, NULL, NULL, 1, NULL, NULL, 0, NULL, NULL, NULL, NULL),
	(152, 2, 1, 'P2018-0213', 'FLORES', 'VIDA CAMILLE', 'REGANIT', NULL, NULL, NULL, NULL, NULL, NULL, NULL, NULL, NULL, NULL, NULL, NULL, NULL, NULL, NULL, NULL, NULL, NULL, NULL, '', NULL, NULL, NULL, NULL, NULL, NULL, NULL, NULL, NULL, NULL, NULL, NULL, NULL, NULL, NULL, NULL, NULL, NULL, NULL, NULL, NULL, NULL, NULL, NULL, NULL, 1, NULL, NULL, 0, NULL, NULL, NULL, NULL),
	(153, 2, 1, 'P2018-0214', 'GESLANI', 'BILL', 'ARIDA', NULL, NULL, NULL, NULL, NULL, NULL, NULL, NULL, NULL, NULL, NULL, NULL, NULL, NULL, NULL, NULL, NULL, NULL, NULL, '', NULL, NULL, NULL, NULL, NULL, NULL, NULL, NULL, NULL, NULL, NULL, NULL, NULL, NULL, NULL, NULL, NULL, NULL, NULL, NULL, NULL, NULL, NULL, NULL, NULL, 1, NULL, NULL, 0, NULL, NULL, NULL, NULL),
	(154, 2, 1, 'P2018-0215', 'MADRID', 'MICHAEL LEW', 'CARLOS', NULL, NULL, NULL, NULL, NULL, NULL, NULL, NULL, NULL, NULL, NULL, NULL, NULL, NULL, NULL, NULL, NULL, NULL, NULL, '', NULL, NULL, NULL, NULL, NULL, NULL, NULL, NULL, NULL, NULL, NULL, NULL, NULL, NULL, NULL, NULL, NULL, NULL, NULL, NULL, NULL, NULL, NULL, NULL, NULL, 1, NULL, NULL, 0, NULL, NULL, NULL, NULL),
	(155, 2, 1, 'P2018-0216', 'MARQUEZ', 'MICHELLE ROBYN', 'PUNZALAN', NULL, NULL, NULL, NULL, NULL, NULL, NULL, NULL, NULL, NULL, NULL, NULL, NULL, NULL, NULL, NULL, NULL, NULL, NULL, '', NULL, NULL, NULL, NULL, NULL, NULL, NULL, NULL, NULL, NULL, NULL, NULL, NULL, NULL, NULL, NULL, NULL, NULL, NULL, NULL, NULL, NULL, NULL, NULL, NULL, 1, NULL, NULL, 0, NULL, NULL, NULL, NULL),
	(156, 2, 1, 'P2018-0217', 'TONGOHAN', 'GIFANY TEN-TEN', 'L', NULL, NULL, NULL, NULL, NULL, NULL, NULL, NULL, NULL, NULL, NULL, NULL, NULL, NULL, NULL, NULL, NULL, NULL, NULL, '', NULL, NULL, NULL, NULL, NULL, NULL, NULL, NULL, NULL, NULL, NULL, NULL, NULL, NULL, NULL, NULL, NULL, NULL, NULL, NULL, NULL, NULL, NULL, NULL, NULL, 1, NULL, NULL, 0, NULL, NULL, NULL, NULL),
	(157, 2, 1, 'P2018-0218', 'RICAFRANCA', 'RYAN', 'BERNABE', NULL, NULL, NULL, NULL, NULL, NULL, NULL, NULL, NULL, NULL, NULL, NULL, NULL, NULL, NULL, NULL, NULL, NULL, NULL, '', NULL, NULL, NULL, NULL, NULL, NULL, NULL, NULL, NULL, NULL, NULL, NULL, NULL, NULL, NULL, NULL, NULL, NULL, NULL, NULL, NULL, NULL, NULL, NULL, NULL, 1, NULL, NULL, 0, NULL, NULL, NULL, NULL),
	(158, 2, 1, 'P2017-0175', 'ABUEL', 'LARRY', 'QUISAO', NULL, NULL, NULL, NULL, NULL, NULL, NULL, NULL, NULL, NULL, NULL, NULL, NULL, NULL, NULL, NULL, NULL, NULL, NULL, '', NULL, NULL, NULL, NULL, NULL, NULL, NULL, NULL, NULL, NULL, NULL, NULL, NULL, NULL, NULL, NULL, NULL, NULL, NULL, NULL, NULL, NULL, NULL, NULL, NULL, 1, NULL, NULL, 0, NULL, NULL, NULL, NULL);
/*!40000 ALTER TABLE `pms_employees` ENABLE KEYS */;

-- Dumping structure for table pccdev.pms_employee_information
DROP TABLE IF EXISTS `pms_employee_information`;
CREATE TABLE IF NOT EXISTS `pms_employee_information` (
  `id` int(10) unsigned NOT NULL AUTO_INCREMENT,
  `employee_id` int(11) DEFAULT NULL,
  `employee_number` varchar(225) COLLATE utf8mb4_unicode_ci DEFAULT NULL,
  `company_id` int(11) DEFAULT NULL,
  `division_id` int(11) DEFAULT NULL,
  `department_id` int(11) DEFAULT NULL,
  `office_id` int(11) DEFAULT NULL,
  `employee_status_id` int(11) DEFAULT NULL,
  `position_id` int(11) DEFAULT NULL,
  `position_item_id` int(11) DEFAULT NULL,
  `hired_date` date DEFAULT NULL,
  `assumption_date` date DEFAULT NULL,
  `resigned_date` date DEFAULT NULL,
  `rehired_date` date DEFAULT NULL,
  `start_date` date DEFAULT NULL,
  `end_date` date DEFAULT NULL,
  `pay_period` varchar(255) COLLATE utf8mb4_unicode_ci DEFAULT NULL,
  `pay_rate_id` int(11) DEFAULT NULL,
  `work_schedule_id` int(11) DEFAULT NULL,
  `appointment_status_id` int(11) DEFAULT NULL,
  `designation_id` int(11) DEFAULT NULL,
  `created_by` int(11) DEFAULT NULL,
  `updated_by` int(11) DEFAULT NULL,
  `created_at` timestamp NULL DEFAULT NULL,
  `updated_at` timestamp NULL DEFAULT NULL,
  `deleted_at` timestamp NULL DEFAULT NULL,
  PRIMARY KEY (`id`)
) ENGINE=InnoDB AUTO_INCREMENT=159 DEFAULT CHARSET=utf8mb4 COLLATE=utf8mb4_unicode_ci;

-- Dumping data for table pccdev.pms_employee_information: ~158 rows (approximately)
/*!40000 ALTER TABLE `pms_employee_information` DISABLE KEYS */;
INSERT INTO `pms_employee_information` (`id`, `employee_id`, `employee_number`, `company_id`, `division_id`, `department_id`, `office_id`, `employee_status_id`, `position_id`, `position_item_id`, `hired_date`, `assumption_date`, `resigned_date`, `rehired_date`, `start_date`, `end_date`, `pay_period`, `pay_rate_id`, `work_schedule_id`, `appointment_status_id`, `designation_id`, `created_by`, `updated_by`, `created_at`, `updated_at`, `deleted_at`) VALUES
	(1, 1, NULL, NULL, 0, NULL, 1, 11, 1, 1, NULL, '2016-02-01', NULL, NULL, NULL, NULL, NULL, NULL, NULL, NULL, NULL, 0, NULL, NULL, NULL, NULL),
	(2, 2, NULL, NULL, 0, NULL, 1, 11, 2, 2, NULL, '2016-02-01', NULL, NULL, NULL, NULL, NULL, NULL, NULL, NULL, NULL, 0, NULL, NULL, NULL, NULL),
	(3, 3, NULL, NULL, 0, NULL, 1, 11, 2, 3, NULL, '2016-02-01', NULL, NULL, NULL, NULL, NULL, NULL, NULL, NULL, NULL, 0, NULL, NULL, NULL, NULL),
	(4, 4, NULL, NULL, 0, NULL, 1, 12, 73, 5, NULL, '2016-06-01', NULL, NULL, NULL, NULL, NULL, NULL, NULL, NULL, NULL, 0, NULL, NULL, NULL, NULL),
	(5, 5, NULL, NULL, 0, NULL, 1, 12, 76, 8, NULL, '2016-07-01', NULL, NULL, NULL, NULL, NULL, NULL, NULL, NULL, NULL, 0, NULL, NULL, NULL, NULL),
	(6, 6, NULL, NULL, 0, NULL, 9, 1, 117, 85, NULL, '2016-07-01', NULL, NULL, NULL, NULL, NULL, NULL, NULL, NULL, NULL, 0, NULL, NULL, NULL, NULL),
	(7, 7, NULL, NULL, 4, NULL, 12, 1, 77, 12, NULL, '2016-08-01', NULL, NULL, NULL, NULL, NULL, NULL, NULL, NULL, NULL, 0, NULL, NULL, NULL, NULL),
	(8, 8, NULL, NULL, 4, NULL, 4, 1, 80, 15, NULL, '2016-08-15', NULL, NULL, NULL, NULL, NULL, NULL, NULL, NULL, NULL, 0, NULL, NULL, NULL, NULL),
	(9, 9, NULL, NULL, 4, NULL, 5, 1, 77, 16, NULL, '2016-08-24', NULL, NULL, NULL, NULL, NULL, NULL, NULL, NULL, NULL, 0, NULL, NULL, NULL, NULL),
	(10, 10, NULL, NULL, 4, NULL, 10, 1, 77, 11, NULL, '2016-09-01', NULL, NULL, NULL, NULL, NULL, NULL, NULL, NULL, NULL, 0, NULL, NULL, NULL, NULL),
	(11, 11, NULL, NULL, 0, NULL, 1, 1, 81, 17, NULL, '2016-09-01', NULL, NULL, NULL, NULL, NULL, NULL, NULL, NULL, NULL, 0, NULL, NULL, NULL, NULL),
	(12, 12, NULL, NULL, 0, NULL, 1, 12, 79, 19, NULL, '2016-09-01', NULL, NULL, NULL, NULL, NULL, NULL, NULL, NULL, NULL, 0, NULL, NULL, NULL, NULL),
	(13, 13, NULL, NULL, 31, NULL, 4, 1, 83, 20, NULL, '2016-09-06', NULL, NULL, NULL, NULL, NULL, NULL, NULL, NULL, NULL, 0, NULL, NULL, NULL, NULL),
	(14, 14, NULL, NULL, 4, NULL, 5, 1, 73, 21, NULL, '2016-09-06', NULL, NULL, NULL, NULL, NULL, NULL, NULL, NULL, NULL, 0, NULL, NULL, NULL, NULL),
	(15, 15, NULL, NULL, 8, NULL, 21, 1, 279, 22, NULL, '2016-09-07', NULL, NULL, NULL, NULL, NULL, NULL, NULL, NULL, NULL, 0, NULL, NULL, NULL, NULL),
	(16, 16, NULL, NULL, 31, NULL, 5, 1, 83, 166, NULL, '2016-09-16', NULL, NULL, NULL, NULL, NULL, NULL, NULL, NULL, NULL, 0, NULL, NULL, NULL, NULL),
	(17, 17, NULL, NULL, 10, NULL, 4, 1, 87, 25, NULL, '2016-09-20', NULL, NULL, NULL, NULL, NULL, NULL, NULL, NULL, NULL, 0, NULL, NULL, NULL, NULL),
	(18, 18, NULL, NULL, 11, NULL, 12, 1, 89, 27, NULL, '2016-09-26', NULL, NULL, NULL, NULL, NULL, NULL, NULL, NULL, NULL, 0, NULL, NULL, NULL, NULL),
	(19, 19, NULL, NULL, 10, NULL, 4, 1, 87, 29, NULL, '2016-09-20', NULL, NULL, NULL, NULL, NULL, NULL, NULL, NULL, NULL, 0, NULL, NULL, NULL, NULL),
	(20, 20, NULL, NULL, 11, NULL, 12, 1, 90, 31, NULL, '2016-09-30', NULL, NULL, NULL, NULL, NULL, NULL, NULL, NULL, NULL, 0, NULL, NULL, NULL, NULL),
	(21, 21, NULL, NULL, 35, NULL, 10, 1, 91, 32, NULL, '2016-10-01', NULL, NULL, NULL, NULL, NULL, NULL, NULL, NULL, NULL, 0, NULL, NULL, NULL, NULL),
	(22, 22, NULL, NULL, 30, NULL, 10, 1, 92, 33, NULL, '2016-10-01', NULL, NULL, NULL, NULL, NULL, NULL, NULL, NULL, NULL, 0, NULL, NULL, NULL, NULL),
	(23, 23, NULL, NULL, 36, 0, 21, 1, 279, 34, NULL, '2016-10-03', NULL, NULL, NULL, NULL, NULL, NULL, NULL, NULL, NULL, 0, NULL, NULL, NULL, NULL),
	(24, 24, NULL, NULL, 4, NULL, 4, 1, 77, 36, NULL, '2016-10-03', NULL, NULL, NULL, NULL, NULL, NULL, NULL, NULL, NULL, 0, NULL, NULL, NULL, NULL),
	(25, 25, NULL, NULL, 31, NULL, 5, 1, 94, 38, NULL, '2016-10-11', NULL, NULL, NULL, NULL, NULL, NULL, NULL, NULL, NULL, 0, NULL, NULL, NULL, NULL),
	(26, 26, NULL, NULL, 29, NULL, 10, 1, 75, 7, NULL, '2016-10-12', NULL, NULL, NULL, NULL, NULL, NULL, NULL, NULL, NULL, 0, NULL, NULL, NULL, NULL),
	(27, 27, NULL, NULL, 35, NULL, 10, 1, 280, 40, NULL, '2016-10-17', NULL, NULL, NULL, NULL, NULL, NULL, NULL, NULL, NULL, 0, NULL, NULL, NULL, NULL),
	(28, 28, NULL, NULL, 30, NULL, 10, 1, 96, 35, NULL, '2016-10-17', NULL, NULL, NULL, NULL, NULL, NULL, NULL, NULL, NULL, 0, NULL, NULL, NULL, NULL),
	(29, 29, NULL, NULL, 31, NULL, 5, 1, 83, 41, NULL, '2016-10-17', NULL, NULL, NULL, NULL, NULL, NULL, NULL, NULL, NULL, 0, NULL, NULL, NULL, NULL),
	(30, 30, NULL, NULL, 18, NULL, 12, 1, 281, 42, NULL, '2016-10-17', NULL, NULL, NULL, NULL, NULL, NULL, NULL, NULL, NULL, 0, NULL, NULL, NULL, NULL),
	(31, 31, NULL, NULL, 29, NULL, 10, 1, 282, 201, NULL, '2016-10-17', NULL, NULL, NULL, NULL, NULL, NULL, NULL, NULL, NULL, 0, NULL, NULL, NULL, NULL),
	(32, 32, NULL, NULL, 35, NULL, 10, 1, 98, 44, NULL, '2016-10-17', NULL, NULL, NULL, NULL, NULL, NULL, NULL, NULL, NULL, 0, NULL, NULL, NULL, NULL),
	(33, 33, NULL, NULL, 4, NULL, 10, 1, 73, 45, NULL, '2016-10-24', NULL, NULL, NULL, NULL, NULL, NULL, NULL, NULL, NULL, 0, NULL, NULL, NULL, NULL),
	(34, 34, NULL, NULL, 4, NULL, 5, 1, 80, 194, NULL, '2016-10-24', NULL, NULL, NULL, NULL, NULL, NULL, NULL, NULL, NULL, 0, NULL, NULL, NULL, NULL),
	(35, 35, NULL, NULL, 4, NULL, 12, 1, 73, 47, NULL, '2016-10-24', NULL, NULL, NULL, NULL, NULL, NULL, NULL, NULL, NULL, 0, NULL, NULL, NULL, NULL),
	(36, 36, NULL, NULL, 10, NULL, 4, 1, 283, 48, NULL, '2016-10-25', NULL, NULL, NULL, NULL, NULL, NULL, NULL, NULL, NULL, 0, NULL, NULL, NULL, NULL),
	(37, 37, NULL, NULL, 36, NULL, 21, 1, 100, 49, NULL, '2016-10-25', NULL, NULL, NULL, NULL, NULL, NULL, NULL, NULL, NULL, 0, NULL, NULL, NULL, NULL),
	(38, 38, NULL, NULL, 35, NULL, 10, 1, 101, 50, NULL, '2016-10-27', NULL, NULL, NULL, NULL, NULL, NULL, NULL, NULL, NULL, 0, NULL, NULL, NULL, NULL),
	(39, 39, NULL, NULL, 36, NULL, 21, 1, 284, 51, NULL, '2016-11-02', NULL, NULL, NULL, NULL, NULL, NULL, NULL, NULL, NULL, 0, NULL, NULL, NULL, NULL),
	(40, 40, NULL, NULL, 4, NULL, 4, 1, 73, 52, NULL, '2016-11-02', NULL, NULL, NULL, NULL, NULL, NULL, NULL, NULL, NULL, 0, NULL, NULL, NULL, NULL),
	(41, 41, NULL, NULL, 34, NULL, 21, 1, 99, 53, NULL, '2016-11-02', NULL, NULL, NULL, NULL, NULL, NULL, NULL, NULL, NULL, 0, NULL, NULL, NULL, NULL),
	(42, 42, NULL, NULL, 30, NULL, 10, 1, 96, 54, NULL, '2016-11-02', NULL, NULL, NULL, NULL, NULL, NULL, NULL, NULL, NULL, 0, NULL, NULL, NULL, NULL),
	(43, 43, NULL, NULL, 35, NULL, 10, 1, 101, 200, NULL, '2016-11-02', NULL, NULL, NULL, NULL, NULL, NULL, NULL, NULL, NULL, 0, NULL, NULL, NULL, NULL),
	(44, 44, NULL, NULL, 37, NULL, 5, 1, 104, 56, NULL, '2016-11-03', NULL, NULL, NULL, NULL, NULL, NULL, NULL, NULL, NULL, 0, NULL, NULL, NULL, NULL),
	(45, 45, NULL, NULL, 37, NULL, 5, 1, 99, 57, NULL, '2016-11-07', NULL, NULL, NULL, NULL, NULL, NULL, NULL, NULL, NULL, 0, NULL, NULL, NULL, NULL),
	(46, 46, NULL, NULL, 37, NULL, 5, 1, 93, 58, NULL, '2016-11-07', NULL, NULL, NULL, NULL, NULL, NULL, NULL, NULL, NULL, 0, NULL, NULL, NULL, NULL),
	(47, 47, NULL, NULL, 31, NULL, 5, 1, 99, 46, NULL, '2016-11-07', NULL, NULL, NULL, NULL, NULL, NULL, NULL, NULL, NULL, 0, NULL, NULL, NULL, NULL),
	(48, 48, NULL, NULL, 29, NULL, 10, 1, 106, 61, NULL, '2016-11-14', NULL, NULL, NULL, NULL, NULL, NULL, NULL, NULL, NULL, 0, NULL, NULL, NULL, NULL),
	(49, 49, NULL, NULL, 36, NULL, 21, 1, 97, 62, NULL, '2016-11-16', NULL, NULL, NULL, NULL, NULL, NULL, NULL, NULL, NULL, 0, NULL, NULL, NULL, NULL),
	(50, 50, NULL, NULL, 36, NULL, 21, 1, 284, 63, NULL, '2016-11-16', NULL, NULL, NULL, NULL, NULL, NULL, NULL, NULL, NULL, 0, NULL, NULL, NULL, NULL),
	(51, 51, NULL, NULL, 35, NULL, 10, 1, 98, 65, NULL, '2016-11-21', NULL, NULL, NULL, NULL, NULL, NULL, NULL, NULL, NULL, 0, NULL, NULL, NULL, NULL),
	(52, 52, NULL, NULL, 0, NULL, 1, 12, 74, 172, NULL, '2016-12-01', NULL, NULL, NULL, NULL, NULL, NULL, NULL, NULL, NULL, 0, NULL, NULL, NULL, NULL),
	(53, 53, NULL, NULL, 21, NULL, 12, 1, 285, 170, NULL, '2016-12-01', NULL, NULL, NULL, NULL, NULL, NULL, NULL, NULL, NULL, 0, NULL, NULL, NULL, NULL),
	(54, 54, NULL, NULL, 18, NULL, 12, 1, 109, 69, NULL, '2016-12-01', NULL, NULL, NULL, NULL, NULL, NULL, NULL, NULL, NULL, 0, NULL, NULL, NULL, NULL),
	(55, 55, NULL, NULL, 8, NULL, 21, 1, 110, 70, NULL, '2016-12-01', NULL, NULL, NULL, NULL, NULL, NULL, NULL, NULL, NULL, 0, NULL, NULL, NULL, NULL),
	(56, 56, NULL, NULL, 31, NULL, 4, 1, 99, 71, NULL, '2016-12-01', NULL, NULL, NULL, NULL, NULL, NULL, NULL, NULL, NULL, 0, NULL, NULL, NULL, NULL),
	(57, 57, NULL, NULL, 30, NULL, 10, 1, 111, 72, NULL, '2016-12-01', NULL, NULL, NULL, NULL, NULL, NULL, NULL, NULL, NULL, 0, NULL, NULL, NULL, NULL),
	(58, 58, NULL, NULL, 8, NULL, 21, 1, 286, 189, NULL, '2016-12-05', NULL, NULL, NULL, NULL, NULL, NULL, NULL, NULL, NULL, 0, NULL, NULL, NULL, NULL),
	(59, 59, NULL, NULL, 0, NULL, 1, 12, 79, 67, NULL, '2016-12-07', NULL, NULL, NULL, NULL, NULL, NULL, NULL, NULL, NULL, 0, NULL, NULL, NULL, NULL),
	(60, 60, NULL, NULL, 8, NULL, 21, 1, 115, 78, NULL, '2016-12-19', NULL, NULL, NULL, NULL, NULL, NULL, NULL, NULL, NULL, 0, NULL, NULL, NULL, NULL),
	(61, 61, NULL, NULL, 36, NULL, 21, 1, 287, 79, NULL, '2016-12-19', NULL, NULL, NULL, NULL, NULL, NULL, NULL, NULL, NULL, 0, NULL, NULL, NULL, NULL),
	(62, 62, NULL, NULL, 37, NULL, 5, 1, 93, 81, NULL, '2017-01-03', NULL, NULL, NULL, NULL, NULL, NULL, NULL, NULL, NULL, 0, NULL, NULL, NULL, NULL),
	(63, 63, NULL, NULL, 30, NULL, 10, 1, 96, 196, NULL, '2017-01-04', NULL, NULL, NULL, NULL, NULL, NULL, NULL, NULL, NULL, 0, NULL, NULL, NULL, NULL),
	(64, 64, NULL, NULL, 23, NULL, 21, 1, 116, 83, NULL, '2017-01-09', NULL, NULL, NULL, NULL, NULL, NULL, NULL, NULL, NULL, 0, NULL, NULL, NULL, NULL),
	(65, 65, NULL, NULL, 0, NULL, 1, 11, 2, 84, NULL, '2017-01-16', NULL, NULL, NULL, NULL, NULL, NULL, NULL, NULL, NULL, 0, NULL, NULL, NULL, NULL),
	(66, 66, NULL, NULL, 31, NULL, 5, 1, 88, 86, NULL, '2017-01-16', NULL, NULL, NULL, NULL, NULL, NULL, NULL, NULL, NULL, 0, NULL, NULL, NULL, NULL),
	(67, 67, NULL, NULL, 21, NULL, 12, 1, 107, 64, NULL, '2017-01-16', NULL, NULL, NULL, NULL, NULL, NULL, NULL, NULL, NULL, 0, NULL, NULL, NULL, NULL),
	(68, 68, NULL, NULL, 31, NULL, 5, 1, 83, 167, NULL, '2017-01-19', NULL, NULL, NULL, NULL, NULL, NULL, NULL, NULL, NULL, 0, NULL, NULL, NULL, NULL),
	(69, 69, NULL, NULL, 10, NULL, 4, 1, 118, 88, NULL, '2017-01-23', NULL, NULL, NULL, NULL, NULL, NULL, NULL, NULL, NULL, 0, NULL, NULL, NULL, NULL),
	(70, 70, NULL, NULL, 23, NULL, 21, 1, 119, 89, NULL, '2017-01-26', NULL, NULL, NULL, NULL, NULL, NULL, NULL, NULL, NULL, 0, NULL, NULL, NULL, NULL),
	(71, 71, NULL, NULL, 11, NULL, 12, 1, 120, 90, NULL, '2017-01-26', NULL, NULL, NULL, NULL, NULL, NULL, NULL, NULL, NULL, 0, NULL, NULL, NULL, NULL),
	(72, 72, NULL, NULL, 18, NULL, 12, 1, 109, 202, NULL, '2017-02-01', NULL, NULL, NULL, NULL, NULL, NULL, NULL, NULL, NULL, 0, NULL, NULL, NULL, NULL),
	(73, 73, NULL, NULL, 21, NULL, 12, 1, 108, 93, NULL, '2017-02-06', NULL, NULL, NULL, NULL, NULL, NULL, NULL, NULL, NULL, 0, NULL, NULL, NULL, NULL),
	(74, 74, NULL, NULL, 11, NULL, 12, 1, 122, 94, NULL, '2017-02-07', NULL, NULL, NULL, NULL, NULL, NULL, NULL, NULL, NULL, 0, NULL, NULL, NULL, NULL),
	(75, 75, NULL, NULL, 29, NULL, 10, 1, 106, 66, NULL, '2017-02-15', NULL, NULL, NULL, NULL, NULL, NULL, NULL, NULL, NULL, 0, NULL, NULL, NULL, NULL),
	(76, 76, NULL, NULL, 0, NULL, 1, 12, 79, 96, NULL, '2017-02-20', NULL, NULL, NULL, NULL, NULL, NULL, NULL, NULL, NULL, 0, NULL, NULL, NULL, NULL),
	(77, 77, NULL, NULL, 21, NULL, 12, 1, 107, 82, NULL, '2017-02-20', NULL, NULL, NULL, NULL, NULL, NULL, NULL, NULL, NULL, 0, NULL, NULL, NULL, NULL),
	(78, 78, NULL, NULL, 0, NULL, 1, 12, 74, 6, NULL, '2017-03-01', NULL, NULL, NULL, NULL, NULL, NULL, NULL, NULL, NULL, 0, NULL, NULL, NULL, NULL),
	(79, 79, NULL, NULL, 34, NULL, 21, 1, 83, 163, NULL, '2017-03-02', NULL, NULL, NULL, NULL, NULL, NULL, NULL, NULL, NULL, 0, NULL, NULL, NULL, NULL),
	(80, 80, NULL, NULL, 0, NULL, 1, 1, 138, 174, NULL, '2017-03-13', NULL, NULL, NULL, NULL, NULL, NULL, NULL, NULL, NULL, 0, NULL, NULL, NULL, NULL),
	(81, 81, NULL, NULL, 30, NULL, 10, 1, 96, 102, NULL, '2017-03-24', NULL, NULL, NULL, NULL, NULL, NULL, NULL, NULL, NULL, 0, NULL, NULL, NULL, NULL),
	(82, 82, NULL, NULL, 37, NULL, 5, 1, 83, 28, NULL, '2017-03-27', NULL, NULL, NULL, NULL, NULL, NULL, NULL, NULL, NULL, 0, NULL, NULL, NULL, NULL),
	(83, 83, NULL, NULL, 31, NULL, 4, 1, 83, 104, NULL, '2017-04-03', NULL, NULL, NULL, NULL, NULL, NULL, NULL, NULL, NULL, 0, NULL, NULL, NULL, NULL),
	(84, 84, NULL, NULL, 23, NULL, 21, 1, 116, 105, NULL, '2017-04-04', NULL, NULL, NULL, NULL, NULL, NULL, NULL, NULL, NULL, 0, NULL, NULL, NULL, NULL),
	(85, 85, NULL, NULL, 34, NULL, 21, 1, 86, 106, NULL, '2017-04-10', NULL, NULL, NULL, NULL, NULL, NULL, NULL, NULL, NULL, 0, NULL, NULL, NULL, NULL),
	(86, 86, NULL, NULL, 23, 0, 21, 1, 126, 107, NULL, '2017-04-17', NULL, NULL, NULL, NULL, NULL, NULL, NULL, NULL, NULL, 0, NULL, NULL, NULL, NULL),
	(87, 87, NULL, NULL, 30, NULL, 10, 1, 96, 108, NULL, '2017-04-17', NULL, NULL, NULL, NULL, NULL, NULL, NULL, NULL, NULL, 0, NULL, NULL, NULL, NULL),
	(88, 88, NULL, NULL, 18, NULL, 12, 1, 121, 192, NULL, '2017-04-18', NULL, NULL, NULL, NULL, NULL, NULL, NULL, NULL, NULL, 0, NULL, NULL, NULL, NULL),
	(89, 89, NULL, NULL, 8, NULL, 21, 1, 97, 111, NULL, '2017-05-03', NULL, NULL, NULL, NULL, NULL, NULL, NULL, NULL, NULL, 0, NULL, NULL, NULL, NULL),
	(90, 90, NULL, NULL, 23, NULL, 21, 1, 128, 113, NULL, '2017-05-17', NULL, NULL, NULL, NULL, NULL, NULL, NULL, NULL, NULL, 0, NULL, NULL, NULL, NULL),
	(91, 91, NULL, NULL, 8, NULL, 21, 1, 89, 114, NULL, '2017-05-26', NULL, NULL, NULL, NULL, NULL, NULL, NULL, NULL, NULL, 0, NULL, NULL, NULL, NULL),
	(92, 92, NULL, NULL, 4, NULL, 21, 12, 73, 115, NULL, '2017-06-01', NULL, NULL, NULL, NULL, NULL, NULL, NULL, NULL, NULL, 0, NULL, NULL, NULL, NULL),
	(93, 93, NULL, NULL, 0, NULL, 1, 12, 73, 116, NULL, '2017-06-01', NULL, NULL, NULL, NULL, NULL, NULL, NULL, NULL, NULL, 0, NULL, NULL, NULL, NULL),
	(94, 94, NULL, NULL, 23, 0, 21, 1, 128, 190, NULL, '2017-06-01', NULL, NULL, NULL, NULL, NULL, NULL, NULL, NULL, NULL, 0, NULL, NULL, NULL, NULL),
	(95, 95, NULL, NULL, 0, NULL, 1, 1, 81, 119, NULL, '2017-06-14', NULL, NULL, NULL, NULL, NULL, NULL, NULL, NULL, NULL, 0, NULL, NULL, NULL, NULL),
	(96, 96, NULL, NULL, 8, NULL, 21, 1, 131, 120, NULL, '2017-06-14', NULL, NULL, NULL, NULL, NULL, NULL, NULL, NULL, NULL, 0, NULL, NULL, NULL, NULL),
	(97, 97, NULL, NULL, 31, NULL, 4, 1, 83, 164, NULL, '2017-06-15', NULL, NULL, NULL, NULL, NULL, NULL, NULL, NULL, NULL, 0, NULL, NULL, NULL, NULL),
	(98, 98, NULL, NULL, 31, NULL, 4, 1, 83, 122, NULL, '2017-06-15', NULL, NULL, NULL, NULL, NULL, NULL, NULL, NULL, NULL, 0, NULL, NULL, NULL, NULL),
	(99, 99, NULL, NULL, 30, 0, 10, 1, 125, 149, NULL, '2018-04-13', NULL, NULL, NULL, NULL, NULL, NULL, NULL, NULL, NULL, 0, NULL, NULL, NULL, NULL),
	(100, 100, NULL, NULL, 8, NULL, 21, 1, 133, 124, NULL, '2017-06-30', NULL, NULL, NULL, NULL, NULL, NULL, NULL, NULL, NULL, 0, NULL, NULL, NULL, NULL),
	(101, 101, NULL, NULL, 2, NULL, 1, 6, 81, 175, NULL, '2018-03-01', NULL, NULL, NULL, NULL, NULL, NULL, NULL, NULL, NULL, 0, NULL, NULL, NULL, NULL),
	(102, 102, NULL, NULL, 30, NULL, 10, 1, 111, 198, NULL, '2017-07-03', NULL, NULL, NULL, NULL, NULL, NULL, NULL, NULL, NULL, 0, NULL, NULL, NULL, NULL),
	(103, 103, NULL, NULL, 0, NULL, 9, 1, 81, 121, NULL, '2017-07-17', NULL, NULL, NULL, NULL, NULL, NULL, NULL, NULL, NULL, 0, NULL, NULL, NULL, NULL),
	(104, 104, NULL, NULL, 11, NULL, 12, 1, 90, 128, NULL, '2017-07-26', NULL, NULL, NULL, NULL, NULL, NULL, NULL, NULL, NULL, 0, NULL, NULL, NULL, NULL),
	(105, 105, NULL, NULL, 37, NULL, 5, 1, 88, 26, NULL, '2017-08-08', NULL, NULL, NULL, NULL, NULL, NULL, NULL, NULL, NULL, 0, NULL, NULL, NULL, NULL),
	(106, 106, NULL, NULL, 10, NULL, 4, 1, 136, 130, NULL, '2017-08-22', NULL, NULL, NULL, NULL, NULL, NULL, NULL, NULL, NULL, 0, NULL, NULL, NULL, NULL),
	(107, 107, NULL, NULL, 31, NULL, 4, 1, 86, 131, NULL, '2017-08-29', NULL, NULL, NULL, NULL, NULL, NULL, NULL, NULL, NULL, 0, NULL, NULL, NULL, NULL),
	(108, 108, NULL, NULL, 31, NULL, 5, 1, 86, 132, NULL, '2017-08-29', NULL, NULL, NULL, NULL, NULL, NULL, NULL, NULL, NULL, 0, NULL, NULL, NULL, NULL),
	(109, 109, NULL, NULL, 0, NULL, 9, 12, 289, 181, NULL, '2017-08-30', NULL, NULL, NULL, NULL, NULL, NULL, NULL, NULL, NULL, 0, NULL, NULL, NULL, NULL),
	(110, 110, NULL, NULL, 4, NULL, 5, 1, 105, 60, NULL, '2017-08-30', NULL, NULL, NULL, NULL, NULL, NULL, NULL, NULL, NULL, 0, NULL, NULL, NULL, NULL),
	(111, 111, NULL, NULL, 4, NULL, 10, 1, 80, 134, NULL, '2017-09-04', NULL, NULL, NULL, NULL, NULL, NULL, NULL, NULL, NULL, 0, NULL, NULL, NULL, NULL),
	(112, 112, NULL, NULL, 34, NULL, 21, 1, 88, 136, NULL, '2017-09-25', NULL, NULL, NULL, NULL, NULL, NULL, NULL, NULL, NULL, 0, NULL, NULL, NULL, NULL),
	(113, 113, NULL, NULL, 0, NULL, 1, 1, 105, 137, NULL, '2017-10-02', NULL, NULL, NULL, NULL, NULL, NULL, NULL, NULL, NULL, 0, NULL, NULL, NULL, NULL),
	(114, 114, NULL, NULL, 11, NULL, 12, 1, 132, 123, NULL, '2017-10-02', NULL, NULL, NULL, NULL, NULL, NULL, NULL, NULL, NULL, 0, NULL, NULL, NULL, NULL),
	(115, 115, NULL, NULL, 0, 0, 1, 12, 78, 10, NULL, '2017-10-04', NULL, NULL, NULL, NULL, NULL, NULL, NULL, NULL, NULL, 0, NULL, NULL, NULL, NULL),
	(116, 116, NULL, NULL, 0, NULL, 1, 1, 138, 138, NULL, '2017-10-12', NULL, NULL, NULL, NULL, NULL, NULL, NULL, NULL, NULL, 0, NULL, NULL, NULL, NULL),
	(117, 117, NULL, NULL, 37, NULL, 5, 1, 104, 139, NULL, '2017-10-12', NULL, NULL, NULL, NULL, NULL, NULL, NULL, NULL, NULL, 0, NULL, NULL, NULL, NULL),
	(118, 118, NULL, NULL, 31, NULL, 5, 1, 83, 80, NULL, '2017-10-12', NULL, NULL, NULL, NULL, NULL, NULL, NULL, NULL, NULL, 0, NULL, NULL, NULL, NULL),
	(119, 119, NULL, NULL, 29, NULL, 10, 1, 95, 142, NULL, '2017-10-20', NULL, NULL, NULL, NULL, NULL, NULL, NULL, NULL, NULL, 0, NULL, NULL, NULL, NULL),
	(120, 120, NULL, NULL, 34, NULL, 21, 1, 83, 101, NULL, '2017-10-23', NULL, NULL, NULL, NULL, NULL, NULL, NULL, NULL, NULL, 0, NULL, NULL, NULL, NULL),
	(121, 121, NULL, NULL, 37, NULL, 5, 1, 88, 144, NULL, '2017-11-06', NULL, NULL, NULL, NULL, NULL, NULL, NULL, NULL, NULL, 0, NULL, NULL, NULL, NULL),
	(122, 122, NULL, NULL, 31, NULL, 5, 1, 88, 145, NULL, '2017-11-06', NULL, NULL, NULL, NULL, NULL, NULL, NULL, NULL, NULL, 0, NULL, NULL, NULL, NULL),
	(123, 123, NULL, NULL, 11, NULL, 12, 1, 115, 146, NULL, '2017-11-16', NULL, NULL, NULL, NULL, NULL, NULL, NULL, NULL, NULL, 0, NULL, NULL, NULL, NULL),
	(124, 124, NULL, NULL, 8, NULL, 21, 1, 115, 147, NULL, '2017-11-21', NULL, NULL, NULL, NULL, NULL, NULL, NULL, NULL, NULL, 0, NULL, NULL, NULL, NULL),
	(125, 125, NULL, NULL, 8, NULL, 21, 1, 85, 23, NULL, '2017-11-24', NULL, NULL, NULL, NULL, NULL, NULL, NULL, NULL, NULL, 0, NULL, NULL, NULL, NULL),
	(126, 126, NULL, NULL, 31, NULL, 4, 1, 88, 153, NULL, '2018-01-03', NULL, NULL, NULL, NULL, NULL, NULL, NULL, NULL, NULL, 0, NULL, NULL, NULL, NULL),
	(127, 127, NULL, NULL, 0, NULL, 1, 12, 74, 173, NULL, '2018-01-29', NULL, NULL, NULL, NULL, NULL, NULL, NULL, NULL, NULL, 0, NULL, NULL, NULL, NULL),
	(128, 128, NULL, NULL, 8, NULL, 21, 1, 137, 135, NULL, '2018-02-01', NULL, NULL, NULL, NULL, NULL, NULL, NULL, NULL, NULL, 0, NULL, NULL, NULL, NULL),
	(129, 129, NULL, NULL, 8, NULL, 21, 1, 114, 76, NULL, '2018-02-19', NULL, NULL, NULL, NULL, NULL, NULL, NULL, NULL, NULL, 0, NULL, NULL, NULL, NULL),
	(130, 130, NULL, NULL, 31, NULL, 5, 1, 86, 191, NULL, '2018-02-26', NULL, NULL, NULL, NULL, NULL, NULL, NULL, NULL, NULL, 0, NULL, NULL, NULL, NULL),
	(131, 131, NULL, NULL, 31, NULL, 4, 1, 88, 154, NULL, '2018-04-02', NULL, NULL, NULL, NULL, NULL, NULL, NULL, NULL, NULL, 0, NULL, NULL, NULL, NULL),
	(132, 132, NULL, NULL, 0, NULL, 1, 12, 79, 14, NULL, '2018-04-02', NULL, NULL, NULL, NULL, NULL, NULL, NULL, NULL, NULL, 0, NULL, NULL, NULL, NULL),
	(133, 133, NULL, NULL, 34, NULL, 21, 1, 86, 157, NULL, '2018-04-02', NULL, NULL, NULL, NULL, NULL, NULL, NULL, NULL, NULL, 0, NULL, NULL, NULL, NULL),
	(134, 134, NULL, NULL, 34, NULL, 21, 1, 86, 158, NULL, '2018-04-05', NULL, NULL, NULL, NULL, NULL, NULL, NULL, NULL, NULL, 0, NULL, NULL, NULL, NULL),
	(135, 135, NULL, NULL, 4, NULL, 10, 1, 105, 185, NULL, '2018-05-02', NULL, NULL, NULL, NULL, NULL, NULL, NULL, NULL, NULL, 0, NULL, NULL, NULL, NULL),
	(136, 136, NULL, NULL, 10, NULL, 4, 1, 88, 150, NULL, '2018-06-01', NULL, NULL, NULL, NULL, NULL, NULL, NULL, NULL, NULL, 0, NULL, NULL, NULL, NULL),
	(137, 137, NULL, NULL, 10, NULL, 4, 1, 88, 156, NULL, '2018-05-15', NULL, NULL, NULL, NULL, NULL, NULL, NULL, NULL, NULL, 0, NULL, NULL, NULL, NULL),
	(138, 138, NULL, NULL, 31, NULL, 5, 1, 86, 162, NULL, '2018-06-11', NULL, NULL, NULL, NULL, NULL, NULL, NULL, NULL, NULL, 0, NULL, NULL, NULL, NULL),
	(139, 139, NULL, NULL, 31, NULL, 4, 1, 86, 159, NULL, '2018-08-01', NULL, NULL, NULL, NULL, NULL, NULL, NULL, NULL, NULL, 0, NULL, NULL, NULL, NULL),
	(140, 140, NULL, NULL, 37, NULL, 5, 1, 86, 87, NULL, '2018-08-01', NULL, NULL, NULL, NULL, NULL, NULL, NULL, NULL, NULL, 0, NULL, NULL, NULL, NULL),
	(141, 141, NULL, NULL, 31, NULL, 4, 1, 88, 152, NULL, '2018-05-02', NULL, NULL, NULL, NULL, NULL, NULL, NULL, NULL, NULL, 0, NULL, NULL, NULL, NULL),
	(142, 142, NULL, NULL, 34, NULL, 21, 1, 134, 141, NULL, '2018-08-10', NULL, NULL, NULL, NULL, NULL, NULL, NULL, NULL, NULL, 0, NULL, NULL, NULL, NULL),
	(143, 143, NULL, NULL, 21, NULL, 12, 1, 272, 169, NULL, '2018-08-13', NULL, NULL, NULL, NULL, NULL, NULL, NULL, NULL, NULL, 0, NULL, NULL, NULL, NULL),
	(144, 144, NULL, NULL, 37, NULL, 5, 1, 86, 24, NULL, '2018-08-23', NULL, NULL, NULL, NULL, NULL, NULL, NULL, NULL, NULL, 0, NULL, NULL, NULL, NULL),
	(145, 145, NULL, NULL, 10, NULL, 4, 1, 112, 73, NULL, '2018-09-11', NULL, NULL, NULL, NULL, NULL, NULL, NULL, NULL, NULL, 0, NULL, NULL, NULL, NULL),
	(146, 146, NULL, NULL, 0, NULL, 1, 11, 2, 4, NULL, '2018-09-11', NULL, NULL, NULL, NULL, NULL, NULL, NULL, NULL, NULL, 0, NULL, NULL, NULL, NULL),
	(147, 147, NULL, NULL, 0, NULL, 1, 12, 74, 13, NULL, '2018-09-14', NULL, NULL, NULL, NULL, NULL, NULL, NULL, NULL, NULL, 0, NULL, NULL, NULL, NULL),
	(148, 148, NULL, NULL, 0, NULL, 1, 1, 105, 177, NULL, '2018-10-01', NULL, NULL, NULL, NULL, NULL, NULL, NULL, NULL, NULL, 0, NULL, NULL, NULL, NULL),
	(149, 149, NULL, NULL, 0, NULL, 1, 12, 73, 179, NULL, '2018-10-01', NULL, NULL, NULL, NULL, NULL, NULL, NULL, NULL, NULL, 0, NULL, NULL, NULL, NULL),
	(150, 150, NULL, NULL, 0, NULL, 9, 1, 135, 129, NULL, '2018-10-01', NULL, NULL, NULL, NULL, NULL, NULL, NULL, NULL, NULL, 0, NULL, NULL, NULL, NULL),
	(151, 151, NULL, NULL, 0, NULL, 1, 12, 79, 92, NULL, '2018-10-11', NULL, NULL, NULL, NULL, NULL, NULL, NULL, NULL, NULL, 0, NULL, NULL, NULL, NULL),
	(152, 152, NULL, NULL, 31, NULL, 5, 1, 88, 155, NULL, '2018-10-15', NULL, NULL, NULL, NULL, NULL, NULL, NULL, NULL, NULL, 0, NULL, NULL, NULL, NULL),
	(153, 153, NULL, NULL, 8, NULL, 21, 1, 113, 74, NULL, '2018-10-17', NULL, NULL, NULL, NULL, NULL, NULL, NULL, NULL, NULL, 0, NULL, NULL, NULL, NULL),
	(154, 154, NULL, NULL, 35, NULL, 10, 1, 103, 55, NULL, '2018-10-22', NULL, NULL, NULL, NULL, NULL, NULL, NULL, NULL, NULL, 0, NULL, NULL, NULL, NULL),
	(155, 155, NULL, NULL, 34, NULL, 21, 1, 88, 127, NULL, '2018-10-26', NULL, NULL, NULL, NULL, NULL, NULL, NULL, NULL, NULL, 0, NULL, NULL, NULL, NULL),
	(156, 156, NULL, NULL, NULL, NULL, 13, 1, 86, 160, NULL, NULL, NULL, NULL, NULL, NULL, NULL, NULL, NULL, NULL, NULL, 0, NULL, NULL, NULL, NULL),
	(157, 157, NULL, NULL, NULL, NULL, NULL, 1, 105, 100, NULL, NULL, NULL, NULL, NULL, NULL, NULL, NULL, NULL, NULL, NULL, 0, NULL, NULL, NULL, NULL),
	(158, 158, NULL, NULL, NULL, NULL, 1, 12, 73, 180, NULL, '2017-11-28', NULL, NULL, NULL, NULL, NULL, NULL, NULL, NULL, NULL, 0, NULL, NULL, NULL, NULL);
/*!40000 ALTER TABLE `pms_employee_information` ENABLE KEYS */;

-- Dumping structure for table pccdev.pms_employee_status
DROP TABLE IF EXISTS `pms_employee_status`;
CREATE TABLE IF NOT EXISTS `pms_employee_status` (
  `id` int(11) NOT NULL AUTO_INCREMENT,
  `code` varchar(50) DEFAULT NULL,
  `name` varchar(225) DEFAULT NULL,
  `category` int(11) DEFAULT NULL,
  `created_at` timestamp NULL DEFAULT NULL,
  `updated_at` timestamp NULL DEFAULT NULL,
  `created_by` int(11) DEFAULT NULL,
  `updated_by` int(11) DEFAULT NULL,
  PRIMARY KEY (`id`)
) ENGINE=InnoDB AUTO_INCREMENT=11 DEFAULT CHARSET=latin1;

-- Dumping data for table pccdev.pms_employee_status: ~10 rows (approximately)
/*!40000 ALTER TABLE `pms_employee_status` DISABLE KEYS */;
INSERT INTO `pms_employee_status` (`id`, `code`, `name`, `category`, `created_at`, `updated_at`, `created_by`, `updated_by`) VALUES
	(1, 'P', 'Permanent', 1, NULL, NULL, NULL, NULL),
	(2, 'T', 'Temporary', 1, NULL, '2018-07-25 05:33:31', NULL, 2),
	(3, 'JO', 'Job Order', 0, NULL, NULL, NULL, NULL),
	(4, 'CON', 'Contractual', 0, NULL, NULL, NULL, NULL),
	(5, 'CAS', 'Casual', 0, NULL, NULL, NULL, NULL),
	(6, 'COT', 'Coterminous', 1, NULL, NULL, NULL, NULL),
	(7, 'FT', 'Fixed Term', 1, NULL, NULL, NULL, NULL),
	(8, 'PROB', 'Probationary', 1, NULL, NULL, NULL, NULL),
	(9, 'R', 'Regular', 1, NULL, NULL, NULL, NULL),
	(10, 'COS', 'Contract of Service', 0, NULL, NULL, NULL, NULL);
/*!40000 ALTER TABLE `pms_employee_status` ENABLE KEYS */;

-- Dumping structure for table pccdev.pms_gsispolicy
DROP TABLE IF EXISTS `pms_gsispolicy`;
CREATE TABLE IF NOT EXISTS `pms_gsispolicy` (
  `id` int(11) NOT NULL AUTO_INCREMENT,
  `policy_name` varchar(225) DEFAULT NULL,
  `pay_period` varchar(225) DEFAULT NULL,
  `deduction_period` varchar(225) DEFAULT NULL,
  `policy_type` varchar(225) DEFAULT NULL,
  `based_on` varchar(225) DEFAULT NULL,
  `computation` varchar(225) DEFAULT NULL,
  `ee_percentage` decimal(9,2) DEFAULT NULL,
  `er_percentage` decimal(9,2) DEFAULT NULL,
  `remarks` varchar(225) DEFAULT NULL,
  `created_at` timestamp NULL DEFAULT NULL,
  `updated_at` timestamp NULL DEFAULT NULL,
  `updated_by` int(11) DEFAULT NULL,
  PRIMARY KEY (`id`)
) ENGINE=InnoDB AUTO_INCREMENT=2 DEFAULT CHARSET=latin1;

-- Dumping data for table pccdev.pms_gsispolicy: ~0 rows (approximately)
/*!40000 ALTER TABLE `pms_gsispolicy` DISABLE KEYS */;
INSERT INTO `pms_gsispolicy` (`id`, `policy_name`, `pay_period`, `deduction_period`, `policy_type`, `based_on`, `computation`, `ee_percentage`, `er_percentage`, `remarks`, `created_at`, `updated_at`, `updated_by`) VALUES
	(1, 'STANDARD POLICY', 'Monthly', 'Both', 'System Generated', 'Monthly Salary', '{\'EE\':\'.09\',\'ER\':\'.12\',\'EC\':\'.01\'}', 0.09, 0.12, NULL, '2018-06-09 10:25:03', '2018-06-21 03:14:34', NULL);
/*!40000 ALTER TABLE `pms_gsispolicy` ENABLE KEYS */;

-- Dumping structure for table pccdev.pms_jobgrade
DROP TABLE IF EXISTS `pms_jobgrade`;
CREATE TABLE IF NOT EXISTS `pms_jobgrade` (
  `id` int(11) NOT NULL AUTO_INCREMENT,
  `job_grade` varchar(225) DEFAULT NULL,
  `step1` decimal(9,2) DEFAULT NULL,
  `step2` decimal(9,2) DEFAULT NULL,
  `step3` decimal(9,2) DEFAULT NULL,
  `step4` decimal(9,2) DEFAULT NULL,
  `step5` decimal(9,2) DEFAULT NULL,
  `step6` decimal(9,2) DEFAULT NULL,
  `step7` decimal(9,2) DEFAULT NULL,
  `step8` decimal(9,2) DEFAULT NULL,
  `remarks` varchar(225) DEFAULT NULL,
  `created_at` timestamp NULL DEFAULT NULL,
  `updated_at` timestamp NULL DEFAULT NULL,
  `updated_by` int(11) DEFAULT NULL,
  PRIMARY KEY (`id`)
) ENGINE=InnoDB AUTO_INCREMENT=20 DEFAULT CHARSET=latin1;

-- Dumping data for table pccdev.pms_jobgrade: ~19 rows (approximately)
/*!40000 ALTER TABLE `pms_jobgrade` DISABLE KEYS */;
INSERT INTO `pms_jobgrade` (`id`, `job_grade`, `step1`, `step2`, `step3`, `step4`, `step5`, `step6`, `step7`, `step8`, `remarks`, `created_at`, `updated_at`, `updated_by`) VALUES
	(1, '1', 14087.00, 14242.00, 14399.00, 14543.00, 14688.00, 14835.00, 14897.00, 14930.00, NULL, NULL, NULL, NULL),
	(2, '2', 14936.00, 15160.00, 15387.00, 15618.00, 15853.00, 16090.00, 16332.00, 16577.00, NULL, NULL, NULL, NULL),
	(3, '3', 17975.00, 18245.00, 18518.00, 18796.00, 19078.00, 19364.00, 19665.00, 19949.00, NULL, NULL, NULL, NULL),
	(4, '4', 22532.00, 22870.00, 23213.00, 23561.00, 23915.00, 24273.00, 24637.00, 25007.00, NULL, NULL, NULL, NULL),
	(5, '5', 27414.00, 27825.00, 28243.00, 28666.00, 29096.00, 29504.00, 29917.00, 30335.00, NULL, NULL, NULL, NULL),
	(6, '6', 30351.00, 30806.00, 31268.00, 31737.00, 32213.00, 32697.00, 33187.00, 33685.00, NULL, NULL, NULL, NULL),
	(7, '7', 40169.00, 40772.00, 41383.00, 42004.00, 42634.00, 43273.00, 43923.00, 44581.00, NULL, NULL, NULL, NULL),
	(8, '8', 45269.00, 45948.00, 46637.00, 47337.00, 48047.00, 48768.00, 49499.00, 50242.00, NULL, NULL, NULL, NULL),
	(9, '9', 55600.00, 56434.00, 57224.00, 57968.00, 58664.00, 58694.00, 58723.00, 58752.00, NULL, NULL, NULL, NULL),
	(10, '10', 59100.00, 59987.00, 60886.00, 61800.00, 62727.00, 63667.00, 64622.00, 65592.00, NULL, NULL, NULL, NULL),
	(11, '11', 69499.00, 70194.00, 70896.00, 71605.00, 72321.00, 73044.00, 73775.00, 73811.00, NULL, NULL, NULL, NULL),
	(12, '12', 73900.00, 75009.00, 76134.00, 77276.00, 78435.00, 79611.00, 80805.00, 82018.00, NULL, NULL, NULL, NULL),
	(13, '13', 86899.00, 88202.00, 89526.00, 90868.00, 92231.00, 93615.00, 95019.00, 96444.00, NULL, NULL, NULL, NULL),
	(14, '14', 112500.00, 114188.00, 115900.00, 117523.00, 119168.00, 120717.00, 12216.00, 122227.00, NULL, NULL, NULL, NULL),
	(15, '15', 122500.00, 124338.00, 126203.00, 128096.00, 130017.00, 131967.00, 133947.00, 135956.00, NULL, NULL, NULL, NULL),
	(16, '16', 169300.00, 171840.00, 174417.00, 177033.00, 179689.00, 182384.00, 185120.00, 187897.00, NULL, NULL, NULL, NULL),
	(17, '17', 220200.00, 223503.00, 226856.00, 230258.00, 233712.00, 237218.00, 240776.00, 244388.00, NULL, NULL, NULL, NULL),
	(18, '18', 354312.00, 359627.00, 365021.00, NULL, NULL, NULL, NULL, NULL, NULL, NULL, NULL, NULL),
	(19, '19', 531468.00, 539440.00, 547532.00, NULL, NULL, NULL, NULL, NULL, NULL, NULL, NULL, NULL);
/*!40000 ALTER TABLE `pms_jobgrade` ENABLE KEYS */;

-- Dumping structure for table pccdev.pms_leave
DROP TABLE IF EXISTS `pms_leave`;
CREATE TABLE IF NOT EXISTS `pms_leave` (
  `id` int(11) NOT NULL AUTO_INCREMENT,
  `employee_id` int(11) DEFAULT NULL,
  `rata_id` int(11) DEFAULT NULL,
  `leave_type` varchar(225) DEFAULT NULL,
  `number_of_leave_field` int(11) DEFAULT NULL,
  `leave_date` date DEFAULT NULL,
  `created_at` timestamp NULL DEFAULT NULL,
  `updated_at` timestamp NULL DEFAULT NULL,
  `updated_by` int(11) DEFAULT NULL,
  PRIMARY KEY (`id`)
) ENGINE=InnoDB DEFAULT CHARSET=latin1;

-- Dumping data for table pccdev.pms_leave: ~0 rows (approximately)
/*!40000 ALTER TABLE `pms_leave` DISABLE KEYS */;
/*!40000 ALTER TABLE `pms_leave` ENABLE KEYS */;

-- Dumping structure for table pccdev.pms_leave_monetization_transactions
DROP TABLE IF EXISTS `pms_leave_monetization_transactions`;
CREATE TABLE IF NOT EXISTS `pms_leave_monetization_transactions` (
  `id` int(11) NOT NULL AUTO_INCREMENT,
  `employee_id` int(11) DEFAULT NULL,
  `employee_number` varchar(225) DEFAULT NULL,
  `jobgrade_id` int(11) DEFAULT NULL,
  `position_id` int(11) DEFAULT NULL,
  `salary_amount` decimal(9,2) DEFAULT NULL,
  `net_amount` decimal(9,2) DEFAULT NULL,
  `factor_rate` decimal(9,2) DEFAULT NULL,
  `number_of_days` int(11) DEFAULT NULL,
  `remarks` varchar(50) DEFAULT NULL,
  `created_by` int(11) DEFAULT NULL,
  `updated_by` int(11) DEFAULT NULL,
  `created_at` timestamp NULL DEFAULT NULL,
  `updated_at` timestamp NULL DEFAULT NULL,
  PRIMARY KEY (`id`)
) ENGINE=InnoDB DEFAULT CHARSET=latin1;

-- Dumping data for table pccdev.pms_leave_monetization_transactions: ~0 rows (approximately)
/*!40000 ALTER TABLE `pms_leave_monetization_transactions` DISABLE KEYS */;
/*!40000 ALTER TABLE `pms_leave_monetization_transactions` ENABLE KEYS */;

-- Dumping structure for table pccdev.pms_loaninfo_transactions
DROP TABLE IF EXISTS `pms_loaninfo_transactions`;
CREATE TABLE IF NOT EXISTS `pms_loaninfo_transactions` (
  `id` int(11) NOT NULL AUTO_INCREMENT,
  `employee_number` varchar(225) DEFAULT NULL,
  `employee_id` int(11) DEFAULT NULL,
  `transaction_id` int(11) DEFAULT NULL,
  `loan_id` int(11) DEFAULT NULL,
  `loan_info_id` int(11) DEFAULT NULL,
  `amount` decimal(9,2) DEFAULT NULL,
  `year` varchar(50) DEFAULT NULL,
  `month` varchar(50) DEFAULT NULL,
  `created_by` int(11) DEFAULT NULL,
  `updated_by` int(11) DEFAULT NULL,
  `created_at` timestamp NULL DEFAULT NULL,
  `updated_at` timestamp NULL DEFAULT NULL,
  PRIMARY KEY (`id`)
) ENGINE=InnoDB DEFAULT CHARSET=latin1;

-- Dumping data for table pccdev.pms_loaninfo_transactions: ~0 rows (approximately)
/*!40000 ALTER TABLE `pms_loaninfo_transactions` DISABLE KEYS */;
/*!40000 ALTER TABLE `pms_loaninfo_transactions` ENABLE KEYS */;

-- Dumping structure for table pccdev.pms_loans
DROP TABLE IF EXISTS `pms_loans`;
CREATE TABLE IF NOT EXISTS `pms_loans` (
  `id` int(11) NOT NULL AUTO_INCREMENT,
  `code` varchar(225) DEFAULT NULL,
  `name` varchar(225) DEFAULT NULL,
  `loan_type` varchar(225) DEFAULT NULL,
  `category` varchar(225) DEFAULT NULL,
  `gsis_excel_col` varchar(225) DEFAULT NULL,
  `amount` decimal(9,2) DEFAULT NULL,
  `remarks` varchar(225) DEFAULT NULL,
  `created_at` timestamp NULL DEFAULT NULL,
  `updated_at` timestamp NULL DEFAULT NULL,
  `updated_by` int(11) DEFAULT NULL,
  PRIMARY KEY (`id`)
) ENGINE=InnoDB AUTO_INCREMENT=14 DEFAULT CHARSET=latin1;

-- Dumping data for table pccdev.pms_loans: ~13 rows (approximately)
/*!40000 ALTER TABLE `pms_loans` DISABLE KEYS */;
INSERT INTO `pms_loans` (`id`, `code`, `name`, `loan_type`, `category`, `gsis_excel_col`, `amount`, `remarks`, `created_at`, `updated_at`, `updated_by`) VALUES
	(1, 'CONSOLOAN', 'CONSOLOAN', 'GSIS', NULL, NULL, NULL, NULL, '2018-06-19 17:32:01', '2018-06-19 17:32:01', NULL),
	(2, 'POLICY LOAN', 'POLICY LOAN', 'GSIS', NULL, NULL, NULL, NULL, '2018-06-19 17:32:37', '2018-06-19 17:35:22', NULL),
	(3, 'ER', 'EMERGENCY/CALAMITY LOAN', 'GSIS', NULL, NULL, NULL, NULL, '2018-06-19 17:33:50', '2018-06-19 17:33:50', NULL),
	(4, 'OPTIONAL LIFE', 'OPTIONAL LIFE', 'GSIS', NULL, NULL, NULL, NULL, '2018-06-19 17:34:11', '2018-06-19 17:34:11', NULL),
	(5, 'MULTI PURPOSE LOAN', 'MULTI PURPOSE LOAN', 'Pagibig Loan', NULL, NULL, NULL, NULL, '2018-06-19 17:34:41', '2018-06-19 17:34:41', NULL),
	(6, 'CALAMITY LOAN', 'CALAMITY LOAN', 'Pagibig Loan', NULL, NULL, NULL, NULL, '2018-06-19 17:34:58', '2018-06-19 17:34:58', NULL),
	(7, 'EC', 'E-CARD PLUS', 'GSIS', NULL, NULL, NULL, NULL, '2018-08-14 07:26:08', '2018-08-14 07:26:08', NULL),
	(8, 'GSIS SALARY LOAN', 'GSIS SALARY LOAN', 'GSIS', NULL, NULL, NULL, NULL, '2018-08-14 15:42:39', '2018-08-14 15:42:39', NULL),
	(9, 'GSIS EMERGENCY LOAN', 'GSIS EMERGENCY LOAN', 'GSIS', NULL, NULL, NULL, NULL, '2018-08-14 15:43:04', '2018-08-14 15:43:04', NULL),
	(10, 'EDUCATION ASST LOAN', 'EDUCATION ASST LOAN', 'GSIS', NULL, NULL, NULL, NULL, '2018-08-14 15:43:34', '2018-08-14 15:43:34', NULL),
	(11, 'HDMF HOUSING LOAN', 'HDMF HOUSING LOAN', 'Pagibig Loan', NULL, NULL, NULL, NULL, '2018-08-14 15:44:17', '2018-08-14 15:44:17', NULL),
	(12, 'MISCELLANEOUS LOAN', 'MISCELLANEOUS LOAN', 'GSIS', NULL, NULL, NULL, NULL, '2018-08-14 15:45:04', '2018-08-14 15:45:04', NULL),
	(13, 'GSIS HOUSING LOAN', 'GSIS HOUSING LOAN', 'GSIS', NULL, NULL, NULL, NULL, '2018-08-14 15:50:03', '2018-08-14 15:50:03', NULL);
/*!40000 ALTER TABLE `pms_loans` ENABLE KEYS */;

-- Dumping structure for table pccdev.pms_loansinfo
DROP TABLE IF EXISTS `pms_loansinfo`;
CREATE TABLE IF NOT EXISTS `pms_loansinfo` (
  `id` int(11) NOT NULL AUTO_INCREMENT,
  `employeeinfo_id` int(11) DEFAULT NULL,
  `employee_number` varchar(225) DEFAULT NULL,
  `employee_id` int(11) DEFAULT NULL,
  `loan_id` int(11) DEFAULT NULL,
  `loan_totalamount` decimal(9,2) DEFAULT NULL,
  `loan_totalbalance` decimal(9,2) DEFAULT NULL,
  `loan_amortization` decimal(9,2) DEFAULT NULL,
  `loan_pay_period` varchar(225) DEFAULT NULL,
  `loan_date_granted` date DEFAULT NULL,
  `loan_date_started` date DEFAULT NULL,
  `loan_date_end` date DEFAULT NULL,
  `loan_date_terminated` date DEFAULT NULL,
  `created_at` timestamp NULL DEFAULT NULL,
  `updated_at` timestamp NULL DEFAULT NULL,
  `updated_by` int(11) DEFAULT NULL,
  PRIMARY KEY (`id`)
) ENGINE=InnoDB AUTO_INCREMENT=38 DEFAULT CHARSET=latin1;

-- Dumping data for table pccdev.pms_loansinfo: ~37 rows (approximately)
/*!40000 ALTER TABLE `pms_loansinfo` DISABLE KEYS */;
INSERT INTO `pms_loansinfo` (`id`, `employeeinfo_id`, `employee_number`, `employee_id`, `loan_id`, `loan_totalamount`, `loan_totalbalance`, `loan_amortization`, `loan_pay_period`, `loan_date_granted`, `loan_date_started`, `loan_date_end`, `loan_date_terminated`, `created_at`, `updated_at`, `updated_by`) VALUES
	(1, NULL, 'P2016-0036', 23, 5, NULL, NULL, 1920.59, NULL, NULL, NULL, NULL, NULL, NULL, NULL, NULL),
	(2, NULL, 'P2016-0083', 61, 5, NULL, NULL, 3571.44, NULL, NULL, NULL, NULL, NULL, NULL, NULL, NULL),
	(3, NULL, 'P2016-0073', 55, 5, NULL, NULL, 2652.17, NULL, NULL, NULL, NULL, NULL, NULL, NULL, NULL),
	(4, NULL, 'P2017-0127', 92, 5, NULL, NULL, 451.98, NULL, NULL, NULL, NULL, NULL, NULL, NULL, NULL),
	(5, NULL, 'P2016-0048', 33, 5, NULL, NULL, 499.38, NULL, NULL, NULL, NULL, NULL, NULL, NULL, NULL),
	(6, NULL, 'P2016-0055', 40, 5, NULL, NULL, 1269.86, NULL, NULL, NULL, NULL, NULL, NULL, NULL, NULL),
	(7, NULL, 'P2016-0072', 54, 5, NULL, NULL, 2671.61, NULL, NULL, NULL, NULL, NULL, NULL, NULL, NULL),
	(8, NULL, 'P2017-0100', 73, 5, NULL, NULL, 2422.59, NULL, NULL, NULL, NULL, NULL, NULL, NULL, NULL),
	(9, NULL, 'P2017-0128', 93, 5, NULL, NULL, 1383.28, NULL, NULL, NULL, NULL, NULL, NULL, NULL, NULL),
	(10, NULL, 'P2016-0021', 12, 5, NULL, NULL, 1537.65, NULL, NULL, NULL, NULL, NULL, NULL, NULL, NULL),
	(11, NULL, 'P2016-0009', 5, 5, NULL, NULL, 2857.90, NULL, NULL, NULL, NULL, NULL, NULL, NULL, NULL),
	(12, NULL, 'P2016-0082', 60, 1, NULL, NULL, 2381.03, NULL, NULL, NULL, NULL, NULL, NULL, NULL, NULL),
	(13, NULL, 'P2016-0036', 23, 1, NULL, NULL, 15073.20, NULL, NULL, NULL, NULL, NULL, NULL, NULL, NULL),
	(14, NULL, 'P2017-0121', 89, 1, NULL, NULL, 7252.75, NULL, NULL, NULL, NULL, NULL, NULL, NULL, NULL),
	(15, NULL, 'P2017-0138', 100, 1, NULL, NULL, 3551.38, NULL, NULL, NULL, NULL, NULL, NULL, NULL, NULL),
	(16, NULL, 'P2016-0054', 39, 1, NULL, NULL, 1785.79, NULL, NULL, NULL, NULL, NULL, NULL, NULL, NULL),
	(17, NULL, 'P2016-0083', 61, 1, NULL, NULL, 6214.92, NULL, NULL, NULL, NULL, NULL, NULL, NULL, NULL),
	(18, NULL, 'P2016-0073', 55, 1, NULL, NULL, 6214.92, NULL, NULL, NULL, NULL, NULL, NULL, NULL, NULL),
	(19, NULL, 'P2017-0096', 70, 1, NULL, NULL, 11767.59, NULL, NULL, NULL, NULL, NULL, NULL, NULL, NULL),
	(20, NULL, 'P2017-0171', 124, 1, NULL, NULL, 1071.85, NULL, NULL, NULL, NULL, NULL, NULL, NULL, NULL),
	(21, NULL, 'P2016-0068', 51, 1, NULL, NULL, 2825.25, NULL, NULL, NULL, NULL, NULL, NULL, NULL, NULL),
	(22, NULL, 'P2016-0034', 21, 1, NULL, NULL, 9541.42, NULL, NULL, NULL, NULL, NULL, NULL, NULL, NULL),
	(23, NULL, 'P2016-0055', 40, 1, NULL, NULL, 1989.96, NULL, NULL, NULL, NULL, NULL, NULL, NULL, NULL),
	(24, NULL, 'P2016-0038', 24, 1, NULL, NULL, 9316.01, NULL, NULL, NULL, NULL, NULL, NULL, NULL, NULL),
	(25, NULL, 'P2016-0016', 8, 1, NULL, NULL, 16817.85, NULL, NULL, NULL, NULL, NULL, NULL, NULL, NULL),
	(26, NULL, 'P2017-0101', 74, 1, NULL, NULL, 5855.63, NULL, NULL, NULL, NULL, NULL, NULL, NULL, NULL),
	(27, NULL, 'P2016-0013', 7, 1, NULL, NULL, 9783.53, NULL, NULL, NULL, NULL, NULL, NULL, NULL, NULL),
	(28, NULL, 'P2016-0029', 18, 1, NULL, NULL, 6394.81, NULL, NULL, NULL, NULL, NULL, NULL, NULL, NULL),
	(29, NULL, 'P2017-0146', 104, 1, NULL, NULL, 3515.60, NULL, NULL, NULL, NULL, NULL, NULL, NULL, NULL),
	(30, NULL, 'P2016-0072', 54, 1, NULL, NULL, 4608.97, NULL, NULL, NULL, NULL, NULL, NULL, NULL, NULL),
	(31, NULL, 'P2017-0092', 66, 1, NULL, NULL, 1612.98, NULL, NULL, NULL, NULL, NULL, NULL, NULL, NULL),
	(32, NULL, 'P2016-0023', 14, 1, NULL, NULL, 1989.96, NULL, NULL, NULL, NULL, NULL, NULL, NULL, NULL),
	(33, NULL, 'P2016-0006', 4, 1, NULL, NULL, 1989.96, NULL, NULL, NULL, NULL, NULL, NULL, NULL, NULL),
	(34, NULL, 'P2017-0128', 93, 1, NULL, NULL, 1989.96, NULL, NULL, NULL, NULL, NULL, NULL, NULL, NULL),
	(35, NULL, 'P2016-0021', 12, 1, NULL, NULL, 3109.82, NULL, NULL, NULL, NULL, NULL, NULL, NULL, NULL),
	(36, NULL, 'P2016-0009', 5, 1, NULL, NULL, 1989.97, NULL, NULL, NULL, NULL, NULL, NULL, NULL, NULL),
	(37, NULL, 'P2016-0019', 11, 1, NULL, NULL, 10662.25, NULL, NULL, NULL, NULL, NULL, NULL, NULL, NULL);
/*!40000 ALTER TABLE `pms_loansinfo` ENABLE KEYS */;

-- Dumping structure for table pccdev.pms_nonplantilla_employeeinfo
DROP TABLE IF EXISTS `pms_nonplantilla_employeeinfo`;
CREATE TABLE IF NOT EXISTS `pms_nonplantilla_employeeinfo` (
  `id` int(11) NOT NULL AUTO_INCREMENT,
  `employee_id` int(11) DEFAULT NULL,
  `employee_number` varchar(225) DEFAULT NULL,
  `bank_id` int(11) DEFAULT NULL,
  `taxpolicy_id` int(11) DEFAULT NULL,
  `taxpolicy_two_id` int(11) DEFAULT NULL,
  `atm_no` int(11) DEFAULT NULL,
  `daily_rate_amount` decimal(9,2) DEFAULT NULL,
  `overtime_balance_amount` decimal(9,2) DEFAULT NULL,
  `tax_id_number` varchar(225) DEFAULT NULL,
  `created_at` timestamp NULL DEFAULT NULL,
  `updated_at` timestamp NULL DEFAULT NULL,
  `created_by` int(11) DEFAULT NULL,
  `updated_by` int(11) DEFAULT NULL,
  PRIMARY KEY (`id`)
) ENGINE=InnoDB DEFAULT CHARSET=latin1;

-- Dumping data for table pccdev.pms_nonplantilla_employeeinfo: ~0 rows (approximately)
/*!40000 ALTER TABLE `pms_nonplantilla_employeeinfo` DISABLE KEYS */;
/*!40000 ALTER TABLE `pms_nonplantilla_employeeinfo` ENABLE KEYS */;

-- Dumping structure for table pccdev.pms_nonplantilla_transactions
DROP TABLE IF EXISTS `pms_nonplantilla_transactions`;
CREATE TABLE IF NOT EXISTS `pms_nonplantilla_transactions` (
  `id` int(11) NOT NULL AUTO_INCREMENT,
  `employee_number` varchar(225) DEFAULT NULL,
  `employee_id` int(11) DEFAULT NULL,
  `salaryinfo_id` int(11) DEFAULT NULL,
  `division_id` int(11) DEFAULT NULL,
  `company_id` int(11) DEFAULT NULL,
  `position_item_id` int(11) DEFAULT NULL,
  `office_id` int(11) DEFAULT NULL,
  `department_id` int(11) DEFAULT NULL,
  `position_id` int(11) DEFAULT NULL,
  `employee_status_id` int(11) DEFAULT NULL,
  `employeeinfo_id` int(11) DEFAULT NULL,
  `actual_basicpay_amount` decimal(9,2) DEFAULT NULL,
  `adjust_basicpay_amount` decimal(9,2) DEFAULT NULL,
  `total_basicpay_amount` decimal(9,2) DEFAULT NULL,
  `actual_absences_amount` decimal(9,2) DEFAULT NULL,
  `adjust_absences_amount` decimal(9,2) DEFAULT NULL,
  `total_absences_amount` decimal(9,2) DEFAULT NULL,
  `actual_tardiness_amount` decimal(9,2) DEFAULT NULL,
  `adjust_tardiness_amount` decimal(9,2) DEFAULT NULL,
  `total_tardiness_amount` decimal(9,2) DEFAULT NULL,
  `actual_undertime_amount` decimal(9,2) DEFAULT NULL,
  `adjust_undertime_amount` decimal(9,2) DEFAULT NULL,
  `total_undertime_amount` decimal(9,2) DEFAULT NULL,
  `monthly_rate_amount` decimal(9,2) DEFAULT NULL,
  `annual_rate_amount` decimal(9,2) DEFAULT NULL,
  `basic_net_pay` decimal(9,2) DEFAULT NULL,
  `actual_contribution` decimal(9,2) DEFAULT NULL,
  `adjust_contribution` decimal(9,2) DEFAULT NULL,
  `total_contribution` decimal(9,2) DEFAULT NULL,
  `actual_loan` decimal(9,2) DEFAULT NULL,
  `adjust_loan` decimal(9,2) DEFAULT NULL,
  `total_loan` decimal(9,2) DEFAULT NULL,
  `actual_otherdeduct` decimal(9,2) DEFAULT NULL,
  `adjust_otherdeduct` decimal(9,2) DEFAULT NULL,
  `total_otherdeduct` decimal(9,2) DEFAULT NULL,
  `net_deduction` decimal(9,2) DEFAULT NULL,
  `tax_rate_amount_one` decimal(9,2) DEFAULT NULL,
  `tax_rate_amount_two` decimal(9,2) DEFAULT NULL,
  `allowances` decimal(9,2) DEFAULT NULL,
  `gross_pay` decimal(9,2) DEFAULT NULL,
  `gross_taxable_pay` decimal(9,2) DEFAULT NULL,
  `actual_workdays` int(11) DEFAULT NULL,
  `adjust_workdays` int(11) DEFAULT NULL,
  `actual_absences` int(11) DEFAULT NULL,
  `adjust_absences` int(11) DEFAULT NULL,
  `actual_tardiness` int(11) DEFAULT NULL,
  `adjust_tardiness` int(11) DEFAULT NULL,
  `actual_undertime` int(11) DEFAULT NULL,
  `adjust_undertime` int(11) DEFAULT NULL,
  `net_pay` decimal(9,2) DEFAULT NULL,
  `pay_period` varchar(225) DEFAULT NULL,
  `sub_pay_period` varchar(225) DEFAULT NULL,
  `hold` int(11) DEFAULT NULL,
  `year` varchar(225) DEFAULT NULL,
  `month` varchar(225) DEFAULT NULL,
  `created_at` timestamp NULL DEFAULT NULL,
  `updated_at` timestamp NULL DEFAULT NULL,
  `updated_by` int(11) DEFAULT NULL,
  PRIMARY KEY (`id`)
) ENGINE=InnoDB DEFAULT CHARSET=latin1;

-- Dumping data for table pccdev.pms_nonplantilla_transactions: ~0 rows (approximately)
/*!40000 ALTER TABLE `pms_nonplantilla_transactions` DISABLE KEYS */;
/*!40000 ALTER TABLE `pms_nonplantilla_transactions` ENABLE KEYS */;

-- Dumping structure for table pccdev.pms_offices
DROP TABLE IF EXISTS `pms_offices`;
CREATE TABLE IF NOT EXISTS `pms_offices` (
  `id` int(11) NOT NULL AUTO_INCREMENT,
  `code` varchar(50) DEFAULT NULL,
  `name` varchar(225) DEFAULT NULL,
  `created_at` timestamp NULL DEFAULT NULL,
  `updated_at` timestamp NULL DEFAULT NULL,
  `created_by` int(11) DEFAULT NULL,
  `updated_by` int(11) DEFAULT NULL,
  PRIMARY KEY (`id`)
) ENGINE=InnoDB AUTO_INCREMENT=20 DEFAULT CHARSET=latin1;

-- Dumping data for table pccdev.pms_offices: ~19 rows (approximately)
/*!40000 ALTER TABLE `pms_offices` DISABLE KEYS */;
INSERT INTO `pms_offices` (`id`, `code`, `name`, `created_at`, `updated_at`, `created_by`, `updated_by`) VALUES
	(1, NULL, 'Office of the Chairman', NULL, NULL, NULL, NULL),
	(2, NULL, 'Administrative and Legal Office', NULL, '2018-09-30 08:58:49', NULL, 2),
	(3, NULL, 'Finance and Planning Management Office', NULL, NULL, NULL, NULL),
	(4, NULL, 'Competition Enforcement Office', NULL, NULL, NULL, NULL),
	(5, NULL, 'Mergers and Acquisitions Office', NULL, '2018-09-30 08:23:46', NULL, 2),
	(6, 'EO', 'Economics Office', NULL, '2018-07-25 05:15:56', NULL, 2),
	(7, NULL, 'Communications and Knowledge Management Office', NULL, NULL, NULL, NULL),
	(8, NULL, 'Legal Office', NULL, NULL, NULL, NULL),
	(9, NULL, 'Office of the Executive Director', NULL, NULL, NULL, NULL),
	(10, NULL, 'Policy Research and Knowledge Management Office', NULL, NULL, NULL, NULL),
	(11, NULL, 'Administrative Offfice', NULL, '2018-09-30 08:59:02', NULL, 2),
	(12, NULL, 'Financial&#44; Planning and Management Office', NULL, NULL, NULL, NULL),
	(13, NULL, 'Corporate Planning and Management Division', NULL, NULL, NULL, NULL),
	(14, NULL, 'Office of Comm JRB', NULL, NULL, NULL, NULL),
	(15, NULL, 'Office of Comm SAQ', NULL, NULL, NULL, NULL),
	(16, NULL, 'Office of Comm ERB', NULL, NULL, NULL, NULL),
	(17, NULL, 'Office of Comm ACA', NULL, NULL, NULL, NULL),
	(18, NULL, 'Office of Commissioner Stella Luz A. Quimbo', NULL, NULL, NULL, NULL),
	(19, NULL, 'Office of Commissioner Amabelle C. Asuncion', NULL, NULL, NULL, NULL);
/*!40000 ALTER TABLE `pms_offices` ENABLE KEYS */;

-- Dumping structure for table pccdev.pms_overtime
DROP TABLE IF EXISTS `pms_overtime`;
CREATE TABLE IF NOT EXISTS `pms_overtime` (
  `id` int(11) NOT NULL AUTO_INCREMENT,
  `employee_id` int(11) DEFAULT NULL,
  `employee_number` varchar(225) DEFAULT NULL,
  `previous_balance` decimal(9,2) DEFAULT NULL,
  `used_amount` decimal(9,2) DEFAULT NULL,
  `available_balance` decimal(9,2) DEFAULT NULL,
  `actual_regular_overtime` decimal(9,2) DEFAULT NULL,
  `adjust_regular_overtime` decimal(9,2) DEFAULT NULL,
  `total_regular_amount` decimal(9,2) DEFAULT NULL,
  `actual_special_overtime` decimal(9,2) DEFAULT NULL,
  `adjust_special_overtime` decimal(9,2) DEFAULT NULL,
  `total_special_amount` decimal(9,2) DEFAULT NULL,
  `actual_regular_holiday_overtime` decimal(9,2) DEFAULT NULL,
  `adjust_regular_holiday_overtime` decimal(9,2) DEFAULT NULL,
  `total_regular_holiday_amount` decimal(9,2) DEFAULT NULL,
  `total_overtime_amount` decimal(9,2) DEFAULT NULL,
  `year` varchar(50) DEFAULT NULL,
  `month` varchar(50) DEFAULT NULL,
  `pay_period` varchar(50) DEFAULT NULL,
  `sub_pay_period` varchar(50) DEFAULT NULL,
  `created_at` timestamp NULL DEFAULT NULL,
  `updated_at` timestamp NULL DEFAULT NULL,
  `created_by` int(11) DEFAULT NULL,
  `updated_by` int(11) DEFAULT NULL,
  PRIMARY KEY (`id`)
) ENGINE=InnoDB AUTO_INCREMENT=5 DEFAULT CHARSET=latin1;

-- Dumping data for table pccdev.pms_overtime: ~4 rows (approximately)
/*!40000 ALTER TABLE `pms_overtime` DISABLE KEYS */;
INSERT INTO `pms_overtime` (`id`, `employee_id`, `employee_number`, `previous_balance`, `used_amount`, `available_balance`, `actual_regular_overtime`, `adjust_regular_overtime`, `total_regular_amount`, `actual_special_overtime`, `adjust_special_overtime`, `total_special_amount`, `actual_regular_holiday_overtime`, `adjust_regular_holiday_overtime`, `total_regular_holiday_amount`, `total_overtime_amount`, `year`, `month`, `pay_period`, `sub_pay_period`, `created_at`, `updated_at`, `created_by`, `updated_by`) VALUES
	(1, 92, 'P2017-0092', 164484.00, NULL, NULL, NULL, NULL, NULL, NULL, NULL, NULL, NULL, NULL, NULL, NULL, '2018', 'January', 'monthly', NULL, '2018-11-13 14:58:09', '2018-11-13 14:58:09', NULL, NULL),
	(2, 92, NULL, 164484.00, 233.64, 164250.36, 12.00, NULL, 233.64, NULL, NULL, 0.00, NULL, NULL, 0.00, 233.64, '2018', 'January', 'monthly', NULL, '2018-11-13 14:58:18', '2018-11-13 14:58:18', NULL, NULL),
	(3, 66, 'P2016-0066', 182106.00, NULL, NULL, NULL, NULL, NULL, NULL, NULL, NULL, NULL, NULL, NULL, NULL, '2018', 'January', 'monthly', NULL, '2018-11-15 08:35:38', '2018-11-15 08:35:38', NULL, NULL),
	(4, 66, NULL, 182106.00, 258.67, 181847.33, 12.00, NULL, 258.67, NULL, NULL, 0.00, NULL, NULL, 0.00, 258.67, '2018', 'January', 'monthly', NULL, '2018-11-15 08:35:48', '2018-11-15 08:35:48', NULL, NULL);
/*!40000 ALTER TABLE `pms_overtime` ENABLE KEYS */;

-- Dumping structure for table pccdev.pms_pagibigpolicy
DROP TABLE IF EXISTS `pms_pagibigpolicy`;
CREATE TABLE IF NOT EXISTS `pms_pagibigpolicy` (
  `id` int(11) NOT NULL AUTO_INCREMENT,
  `policy_name` varchar(225) DEFAULT NULL,
  `pay_period` varchar(225) DEFAULT NULL,
  `deduction_period` varchar(225) DEFAULT NULL,
  `policy_type` varchar(225) DEFAULT NULL,
  `based_on` varchar(225) DEFAULT NULL,
  `value` decimal(9,2) DEFAULT NULL,
  `remarks` varchar(225) DEFAULT NULL,
  `created_at` timestamp NULL DEFAULT NULL,
  `updated_at` timestamp NULL DEFAULT NULL,
  `updated_by` int(11) DEFAULT NULL,
  PRIMARY KEY (`id`)
) ENGINE=InnoDB AUTO_INCREMENT=3 DEFAULT CHARSET=latin1;

-- Dumping data for table pccdev.pms_pagibigpolicy: ~0 rows (approximately)
/*!40000 ALTER TABLE `pms_pagibigpolicy` DISABLE KEYS */;
INSERT INTO `pms_pagibigpolicy` (`id`, `policy_name`, `pay_period`, `deduction_period`, `policy_type`, `based_on`, `value`, `remarks`, `created_at`, `updated_at`, `updated_by`) VALUES
	(2, 'STANDARD POLICY', NULL, 'Both', 'System Generated', 'Monthly Salary', NULL, NULL, '2018-06-21 03:12:28', '2018-06-21 03:12:28', NULL);
/*!40000 ALTER TABLE `pms_pagibigpolicy` ENABLE KEYS */;

-- Dumping structure for table pccdev.pms_payroll_information
DROP TABLE IF EXISTS `pms_payroll_information`;
CREATE TABLE IF NOT EXISTS `pms_payroll_information` (
  `id` int(11) NOT NULL AUTO_INCREMENT,
  `bp_no` varchar(225) DEFAULT NULL,
  `employee_id` int(11) DEFAULT NULL,
  `employee_number` varchar(225) DEFAULT NULL,
  `gsispolicy_id` int(11) DEFAULT NULL,
  `pagibigpolicy_id` int(11) DEFAULT NULL,
  `philhealthpolicy_id` int(11) DEFAULT NULL,
  `taxpolicy_id` int(11) DEFAULT NULL,
  `bank_id` int(11) DEFAULT NULL,
  `bankbranch_id` int(11) DEFAULT NULL,
  `wagestatus_id` int(11) DEFAULT NULL,
  `providentfund_id` int(11) DEFAULT NULL,
  `daily_rate_amount` decimal(9,2) DEFAULT NULL,
  `monthly_rate_amount` decimal(9,2) DEFAULT NULL,
  `annual_rate_amount` decimal(9,2) DEFAULT NULL,
  `pagibig_contribution` decimal(9,2) DEFAULT NULL,
  `er_pagibig_share` decimal(9,2) DEFAULT NULL,
  `philhealth_contribution` decimal(9,2) DEFAULT NULL,
  `er_philhealth_share` decimal(9,2) DEFAULT NULL,
  `gsis_contribution` decimal(9,2) DEFAULT NULL,
  `er_gsis_share` decimal(9,2) DEFAULT NULL,
  `tax_contribution` decimal(9,2) DEFAULT NULL,
  `overtime_balance_amount` decimal(9,2) DEFAULT NULL,
  `atm_no` varchar(225) DEFAULT NULL,
  `pagibig2` decimal(9,2) DEFAULT NULL,
  `pagibig_personal` decimal(9,2) DEFAULT NULL,
  `no_ofdays_inayear` int(11) DEFAULT NULL,
  `no_ofdays_inamonth` int(11) DEFAULT NULL,
  `total_hours_inaday` int(11) DEFAULT NULL,
  `tax_payperiod` varchar(255) DEFAULT NULL,
  `tax_bracket` varchar(255) DEFAULT NULL,
  `tax_bracket_amount` decimal(9,2) DEFAULT NULL,
  `tax_inexcess` decimal(9,2) DEFAULT NULL,
  `union_dues` decimal(9,2) DEFAULT NULL,
  `mid_year_bonus` tinyint(4) DEFAULT NULL,
  `year_end_bonus` tinyint(4) DEFAULT NULL,
  `tax_id_number` varchar(225) DEFAULT NULL,
  `created_at` timestamp NULL DEFAULT NULL,
  `updated_at` timestamp NULL DEFAULT NULL,
  `updated_by` int(11) DEFAULT NULL,
  PRIMARY KEY (`id`)
) ENGINE=InnoDB AUTO_INCREMENT=93 DEFAULT CHARSET=latin1;

-- Dumping data for table pccdev.pms_payroll_information: ~86 rows (approximately)
/*!40000 ALTER TABLE `pms_payroll_information` DISABLE KEYS */;
INSERT INTO `pms_payroll_information` (`id`, `bp_no`, `employee_id`, `employee_number`, `gsispolicy_id`, `pagibigpolicy_id`, `philhealthpolicy_id`, `taxpolicy_id`, `bank_id`, `bankbranch_id`, `wagestatus_id`, `providentfund_id`, `daily_rate_amount`, `monthly_rate_amount`, `annual_rate_amount`, `pagibig_contribution`, `er_pagibig_share`, `philhealth_contribution`, `er_philhealth_share`, `gsis_contribution`, `er_gsis_share`, `tax_contribution`, `overtime_balance_amount`, `atm_no`, `pagibig2`, `pagibig_personal`, `no_ofdays_inayear`, `no_ofdays_inamonth`, `total_hours_inaday`, `tax_payperiod`, `tax_bracket`, `tax_bracket_amount`, `tax_inexcess`, `union_dues`, `mid_year_bonus`, `year_end_bonus`, `tax_id_number`, `created_at`, `updated_at`, `updated_by`) VALUES
	(1, NULL, 66, 'P2017-0092', 1, 2, 2, 2, NULL, NULL, NULL, NULL, 1246.09, 27414.00, 328968.00, 100.00, 100.00, 376.94, 376.94, 2467.26, 3289.68, 1316.20, 164484.00, NULL, 0.00, 0.00, NULL, NULL, NULL, NULL, '20833', 0.00, 6581.00, NULL, NULL, NULL, NULL, '2018-11-19 08:32:40', '2018-11-19 08:32:40', NULL),
	(2, NULL, 158, 'P2017-0175', 1, 2, 2, 2, NULL, NULL, NULL, NULL, 640.32, 14087.00, 169044.00, 100.00, 100.00, 193.70, 193.70, 1267.83, 1690.44, 0.00, 84522.00, NULL, 0.00, 0.00, NULL, NULL, NULL, NULL, '0', 0.00, 14087.00, NULL, NULL, NULL, NULL, '2018-11-19 08:32:49', '2018-11-19 08:32:49', NULL),
	(3, NULL, 13, 'P2016-0022', 1, 2, 2, 2, NULL, NULL, NULL, NULL, 2686.36, 59100.00, 709200.00, 100.00, 100.00, 550.00, 550.00, 5319.00, 7092.00, 8941.75, 354600.00, NULL, 0.00, 0.00, NULL, NULL, NULL, NULL, '33333', 2500.00, 25767.00, NULL, NULL, NULL, NULL, '2018-11-19 08:39:18', '2018-11-19 08:39:18', NULL),
	(4, NULL, 87, 'P2017-0118', 1, 2, 2, 2, NULL, NULL, NULL, NULL, 2527.27, 55600.00, 667200.00, 100.00, 100.00, 550.00, 550.00, 5004.00, 6672.00, 8066.75, 333600.00, NULL, 0.00, 0.00, NULL, NULL, NULL, NULL, '33333', 2500.00, 22267.00, NULL, NULL, NULL, NULL, '2018-11-19 08:39:27', '2018-11-19 08:39:27', NULL),
	(5, NULL, 79, 'P2017-0106', 1, 2, 2, 2, NULL, NULL, NULL, NULL, 2686.36, 59100.00, 709200.00, 100.00, 100.00, 550.00, 550.00, 5319.00, 7092.00, 8941.75, 354600.00, NULL, 0.00, 0.00, NULL, NULL, NULL, NULL, '33333', 2500.00, 25767.00, NULL, NULL, NULL, NULL, '2018-11-19 08:39:41', '2018-11-19 08:39:41', NULL),
	(6, NULL, 50, 'P2016-0066', 1, 2, 2, 2, NULL, NULL, NULL, NULL, 1379.59, 30351.00, 364212.00, 100.00, 100.00, 417.33, 417.33, 2731.59, 3642.12, 1903.60, 182106.00, NULL, 0.00, 0.00, NULL, NULL, NULL, NULL, '20833', 0.00, 9518.00, NULL, NULL, NULL, NULL, '2018-11-19 08:39:54', '2018-11-19 08:39:54', NULL),
	(7, NULL, 127, 'P2018-0178', 1, 2, 2, 2, NULL, NULL, NULL, NULL, 3159.05, 69499.00, 833988.00, 100.00, 100.00, 550.00, 550.00, 6254.91, 8339.88, 11682.93, 416994.00, NULL, 0.00, 0.00, NULL, NULL, NULL, NULL, '66667', 10833.33, 2832.00, NULL, NULL, NULL, NULL, '2018-11-19 08:40:15', '2018-11-19 08:40:15', NULL),
	(8, NULL, 53, 'P2016-0071', 1, 2, 2, 2, NULL, NULL, NULL, NULL, 3159.05, 69499.00, 833988.00, 100.00, 100.00, 550.00, 550.00, 6254.91, 8339.88, 11682.93, 416994.00, NULL, 0.00, 0.00, NULL, NULL, NULL, NULL, '66667', 10833.33, 2832.00, NULL, NULL, NULL, NULL, '2018-11-19 08:40:29', '2018-11-19 08:40:29', NULL),
	(9, NULL, 47, 'P2016-0062', 1, 2, 2, 2, NULL, NULL, NULL, NULL, 5113.64, 112500.00, 1350000.00, 100.00, 100.00, 550.00, 550.00, 10125.00, 13500.00, 24583.23, 675000.00, NULL, 0.00, 0.00, NULL, NULL, NULL, NULL, '66667', 10833.33, 45833.00, NULL, NULL, NULL, NULL, '2018-11-19 08:41:01', '2018-11-19 08:41:01', NULL),
	(10, NULL, 103, 'P2017-0143', 1, 2, 2, 2, NULL, NULL, NULL, NULL, 2057.68, 45269.00, 543228.00, 100.00, 100.00, 550.00, 550.00, 4074.21, 5432.28, 4302.86, 271614.00, NULL, 0.00, 0.00, NULL, NULL, NULL, NULL, '33333.33', 2500.00, 7211.46, NULL, NULL, NULL, NULL, '2018-11-19 11:18:59', '2018-11-19 11:18:59', NULL),
	(11, NULL, 74, 'P2017-0101', 1, 2, 2, 2, NULL, NULL, NULL, NULL, 3159.05, 69499.00, 833988.00, 100.00, 100.00, 550.00, 550.00, 6254.91, 8339.88, 9815.19, 416994.00, NULL, 0.00, 0.00, NULL, NULL, NULL, NULL, '33333.33', 2500.00, 29260.76, NULL, NULL, NULL, NULL, '2018-11-19 11:19:13', '2018-11-19 11:19:13', NULL),
	(12, NULL, 65, 'P2017-0090', 1, 2, 2, 2, NULL, NULL, NULL, NULL, 16105.09, 354312.00, 4251744.00, 100.00, 100.00, 550.00, 550.00, 31888.08, 42517.44, 90467.65, 2125872.00, NULL, 0.00, 0.00, NULL, NULL, NULL, NULL, '166666.66', 40833.33, 155107.26, NULL, NULL, NULL, NULL, '2018-11-19 11:19:24', '2018-11-19 11:19:24', NULL),
	(13, NULL, 78, 'P2017-0105', 1, 2, 2, 2, NULL, NULL, NULL, NULL, 3159.05, 69499.00, 833988.00, 100.00, 100.00, 550.00, 550.00, 6254.91, 8339.88, 9815.19, 416994.00, NULL, 0.00, 0.00, NULL, NULL, NULL, NULL, '33333.33', 2500.00, 29260.76, NULL, NULL, NULL, NULL, '2018-11-19 11:19:34', '2018-11-19 11:19:34', NULL),
	(14, NULL, 60, 'P2016-0082', 1, 2, 2, 2, NULL, NULL, NULL, NULL, 1379.59, 30351.00, 364212.00, 100.00, 100.00, 417.33, 417.33, 2731.59, 3642.12, 1253.75, 182106.00, NULL, 0.00, 0.00, NULL, NULL, NULL, NULL, '20833.33', 0.00, 6268.75, NULL, NULL, NULL, NULL, '2018-11-20 01:49:01', '2018-11-20 01:49:01', NULL),
	(15, NULL, 7, 'P2016-0013', 1, 2, 2, 2, NULL, NULL, NULL, NULL, 7695.45, 169300.00, 2031600.00, 100.00, 100.00, 550.00, 550.00, 15237.00, 20316.00, 36857.23, 1015800.00, NULL, 0.00, 0.00, NULL, NULL, NULL, NULL, '66666.66', 10833.33, 86746.34, NULL, NULL, NULL, NULL, '2018-11-20 01:49:10', '2018-11-20 01:49:10', NULL),
	(16, NULL, 2, 'P2016-0002', 1, 2, 2, 2, NULL, NULL, NULL, NULL, 16105.09, 354312.00, 4251744.00, 100.00, 100.00, 550.00, 550.00, 31888.08, 42517.44, 90467.65, 2125872.00, NULL, 0.00, 0.00, NULL, NULL, NULL, NULL, '166666.66', 40833.33, 155107.26, NULL, NULL, NULL, NULL, '2018-11-20 01:49:23', '2018-11-20 01:49:23', NULL),
	(17, NULL, 151, 'P2018-0212', 1, 2, 2, 2, NULL, NULL, NULL, NULL, 1379.59, 30351.00, 364212.00, 100.00, 100.00, 417.33, 417.33, 2731.59, 3642.12, 1253.75, 182106.00, NULL, 0.00, 0.00, NULL, NULL, NULL, NULL, '20833.33', 0.00, 6268.75, NULL, NULL, NULL, NULL, '2018-11-20 01:49:34', '2018-11-20 01:49:34', NULL),
	(18, NULL, 71, 'P2017-0097', 1, 2, 2, 2, NULL, NULL, NULL, NULL, 3949.95, 86899.00, 1042788.00, 100.00, 100.00, 550.00, 550.00, 7820.91, 10427.88, 14361.76, 521394.00, NULL, 0.00, 0.00, NULL, NULL, NULL, NULL, '66666.66', 10833.33, 11761.43, NULL, NULL, NULL, NULL, '2018-11-20 01:49:43', '2018-11-20 01:49:43', NULL),
	(19, NULL, 136, 'P2018-0194', 1, 2, 2, 2, NULL, NULL, NULL, NULL, 1246.09, 27414.00, 328968.00, 100.00, 100.00, 376.94, 376.94, 2467.26, 3289.68, 727.29, 164484.00, NULL, 0.00, 0.00, NULL, NULL, NULL, NULL, '20833.33', 0.00, 3636.47, NULL, NULL, NULL, NULL, '2018-11-20 01:49:52', '2018-11-20 01:49:52', NULL),
	(20, NULL, 130, 'P2018-0181', 1, 2, 2, 2, NULL, NULL, NULL, NULL, 2057.68, 45269.00, 543228.00, 100.00, 100.00, 550.00, 550.00, 4074.21, 5432.28, 4302.86, 271614.00, NULL, 0.00, 0.00, NULL, NULL, NULL, NULL, '33333.33', 2500.00, 7211.46, NULL, NULL, NULL, NULL, '2018-11-20 02:07:08', '2018-11-20 02:07:08', NULL),
	(21, NULL, 51, 'P2016-0068', 1, 2, 2, 2, NULL, NULL, NULL, NULL, 2527.27, 55600.00, 667200.00, 100.00, 100.00, 550.00, 550.00, 5004.00, 6672.00, 6653.17, 333600.00, NULL, 0.00, 0.00, NULL, NULL, NULL, NULL, '33333.33', 2500.00, 16612.67, NULL, NULL, NULL, NULL, '2018-11-20 02:07:24', '2018-11-20 02:07:24', NULL),
	(22, NULL, 146, 'P2018-0207', 1, 2, 2, 2, NULL, NULL, NULL, NULL, 16105.09, 354312.00, 4251744.00, 100.00, 100.00, 550.00, 550.00, 31888.08, 42517.44, 90467.65, 2125872.00, NULL, 0.00, 0.00, NULL, NULL, NULL, NULL, '166666.66', 40833.33, 155107.26, NULL, NULL, NULL, NULL, '2018-11-20 02:07:34', '2018-11-20 02:07:34', NULL),
	(23, NULL, 120, 'P2017-0166', 1, 2, 2, 2, NULL, NULL, NULL, NULL, 2686.36, 59100.00, 709200.00, 100.00, 100.00, 550.00, 550.00, 5319.00, 7092.00, 7449.42, 354600.00, NULL, 0.00, 0.00, NULL, NULL, NULL, NULL, '33333.33', 2500.00, 19797.67, NULL, NULL, NULL, NULL, '2018-11-20 02:07:42', '2018-11-20 02:07:42', NULL),
	(24, NULL, 62, 'P2017-0085', 1, 2, 2, 2, NULL, NULL, NULL, NULL, 2527.27, 55600.00, 667200.00, 100.00, 100.00, 550.00, 550.00, 5004.00, 6672.00, 6653.17, 333600.00, NULL, 0.00, 0.00, NULL, NULL, NULL, NULL, '33333.33', 2500.00, 16612.67, NULL, NULL, NULL, NULL, '2018-11-20 02:07:56', '2018-11-20 02:07:56', NULL),
	(25, NULL, 4, 'P2016-0006', 1, 2, 2, 2, NULL, NULL, NULL, NULL, 640.32, 14087.00, 169044.00, 100.00, 100.00, 193.70, 193.70, 1267.83, 1690.44, 0.00, 84522.00, NULL, 0.00, 0.00, NULL, NULL, NULL, NULL, '0', 0.00, 12525.47, NULL, NULL, NULL, NULL, '2018-11-20 02:10:21', '2018-11-20 02:10:21', NULL),
	(26, NULL, 42, 'P2016-0057', 1, 2, 2, 2, NULL, NULL, NULL, NULL, 2527.27, 55600.00, 667200.00, 100.00, 100.00, 550.00, 550.00, 5004.00, 6672.00, 6653.17, 333600.00, NULL, 0.00, 0.00, NULL, NULL, NULL, NULL, '33333.33', 2500.00, 16612.67, NULL, NULL, NULL, NULL, '2018-11-20 02:10:29', '2018-11-20 02:10:29', NULL),
	(27, NULL, 149, 'P2018-0210', 1, 2, 2, 2, NULL, NULL, NULL, NULL, 640.32, 14087.00, 169044.00, 100.00, 100.00, 193.70, 193.70, 1267.83, 1690.44, 0.00, 84522.00, NULL, 0.00, 0.00, NULL, NULL, NULL, NULL, '0', 0.00, 12525.47, NULL, NULL, NULL, NULL, '2018-11-20 02:10:38', '2018-11-20 02:10:38', NULL),
	(28, NULL, 36, 'P2016-0051', 1, 2, 2, 2, NULL, NULL, NULL, NULL, 3949.95, 86899.00, 1042788.00, 100.00, 100.00, 550.00, 550.00, 7820.91, 10427.88, 14361.76, 521394.00, NULL, 0.00, 0.00, NULL, NULL, NULL, NULL, '66666.66', 10833.33, 11761.43, NULL, NULL, NULL, NULL, '2018-11-20 02:10:46', '2018-11-20 02:10:46', NULL),
	(29, NULL, 40, 'P2016-0055', 1, 2, 2, 2, NULL, NULL, NULL, NULL, 640.32, 14087.00, 169044.00, 100.00, 100.00, 193.70, 193.70, 1267.83, 1690.44, 0.00, 84522.00, NULL, 0.00, 0.00, NULL, NULL, NULL, NULL, '0', 0.00, 12525.47, NULL, NULL, NULL, NULL, '2018-11-20 02:10:55', '2018-11-20 02:10:55', NULL),
	(30, NULL, 14, 'P2016-0023', 1, 2, 2, 2, NULL, NULL, NULL, NULL, 640.32, 14087.00, 169044.00, 100.00, 100.00, 193.70, 193.70, 1267.83, 1690.44, 0.00, 84522.00, NULL, 0.00, 0.00, NULL, NULL, NULL, NULL, '0', 0.00, 12525.47, NULL, NULL, NULL, NULL, '2018-11-20 02:11:03', '2018-11-20 02:11:03', NULL),
	(31, NULL, 14, 'P2016-0023', 1, 2, 2, 2, NULL, NULL, NULL, NULL, 0.00, 0.00, 0.00, 100.00, 100.00, 193.70, 193.70, 1267.83, 1690.44, 0.00, 0.00, NULL, 0.00, 0.00, NULL, NULL, NULL, NULL, '0', 0.00, 12525.47, NULL, NULL, NULL, NULL, '2018-11-20 02:11:10', '2018-11-20 02:11:10', NULL),
	(32, NULL, 56, 'P2016-0074', 1, 2, 2, 2, NULL, NULL, NULL, NULL, 5113.64, 112500.00, 1350000.00, 100.00, 100.00, 550.00, 550.00, 10125.00, 13500.00, 21350.83, 675000.00, NULL, 0.00, 0.00, NULL, NULL, NULL, NULL, '66666.66', 10833.33, 35058.34, NULL, NULL, NULL, NULL, '2018-11-20 02:11:18', '2018-11-20 02:11:18', NULL),
	(33, NULL, 85, 'P2017-0115', 1, 2, 2, 2, NULL, NULL, NULL, NULL, 2057.68, 45269.00, 543228.00, 100.00, 100.00, 550.00, 550.00, 4074.21, 5432.28, 4302.86, 271614.00, NULL, 0.00, 0.00, NULL, NULL, NULL, NULL, '33333.33', 2500.00, 7211.46, NULL, NULL, NULL, NULL, '2018-11-20 02:11:26', '2018-11-20 02:11:26', NULL),
	(34, NULL, 83, 'P2017-0112', 1, 2, 2, 2, NULL, NULL, NULL, NULL, 2686.36, 59100.00, 709200.00, 100.00, 100.00, 550.00, 550.00, 5319.00, 7092.00, 7449.42, 354600.00, NULL, 0.00, 0.00, NULL, NULL, NULL, NULL, '33333.33', 2500.00, 19797.67, NULL, NULL, NULL, NULL, '2018-11-20 02:11:35', '2018-11-20 02:11:35', NULL),
	(35, NULL, 28, 'P2016-0043', 1, 2, 2, 2, NULL, NULL, NULL, NULL, 2527.27, 55600.00, 667200.00, 100.00, 100.00, 550.00, 550.00, 5004.00, 6672.00, 6653.17, 333600.00, NULL, 0.00, 0.00, NULL, NULL, NULL, NULL, '33333.33', 2500.00, 16612.67, NULL, NULL, NULL, NULL, '2018-11-20 02:11:43', '2018-11-20 02:11:43', NULL),
	(36, NULL, 32, 'P2016-0047', 1, 2, 2, 2, NULL, NULL, NULL, NULL, 2527.27, 55600.00, 667200.00, 100.00, 100.00, 550.00, 550.00, 5004.00, 6672.00, 6653.17, 333600.00, NULL, 0.00, 0.00, NULL, NULL, NULL, NULL, '33333.33', 2500.00, 16612.67, NULL, NULL, NULL, NULL, '2018-11-20 02:11:52', '2018-11-20 02:11:52', NULL),
	(37, NULL, 48, 'P2016-0064', 1, 2, 2, 2, NULL, NULL, NULL, NULL, 1825.86, 40169.00, 482028.00, 100.00, 100.00, 552.32, 552.32, 3615.21, 4820.28, 3142.03, 241014.00, NULL, 0.00, 0.00, NULL, NULL, NULL, NULL, '33333.33', 2500.00, 2568.14, NULL, NULL, NULL, NULL, '2018-11-20 02:11:59', '2018-11-20 02:11:59', NULL),
	(38, NULL, 58, 'P2016-0078', 1, 2, 2, 2, NULL, NULL, NULL, NULL, 1379.59, 30351.00, 364212.00, 100.00, 100.00, 417.33, 417.33, 2731.59, 3642.12, 1253.75, 182106.00, NULL, 0.00, 0.00, NULL, NULL, NULL, NULL, '20833.33', 0.00, 6268.75, NULL, NULL, NULL, NULL, '2018-11-20 02:12:15', '2018-11-20 02:12:15', NULL),
	(39, NULL, 152, 'P2018-0213', 1, 2, 2, 2, NULL, NULL, NULL, NULL, 1246.09, 27414.00, 328968.00, 100.00, 100.00, 376.94, 376.94, 2467.26, 3289.68, 727.29, 164484.00, NULL, 0.00, 0.00, NULL, NULL, NULL, NULL, '20833.33', 0.00, 3636.47, NULL, NULL, NULL, NULL, '2018-11-20 02:12:31', '2018-11-20 02:12:31', NULL),
	(40, NULL, 109, 'P2017-0152', 1, 2, 2, 2, NULL, NULL, NULL, NULL, 1024.18, 22532.00, 270384.00, 100.00, 100.00, 309.81, 309.82, 2027.88, 2703.84, 0.00, 135192.00, NULL, 0.00, 0.00, NULL, NULL, NULL, NULL, '0', 0.00, 20094.31, NULL, NULL, NULL, NULL, '2018-11-20 02:12:38', '2018-11-20 02:12:38', NULL),
	(41, NULL, 131, 'P2018-0185', 1, 2, 2, 2, NULL, NULL, NULL, NULL, 1246.09, 27414.00, 328968.00, 100.00, 100.00, 376.94, 376.94, 2467.26, 3289.68, 727.29, 164484.00, NULL, 0.00, 0.00, NULL, NULL, NULL, NULL, '20833.33', 0.00, 3636.47, NULL, NULL, NULL, NULL, '2018-11-20 02:12:46', '2018-11-20 02:12:46', NULL),
	(42, NULL, 153, 'P2018-0214', 1, 2, 2, 2, NULL, NULL, NULL, NULL, 1024.18, 22532.00, 270384.00, 100.00, 100.00, 309.81, 309.82, 2027.88, 2703.84, 0.00, 135192.00, NULL, 0.00, 0.00, NULL, NULL, NULL, NULL, '0', 0.00, 20094.31, NULL, NULL, NULL, NULL, '2018-11-20 02:12:53', '2018-11-20 02:12:53', NULL),
	(43, NULL, 122, 'P2017-0169', 1, 2, 2, 2, NULL, NULL, NULL, NULL, 1246.09, 27414.00, 328968.00, 100.00, 100.00, 376.94, 376.94, 2467.26, 3289.68, 727.29, 164484.00, NULL, 0.00, 0.00, NULL, NULL, NULL, NULL, '20833.33', 0.00, 3636.47, NULL, NULL, NULL, NULL, '2018-11-20 02:13:01', '2018-11-20 02:13:01', NULL),
	(44, NULL, 38, 'P2016-0053', 1, 2, 2, 2, NULL, NULL, NULL, NULL, 1825.86, 40169.00, 482028.00, 100.00, 100.00, 552.32, 552.32, 3615.21, 4820.28, 3142.03, 241014.00, NULL, 0.00, 0.00, NULL, NULL, NULL, NULL, '33333.33', 2500.00, 2568.14, NULL, NULL, NULL, NULL, '2018-11-20 02:13:18', '2018-11-20 02:13:18', NULL),
	(45, NULL, 43, 'P2016-0058', 1, 2, 2, 2, NULL, NULL, NULL, NULL, 1825.86, 40169.00, 482028.00, 100.00, 100.00, 552.32, 552.32, 3615.21, 4820.28, 3142.03, 241014.00, NULL, 0.00, 0.00, NULL, NULL, NULL, NULL, '33333.33', 2500.00, 2568.14, NULL, NULL, NULL, NULL, '2018-11-20 02:13:26', '2018-11-20 02:13:26', NULL),
	(46, NULL, 150, 'P2018-0211', 1, 2, 2, 2, NULL, NULL, NULL, NULL, 1379.59, 30351.00, 364212.00, 100.00, 100.00, 417.33, 417.33, 2731.59, 3642.12, 1253.75, 182106.00, NULL, 0.00, 0.00, NULL, NULL, NULL, NULL, '20833.33', 0.00, 6268.75, NULL, NULL, NULL, NULL, '2018-11-20 02:13:33', '2018-11-20 02:13:33', NULL),
	(47, NULL, 129, 'P2018-0180', 1, 2, 2, 2, NULL, NULL, NULL, NULL, 1379.59, 30351.00, 364212.00, 100.00, 100.00, 417.33, 417.33, 2731.59, 3642.12, 1253.75, 182106.00, NULL, 0.00, 0.00, NULL, NULL, NULL, NULL, '20833.33', 0.00, 6268.75, NULL, NULL, NULL, NULL, '2018-11-20 02:13:43', '2018-11-20 02:13:43', NULL),
	(48, NULL, 147, 'P2018-0208', 1, 2, 2, 2, NULL, NULL, NULL, NULL, 3159.05, 69499.00, 833988.00, 100.00, 100.00, 550.00, 550.00, 6254.91, 8339.88, 9815.19, 416994.00, NULL, 0.00, 0.00, NULL, NULL, NULL, NULL, '33333.33', 2500.00, 29260.76, NULL, NULL, NULL, NULL, '2018-11-20 02:13:53', '2018-11-20 02:13:53', NULL),
	(49, NULL, 96, 'P2017-0133', 1, 2, 2, 2, NULL, NULL, NULL, NULL, 1024.18, 22532.00, 270384.00, 100.00, 100.00, 309.81, 309.82, 2027.88, 2703.84, 0.00, 135192.00, NULL, 0.00, 0.00, NULL, NULL, NULL, NULL, '0', 0.00, 20094.31, NULL, NULL, NULL, NULL, '2018-11-20 02:14:02', '2018-11-20 02:14:02', NULL),
	(50, NULL, 148, 'P2018-0209', 1, 2, 2, 2, NULL, NULL, NULL, NULL, 817.05, 17975.00, 215700.00, 100.00, 100.00, 247.16, 247.16, 1617.75, 2157.00, 0.00, 107850.00, NULL, 0.00, 0.00, NULL, NULL, NULL, NULL, '0', 0.00, 16010.09, NULL, NULL, NULL, NULL, '2018-11-20 02:14:12', '2018-11-20 02:14:12', NULL),
	(51, NULL, 30, 'P2016-0045', 1, 2, 2, 2, NULL, NULL, NULL, NULL, 3159.05, 69499.00, 833988.00, 100.00, 100.00, 550.00, 550.00, 6254.91, 8339.88, 9815.19, 416994.00, NULL, 0.00, 0.00, NULL, NULL, NULL, NULL, '33333.33', 2500.00, 29260.76, NULL, NULL, NULL, NULL, '2018-11-20 02:14:27', '2018-11-20 02:14:27', NULL),
	(52, NULL, 119, 'P2017-0165', 1, 2, 2, 2, NULL, NULL, NULL, NULL, 2527.27, 55600.00, 667200.00, 100.00, 100.00, 550.00, 550.00, 5004.00, 6672.00, 6653.17, 333600.00, NULL, 0.00, 0.00, NULL, NULL, NULL, NULL, '33333.33', 2500.00, 16612.67, NULL, NULL, NULL, NULL, '2018-11-20 02:14:35', '2018-11-20 02:14:35', NULL),
	(53, NULL, 73, 'P2017-0100', 1, 2, 2, 2, NULL, NULL, NULL, NULL, 2527.27, 55600.00, 667200.00, 100.00, 100.00, 550.00, 550.00, 5004.00, 6672.00, 6653.17, 333600.00, NULL, 0.00, 0.00, NULL, NULL, NULL, NULL, '33333.33', 2500.00, 16612.67, NULL, NULL, NULL, NULL, '2018-11-20 02:14:43', '2018-11-20 02:14:43', NULL),
	(54, NULL, 33, 'P2016-0048', 1, 2, 2, 2, NULL, NULL, NULL, NULL, 640.32, 14087.00, 169044.00, 100.00, 100.00, 193.70, 193.70, 1267.83, 1690.44, 0.00, 84522.00, NULL, 0.00, 0.00, NULL, NULL, NULL, NULL, '0', 0.00, 12525.47, NULL, NULL, NULL, NULL, '2018-11-20 02:14:50', '2018-11-20 02:14:50', NULL),
	(55, NULL, 145, 'P2018-0206', 1, 2, 2, 2, NULL, NULL, NULL, NULL, 2686.36, 59100.00, 709200.00, 100.00, 100.00, 550.00, 550.00, 5319.00, 7092.00, 7449.42, 354600.00, NULL, 0.00, 0.00, NULL, NULL, NULL, NULL, '33333.33', 2500.00, 19797.67, NULL, NULL, NULL, NULL, '2018-11-20 02:15:00', '2018-11-20 02:15:00', NULL),
	(56, NULL, 26, 'P2016-0041', 1, 2, 2, 2, NULL, NULL, NULL, NULL, 3159.05, 69499.00, 833988.00, 100.00, 100.00, 550.00, 550.00, 6254.91, 8339.88, 9815.19, 416994.00, NULL, 0.00, 0.00, NULL, NULL, NULL, NULL, '33333.33', 2500.00, 29260.76, NULL, NULL, NULL, NULL, '2018-11-20 02:15:09', '2018-11-20 02:15:09', NULL),
	(57, NULL, 21, 'P2016-0034', 1, 2, 2, 2, NULL, NULL, NULL, NULL, 3159.05, 69499.00, 833988.00, 100.00, 100.00, 550.00, 550.00, 6254.91, 8339.88, 9815.19, 416994.00, NULL, 0.00, 0.00, NULL, NULL, NULL, NULL, '33333.33', 2500.00, 29260.76, NULL, NULL, NULL, NULL, '2018-11-20 02:15:17', '2018-11-20 02:15:17', NULL),
	(58, NULL, 123, 'P2017-0170', 1, 2, 2, 2, NULL, NULL, NULL, NULL, 1379.59, 30351.00, 364212.00, 100.00, 100.00, 417.33, 417.33, 2731.59, 3642.12, 1253.75, 182106.00, NULL, 0.00, 0.00, NULL, NULL, NULL, NULL, '20833.33', 0.00, 6268.75, NULL, NULL, NULL, NULL, '2018-11-20 02:15:25', '2018-11-20 02:15:25', NULL),
	(59, NULL, 154, 'P2018-0215', 1, 2, 2, 2, NULL, NULL, NULL, NULL, 1246.09, 27414.00, 328968.00, 100.00, 100.00, 376.94, 376.94, 2467.26, 3289.68, 727.29, 164484.00, NULL, 0.00, 0.00, NULL, NULL, NULL, NULL, '20833.33', 0.00, 3636.47, NULL, NULL, NULL, NULL, '2018-11-20 02:15:33', '2018-11-20 02:15:33', NULL),
	(60, NULL, 93, 'P2017-0128', 1, 2, 2, 2, NULL, NULL, NULL, NULL, 640.32, 14087.00, 169044.00, 100.00, 100.00, 193.70, 193.70, 1267.83, 1690.44, 0.00, 84522.00, NULL, 0.00, 0.00, NULL, NULL, NULL, NULL, '0', 0.00, 12525.47, NULL, NULL, NULL, NULL, '2018-11-20 02:15:42', '2018-11-20 02:15:42', NULL),
	(61, NULL, 92, 'P2017-0127', 1, 2, 2, 2, NULL, NULL, NULL, NULL, 640.32, 14087.00, 169044.00, 100.00, 100.00, 193.70, 193.70, 1267.83, 1690.44, 0.00, 84522.00, NULL, 0.00, 0.00, NULL, NULL, NULL, NULL, '0', 0.00, 12525.47, NULL, NULL, NULL, NULL, '2018-11-20 02:15:50', '2018-11-20 02:15:50', NULL),
	(62, NULL, 75, 'P2017-0102', 1, 2, 2, 2, NULL, NULL, NULL, NULL, 1825.86, 40169.00, 482028.00, 100.00, 100.00, 552.32, 552.32, 3615.21, 4820.28, 3142.03, 241014.00, NULL, 0.00, 0.00, NULL, NULL, NULL, NULL, '33333.33', 2500.00, 2568.14, NULL, NULL, NULL, NULL, '2018-11-20 02:15:58', '2018-11-20 02:15:58', NULL),
	(63, NULL, 155, 'P2018-0216', 1, 2, 2, 2, NULL, NULL, NULL, NULL, 1246.09, 27414.00, 328968.00, 100.00, 100.00, 376.94, 376.94, 2467.26, 3289.68, 727.29, 164484.00, NULL, 0.00, 0.00, NULL, NULL, NULL, NULL, '20833.33', 0.00, 3636.47, NULL, NULL, NULL, NULL, '2018-11-20 02:16:07', '2018-11-20 02:16:07', NULL),
	(64, NULL, 64, 'P2017-0088', 1, 2, 2, 2, NULL, NULL, NULL, NULL, 2057.68, 45269.00, 543228.00, 100.00, 100.00, 550.00, 550.00, 4074.21, 5432.28, 4302.86, 271614.00, NULL, 0.00, 0.00, NULL, NULL, NULL, NULL, '33333.33', 2500.00, 7211.46, NULL, NULL, NULL, NULL, '2018-11-20 02:16:15', '2018-11-20 02:16:15', NULL),
	(65, NULL, 135, 'P2018-0192', 1, 2, 2, 2, NULL, NULL, NULL, NULL, 817.05, 17975.00, 215700.00, 100.00, 100.00, 247.16, 247.16, 1617.75, 2157.00, 0.00, 107850.00, NULL, 0.00, 0.00, NULL, NULL, NULL, NULL, '0', 0.00, 16010.09, NULL, NULL, NULL, NULL, '2018-11-20 02:16:22', '2018-11-20 02:16:22', NULL),
	(66, NULL, 27, 'P2016-0042', 1, 2, 2, 2, NULL, NULL, NULL, NULL, 3949.95, 86899.00, 1042788.00, 100.00, 100.00, 550.00, 550.00, 7820.91, 10427.88, 14361.76, 521394.00, NULL, 0.00, 0.00, NULL, NULL, NULL, NULL, '66666.66', 10833.33, 11761.43, NULL, NULL, NULL, NULL, '2018-11-20 02:16:29', '2018-11-20 02:16:29', NULL),
	(67, NULL, 45, 'P2016-0060', 1, 2, 2, 2, NULL, NULL, NULL, NULL, 5113.64, 112500.00, 1350000.00, 100.00, 100.00, 550.00, 550.00, 10125.00, 13500.00, 21350.83, 675000.00, NULL, 0.00, 0.00, NULL, NULL, NULL, NULL, '66666.66', 10833.33, 35058.34, NULL, NULL, NULL, NULL, '2018-11-20 02:16:38', '2018-11-20 02:16:38', NULL),
	(68, NULL, 5, 'P2016-0009', 1, 2, 2, 2, NULL, NULL, NULL, NULL, 678.91, 14936.00, 179232.00, 100.00, 100.00, 205.37, 205.37, 1344.24, 1792.32, 0.00, 89616.00, NULL, 0.00, 0.00, NULL, NULL, NULL, NULL, '0', 0.00, 13286.39, NULL, NULL, NULL, NULL, '2018-11-20 02:16:47', '2018-11-20 02:16:47', NULL),
	(69, NULL, 20, 'P2016-0033', 1, 2, 2, 2, NULL, NULL, NULL, NULL, 2057.68, 45269.00, 543228.00, 100.00, 100.00, 550.00, 550.00, 4074.21, 5432.28, 4302.86, 271614.00, NULL, 0.00, 0.00, NULL, NULL, NULL, NULL, '33333.33', 2500.00, 7211.46, NULL, NULL, NULL, NULL, '2018-11-20 02:16:54', '2018-11-20 02:16:54', NULL),
	(70, NULL, 24, 'P2016-0038', 1, 2, 2, 2, NULL, NULL, NULL, NULL, 7695.45, 169300.00, 2031600.00, 100.00, 100.00, 550.00, 550.00, 15237.00, 20316.00, 36857.23, 1015800.00, NULL, 0.00, 0.00, NULL, NULL, NULL, NULL, '66666.66', 10833.33, 86746.34, NULL, NULL, NULL, NULL, '2018-11-20 02:17:01', '2018-11-20 02:17:01', NULL),
	(71, NULL, 22, 'P2016-0035', 1, 2, 2, 2, NULL, NULL, NULL, NULL, 3159.05, 69499.00, 833988.00, 100.00, 100.00, 550.00, 550.00, 6254.91, 8339.88, 9815.19, 416994.00, NULL, 0.00, 0.00, NULL, NULL, NULL, NULL, '33333.33', 2500.00, 29260.76, NULL, NULL, NULL, NULL, '2018-11-20 02:17:09', '2018-11-20 02:17:09', NULL),
	(72, NULL, 3, 'P2016-0003', 1, 2, 2, 2, NULL, NULL, NULL, NULL, 16105.09, 354312.00, 4251744.00, 100.00, 100.00, 550.00, 550.00, 31888.08, 42517.44, 90467.65, 2125872.00, NULL, 0.00, 0.00, NULL, NULL, NULL, NULL, '166666.66', 40833.33, 155107.26, NULL, NULL, NULL, NULL, '2018-11-20 02:17:29', '2018-11-20 02:17:29', NULL),
	(73, NULL, 77, 'P2017-0104', 1, 2, 2, 2, NULL, NULL, NULL, NULL, 2057.68, 45269.00, 543228.00, 100.00, 100.00, 550.00, 550.00, 4074.21, 5432.28, 4302.86, 271614.00, NULL, 0.00, 0.00, NULL, NULL, NULL, NULL, '33333.33', 2500.00, 7211.46, NULL, NULL, NULL, NULL, '2018-11-20 02:17:37', '2018-11-20 02:17:37', NULL),
	(74, NULL, 10, 'P2016-0018', 1, 2, 2, 2, NULL, NULL, NULL, NULL, 7695.45, 169300.00, 2031600.00, 100.00, 100.00, 550.00, 550.00, 15237.00, 20316.00, 36857.23, 1015800.00, NULL, 0.00, 0.00, NULL, NULL, NULL, NULL, '66666.66', 10833.33, 86746.34, NULL, NULL, NULL, NULL, '2018-11-20 02:17:44', '2018-11-20 02:17:44', NULL),
	(75, NULL, 8, 'P2016-0016', 1, 2, 2, 2, NULL, NULL, NULL, NULL, 5568.18, 122500.00, 1470000.00, 100.00, 100.00, 550.00, 550.00, 11025.00, 14700.00, 24080.83, 735000.00, NULL, 0.00, 0.00, NULL, NULL, NULL, NULL, '66666.66', 10833.33, 44158.34, NULL, NULL, NULL, NULL, '2018-11-20 02:17:52', '2018-11-20 02:17:52', NULL),
	(76, NULL, 105, 'P2017-0148', 1, 2, 2, 2, NULL, NULL, NULL, NULL, 1246.09, 27414.00, 328968.00, 100.00, 100.00, 376.94, 376.94, 2467.26, 3289.68, 727.29, 164484.00, NULL, 0.00, 0.00, NULL, NULL, NULL, NULL, '20833.33', 0.00, 3636.47, NULL, NULL, NULL, NULL, '2018-11-20 02:18:01', '2018-11-20 02:18:01', NULL),
	(77, NULL, 124, 'P2017-0171', 1, 2, 2, 2, NULL, NULL, NULL, NULL, 1379.59, 30351.00, 364212.00, 100.00, 100.00, 417.33, 417.33, 2731.59, 3642.12, 1253.75, 182106.00, NULL, 0.00, 0.00, NULL, NULL, NULL, NULL, '20833.33', 0.00, 6268.75, NULL, NULL, NULL, NULL, '2018-11-20 02:18:08', '2018-11-20 02:18:08', NULL),
	(78, NULL, 95, 'P2017-0132', 1, 2, 2, 2, NULL, NULL, NULL, NULL, 2057.68, 45269.00, 543228.00, 100.00, 100.00, 550.00, 550.00, 4074.21, 5432.28, 4302.86, 271614.00, NULL, 0.00, 0.00, NULL, NULL, NULL, NULL, '33333.33', 2500.00, 7211.46, NULL, NULL, NULL, NULL, '2018-11-20 02:18:18', '2018-11-20 02:18:18', NULL),
	(79, NULL, 35, 'P2016-0050', 1, 2, 2, 2, NULL, NULL, NULL, NULL, 640.32, 14087.00, 169044.00, 100.00, 100.00, 193.70, 193.70, 1267.83, 1690.44, 0.00, 84522.00, NULL, 0.00, 0.00, NULL, NULL, NULL, NULL, '0', 0.00, 12525.47, NULL, NULL, NULL, NULL, '2018-11-20 02:18:26', '2018-11-20 02:18:26', NULL),
	(80, NULL, 72, 'P2017-0098', 1, 2, 2, 2, NULL, NULL, NULL, NULL, 2057.68, 45269.00, 543228.00, 100.00, 100.00, 550.00, 550.00, 4074.21, 5432.28, 4302.86, 271614.00, NULL, 0.00, 0.00, NULL, NULL, NULL, NULL, '33333.33', 2500.00, 7211.46, NULL, NULL, NULL, NULL, '2018-11-20 02:18:33', '2018-11-20 02:18:33', NULL),
	(81, NULL, 91, 'P2017-0125', 1, 2, 2, 2, NULL, NULL, NULL, NULL, 2057.68, 45269.00, 543228.00, 100.00, 100.00, 550.00, 550.00, 4074.21, 5432.28, 4302.86, 271614.00, NULL, 0.00, 0.00, NULL, NULL, NULL, NULL, '33333.33', 2500.00, 7211.46, NULL, NULL, NULL, NULL, '2018-11-20 02:18:40', '2018-11-20 02:18:40', NULL),
	(82, NULL, 6, 'P2016-0010', 1, 2, 2, 2, NULL, NULL, NULL, NULL, 10009.09, 220200.00, 2642400.00, 100.00, 100.00, 550.00, 550.00, 19818.00, 26424.00, 51414.24, 1321200.00, NULL, 0.00, 0.00, NULL, NULL, NULL, NULL, '166666.66', 40833.33, 33065.34, NULL, NULL, NULL, NULL, '2018-11-20 02:18:58', '2018-11-20 02:18:58', NULL),
	(83, NULL, 101, 'P2018-0182', 1, 2, 2, 2, NULL, NULL, NULL, NULL, 2057.68, 45269.00, 543228.00, 100.00, 100.00, 550.00, 550.00, 4074.21, 5432.28, 4302.86, 271614.00, NULL, 0.00, 0.00, NULL, NULL, NULL, NULL, '33333.33', 2500.00, 7211.46, NULL, NULL, NULL, NULL, '2018-11-20 02:19:06', '2018-11-20 02:19:06', NULL),
	(84, NULL, 111, 'P2017-0154', 1, 2, 2, 2, NULL, NULL, NULL, NULL, 5568.18, 122500.00, 1470000.00, 100.00, 100.00, 550.00, 550.00, 11025.00, 14700.00, 24080.83, 735000.00, NULL, 0.00, 0.00, NULL, NULL, NULL, NULL, '66666.66', 10833.33, 44158.34, NULL, NULL, NULL, NULL, '2018-11-20 02:19:13', '2018-11-20 02:19:13', NULL),
	(85, NULL, 46, 'P2016-0061', 1, 2, 2, 2, NULL, NULL, NULL, NULL, 2527.27, 55600.00, 667200.00, 100.00, 100.00, 550.00, 550.00, 5004.00, 6672.00, 6653.17, 333600.00, NULL, 0.00, 0.00, NULL, NULL, NULL, NULL, '33333.33', 2500.00, 16612.67, NULL, NULL, NULL, NULL, '2018-11-20 02:19:20', '2018-11-20 02:19:20', NULL),
	(86, NULL, 81, 'P2017-0109', 1, 2, 2, 2, NULL, NULL, NULL, NULL, 2527.27, 55600.00, 667200.00, 100.00, 100.00, 550.00, 550.00, 5004.00, 6672.00, 6653.17, 333600.00, NULL, 0.00, 0.00, NULL, NULL, NULL, NULL, '33333.33', 2500.00, 16612.67, NULL, NULL, NULL, NULL, '2018-11-20 02:19:28', '2018-11-20 02:19:28', NULL),
	(87, NULL, 31, 'P2016-0046', 1, 2, 2, 2, NULL, NULL, NULL, NULL, 3949.95, 86899.00, 1042788.00, 100.00, 100.00, 550.00, 550.00, 7820.91, 10427.88, 14361.76, 521394.00, NULL, 0.00, 0.00, NULL, NULL, NULL, NULL, '66666.66', 10833.33, 11761.43, NULL, NULL, NULL, NULL, '2018-11-20 02:19:35', '2018-11-20 02:19:35', NULL),
	(88, NULL, 137, 'P2018-0193', 1, 2, 2, 2, NULL, NULL, NULL, NULL, 1246.09, 27414.00, 328968.00, 100.00, 100.00, 376.94, 376.94, 2467.26, 3289.68, 727.29, 164484.00, NULL, 0.00, 0.00, NULL, NULL, NULL, NULL, '20833.33', 0.00, 3636.47, NULL, NULL, NULL, NULL, '2018-11-20 02:19:43', '2018-11-20 02:19:43', NULL),
	(89, NULL, 97, 'P2017-0134', 1, 2, 2, 2, NULL, NULL, NULL, NULL, 2686.36, 59100.00, 709200.00, 100.00, 100.00, 550.00, 550.00, 5319.00, 7092.00, 7449.42, 354600.00, NULL, 0.00, 0.00, NULL, NULL, NULL, NULL, '33333.33', 2500.00, 19797.67, NULL, NULL, NULL, NULL, '2018-11-20 02:19:50', '2018-11-20 02:19:50', NULL),
	(90, NULL, 132, 'P2018-0186', 1, 2, 2, 2, NULL, NULL, NULL, NULL, 1379.59, 30351.00, 364212.00, 100.00, 100.00, 417.33, 417.33, 2731.59, 3642.12, 1253.75, 182106.00, NULL, 0.00, 0.00, NULL, NULL, NULL, NULL, '20833.33', 0.00, 6268.75, NULL, NULL, NULL, NULL, '2018-11-20 02:19:57', '2018-11-20 02:19:57', NULL),
	(91, NULL, 134, 'P2018-0188', 1, 2, 2, 2, NULL, NULL, NULL, NULL, 2057.68, 45269.00, 543228.00, 100.00, 100.00, 550.00, 550.00, 4074.21, 5432.28, 4302.86, 271614.00, NULL, 0.00, 0.00, NULL, NULL, NULL, NULL, '33333.33', 2500.00, 7211.46, NULL, NULL, NULL, NULL, '2018-11-20 02:20:04', '2018-11-20 02:20:04', NULL),
	(92, NULL, 106, 'P2017-0149', 1, 2, 2, 2, NULL, NULL, NULL, NULL, 2057.68, 45269.00, 543228.00, 100.00, 100.00, 550.00, 550.00, 4074.21, 5432.28, 4302.86, 271614.00, NULL, 0.00, 0.00, NULL, NULL, NULL, NULL, '33333.33', 2500.00, 7211.46, NULL, NULL, NULL, NULL, '2018-11-20 02:20:12', '2018-11-20 02:20:12', NULL);
/*!40000 ALTER TABLE `pms_payroll_information` ENABLE KEYS */;

-- Dumping structure for table pccdev.pms_philhealthpolicy
DROP TABLE IF EXISTS `pms_philhealthpolicy`;
CREATE TABLE IF NOT EXISTS `pms_philhealthpolicy` (
  `id` int(11) NOT NULL AUTO_INCREMENT,
  `policy_name` varchar(225) DEFAULT NULL,
  `pay_period` varchar(225) DEFAULT NULL,
  `deduction_period` varchar(225) DEFAULT NULL,
  `policy_type` varchar(225) DEFAULT NULL,
  `based_on` varchar(225) DEFAULT NULL,
  `below` decimal(9,4) DEFAULT NULL,
  `above` decimal(9,2) DEFAULT NULL,
  `remarks` varchar(225) DEFAULT NULL,
  `created_at` timestamp NULL DEFAULT NULL,
  `updated_at` timestamp NULL DEFAULT NULL,
  `updated_by` int(11) DEFAULT NULL,
  PRIMARY KEY (`id`)
) ENGINE=InnoDB AUTO_INCREMENT=3 DEFAULT CHARSET=latin1;

-- Dumping data for table pccdev.pms_philhealthpolicy: ~0 rows (approximately)
/*!40000 ALTER TABLE `pms_philhealthpolicy` DISABLE KEYS */;
INSERT INTO `pms_philhealthpolicy` (`id`, `policy_name`, `pay_period`, `deduction_period`, `policy_type`, `based_on`, `below`, `above`, `remarks`, `created_at`, `updated_at`, `updated_by`) VALUES
	(2, 'STANDARD POLICY', 'Monthly', 'Both', 'System Generated', 'Monthly Salary', 0.0275, 1100.00, NULL, '2018-06-14 05:47:40', '2018-06-21 03:12:52', NULL);
/*!40000 ALTER TABLE `pms_philhealthpolicy` ENABLE KEYS */;

-- Dumping structure for table pccdev.pms_positionitem_setup
DROP TABLE IF EXISTS `pms_positionitem_setup`;
CREATE TABLE IF NOT EXISTS `pms_positionitem_setup` (
  `id` int(11) NOT NULL AUTO_INCREMENT,
  `employee_id` int(11) DEFAULT NULL,
  `positionitem_id` int(11) DEFAULT NULL,
  `position_id` int(11) DEFAULT NULL,
  `salarygrade_id` int(11) DEFAULT NULL,
  `jobgrade_id` int(11) DEFAULT NULL,
  `step_inc` varchar(225) DEFAULT NULL,
  `amount` decimal(9,2) DEFAULT NULL,
  `created_at` timestamp NULL DEFAULT NULL,
  `updated_at` timestamp NULL DEFAULT NULL,
  `updated_by` int(11) DEFAULT NULL,
  PRIMARY KEY (`id`)
) ENGINE=InnoDB DEFAULT CHARSET=latin1;

-- Dumping data for table pccdev.pms_positionitem_setup: ~0 rows (approximately)
/*!40000 ALTER TABLE `pms_positionitem_setup` DISABLE KEYS */;
/*!40000 ALTER TABLE `pms_positionitem_setup` ENABLE KEYS */;

-- Dumping structure for table pccdev.pms_positions
DROP TABLE IF EXISTS `pms_positions`;
CREATE TABLE IF NOT EXISTS `pms_positions` (
  `id` int(11) NOT NULL AUTO_INCREMENT,
  `code` varchar(50) DEFAULT NULL,
  `name` varchar(225) DEFAULT NULL,
  `created_at` timestamp NULL DEFAULT NULL,
  `updated_at` timestamp NULL DEFAULT NULL,
  `created_by` int(11) DEFAULT NULL,
  `updated_by` int(11) DEFAULT NULL,
  PRIMARY KEY (`id`)
) ENGINE=InnoDB AUTO_INCREMENT=210 DEFAULT CHARSET=latin1;

-- Dumping data for table pccdev.pms_positions: ~195 rows (approximately)
/*!40000 ALTER TABLE `pms_positions` DISABLE KEYS */;
INSERT INTO `pms_positions` (`id`, `code`, `name`, `created_at`, `updated_at`, `created_by`, `updated_by`) VALUES
	(1, NULL, 'Chairman', NULL, NULL, NULL, NULL),
	(2, NULL, 'Commissioner', NULL, NULL, NULL, NULL),
	(3, NULL, 'Executive Assistant IV', NULL, NULL, NULL, NULL),
	(4, NULL, 'Chauffer I', NULL, NULL, NULL, NULL),
	(5, NULL, 'Director IV', NULL, NULL, NULL, NULL),
	(6, NULL, 'Private Secretary II', NULL, NULL, NULL, NULL),
	(7, NULL, 'Director III', NULL, NULL, NULL, NULL),
	(8, NULL, 'Executive Assistant III', NULL, NULL, NULL, NULL),
	(9, NULL, 'Policy Research Officer V', NULL, NULL, NULL, NULL),
	(10, NULL, 'Attorney III', NULL, NULL, NULL, NULL),
	(11, NULL, 'Driver II', NULL, NULL, NULL, NULL),
	(12, NULL, 'Chief Administrative Officer', NULL, NULL, NULL, NULL),
	(13, NULL, 'Attorney II', NULL, NULL, NULL, NULL),
	(14, NULL, 'Investigation Agent III', NULL, NULL, NULL, NULL),
	(15, NULL, 'Administrative Officer III', NULL, NULL, NULL, NULL),
	(16, NULL, 'Planning Officer III', NULL, NULL, NULL, NULL),
	(17, NULL, 'Information Officer IV', NULL, NULL, NULL, NULL),
	(18, NULL, 'Policy Research Officer IV', NULL, NULL, NULL, NULL),
	(19, NULL, 'Legal Assistant II', NULL, NULL, NULL, NULL),
	(20, NULL, 'Attorney IV', NULL, NULL, NULL, NULL),
	(21, NULL, 'Training Specialist III', NULL, NULL, NULL, NULL),
	(22, NULL, 'Policy Research Officer III', NULL, NULL, NULL, NULL),
	(23, NULL, 'Supervising Administrative Officer', NULL, NULL, NULL, NULL),
	(24, NULL, 'Information Officer III', NULL, NULL, NULL, NULL),
	(25, NULL, 'Attorney V', NULL, NULL, NULL, NULL),
	(26, NULL, 'Human Resource Management Officer III', NULL, NULL, NULL, NULL),
	(27, NULL, 'Information Officer II', NULL, NULL, NULL, NULL),
	(28, NULL, 'Human Resource Management Officer II', NULL, NULL, NULL, NULL),
	(29, NULL, 'Information Officer I', NULL, NULL, NULL, NULL),
	(30, NULL, 'Economist II', NULL, NULL, NULL, NULL),
	(31, NULL, 'Economist III', NULL, NULL, NULL, NULL),
	(32, NULL, 'Training Specialist II', NULL, NULL, NULL, NULL),
	(33, NULL, 'Administrative Officer II', NULL, NULL, NULL, NULL),
	(34, NULL, 'Records Officer III', NULL, NULL, NULL, NULL),
	(35, NULL, 'Accountant III', NULL, NULL, NULL, NULL),
	(36, NULL, 'Budget Officer III', NULL, NULL, NULL, NULL),
	(37, NULL, 'Cashier III', NULL, NULL, NULL, NULL),
	(38, NULL, 'Policy Research Officer I', NULL, NULL, NULL, NULL),
	(39, NULL, 'Supply Officer I', NULL, NULL, NULL, NULL),
	(40, NULL, 'Cashier II', NULL, NULL, NULL, NULL),
	(41, NULL, 'Investigation Agent II', NULL, NULL, NULL, NULL),
	(42, 'PHCC-ATY4-3-2016', 'PHCC-ATY4-3-2016', NULL, '2018-07-25 09:31:19', NULL, 2),
	(43, NULL, 'Information Technology Officer I', NULL, NULL, NULL, NULL),
	(44, NULL, 'Executive Director', NULL, NULL, NULL, NULL),
	(45, NULL, 'Investigation Agent IV', NULL, NULL, NULL, NULL),
	(46, NULL, 'Information Technology Officer III', NULL, NULL, NULL, NULL),
	(47, NULL, 'Planning Officer V', NULL, NULL, NULL, NULL),
	(48, NULL, 'Budget Officer II', NULL, NULL, NULL, NULL),
	(49, NULL, 'Planning Officer IV', NULL, NULL, NULL, NULL),
	(50, NULL, 'Training Specialist I', NULL, NULL, NULL, NULL),
	(51, NULL, 'Planning Officer II', NULL, NULL, NULL, NULL),
	(52, NULL, 'Policy Research Officer II', NULL, NULL, NULL, NULL),
	(53, NULL, 'Secretary II', NULL, NULL, NULL, NULL),
	(54, NULL, 'Information Technology Officer II', NULL, NULL, NULL, NULL),
	(55, NULL, 'Budget Officer I', NULL, NULL, NULL, NULL),
	(56, NULL, 'Information Systems Analyst II', NULL, NULL, NULL, NULL),
	(57, NULL, 'Information Systems Analyst I', NULL, NULL, NULL, NULL),
	(58, NULL, 'Human Resource Management Officer I', NULL, NULL, NULL, NULL),
	(59, NULL, 'Cashier I', NULL, NULL, NULL, NULL),
	(60, NULL, 'Supply Officer III', NULL, NULL, NULL, NULL),
	(61, NULL, 'Attorney I', NULL, NULL, NULL, NULL),
	(62, NULL, 'Executive Assistant II', NULL, NULL, NULL, NULL),
	(63, NULL, 'Investigation Agent I', NULL, NULL, NULL, NULL),
	(64, NULL, 'Records Officer I', NULL, NULL, NULL, NULL),
	(65, NULL, 'Planning Officer I', NULL, NULL, NULL, NULL),
	(66, NULL, 'Board Secretary II', NULL, NULL, NULL, NULL),
	(67, NULL, 'Administrative Officer I', NULL, NULL, NULL, NULL),
	(68, NULL, 'Board Secretary III', NULL, NULL, NULL, NULL),
	(69, NULL, 'Job Order', NULL, NULL, NULL, NULL),
	(70, NULL, 'Policy Research Officer', NULL, NULL, NULL, NULL),
	(71, NULL, 'Economist', NULL, NULL, NULL, NULL),
	(72, NULL, 'Technical Assistant', NULL, NULL, NULL, NULL),
	(73, NULL, 'PCC Driver II', NULL, NULL, NULL, NULL),
	(74, NULL, 'PCC Executive Assistant IV', NULL, NULL, NULL, NULL),
	(75, NULL, 'PCC Training Specialist IV', NULL, NULL, NULL, NULL),
	(76, NULL, 'PCC Chauffer I', NULL, NULL, NULL, NULL),
	(77, NULL, 'PCC Director IV', NULL, NULL, NULL, NULL),
	(78, NULL, 'PCC Head Executive Assistant', NULL, NULL, NULL, NULL),
	(79, NULL, 'PCC Private Secretary II', NULL, NULL, NULL, NULL),
	(80, NULL, 'PCC Director III', NULL, NULL, NULL, NULL),
	(81, NULL, 'PCC Executive Assistant III', NULL, NULL, NULL, NULL),
	(82, NULL, 'PCC Policy Research Officer V', NULL, NULL, NULL, NULL),
	(83, NULL, 'PCC Attorney III', NULL, NULL, NULL, NULL),
	(84, NULL, 'PCC Chief Administrative Officer', NULL, NULL, NULL, NULL),
	(85, NULL, 'PCC Records Officer III', NULL, NULL, NULL, NULL),
	(86, NULL, 'PCC Attorney II', NULL, NULL, NULL, NULL),
	(87, NULL, 'PCC Investigation Agent III', NULL, NULL, NULL, NULL),
	(88, NULL, 'PCC Legal Assistant II', NULL, NULL, NULL, NULL),
	(89, NULL, 'PCC Administrative Officer III', NULL, NULL, NULL, NULL),
	(90, NULL, 'PCC Planning Officer III', NULL, NULL, NULL, NULL),
	(91, NULL, 'PCC Information Officer IV', NULL, NULL, NULL, NULL),
	(92, NULL, 'PCC Policy Research Officer IV', NULL, NULL, NULL, NULL),
	(93, NULL, 'PCC Economist III', NULL, NULL, NULL, NULL),
	(94, NULL, 'PCC Attorney IV', NULL, NULL, NULL, NULL),
	(95, NULL, 'PCC Training Specialist III', NULL, NULL, NULL, NULL),
	(96, NULL, 'PCC Policy Research Officer III', NULL, NULL, NULL, NULL),
	(97, NULL, 'PCC Supervising Administrative Officer', NULL, NULL, NULL, NULL),
	(98, NULL, 'PCC Information Officer III', NULL, NULL, NULL, NULL),
	(99, NULL, 'PCC Attorney V', NULL, NULL, NULL, NULL),
	(100, NULL, 'PCC Human Resource Management Officer III', NULL, NULL, NULL, NULL),
	(101, NULL, 'PCC Information Officer II', NULL, NULL, NULL, NULL),
	(102, NULL, 'PCC Human Resource Management Officer II', NULL, NULL, NULL, NULL),
	(103, NULL, 'PCC Information Officer I', NULL, NULL, NULL, NULL),
	(104, NULL, 'PCC Economist II', NULL, NULL, NULL, NULL),
	(105, NULL, 'PCC Secretary II', NULL, NULL, NULL, NULL),
	(106, NULL, 'PCC Training Specialist II', NULL, NULL, NULL, NULL),
	(107, NULL, 'PCC Accountant II', NULL, NULL, NULL, NULL),
	(108, NULL, 'PCC Accountant III', NULL, NULL, NULL, NULL),
	(109, NULL, 'PCC Budget Officer III', NULL, NULL, NULL, NULL),
	(110, NULL, 'PCC Cashier III', NULL, NULL, NULL, NULL),
	(111, NULL, 'PCC Policy Research Officer I', NULL, NULL, NULL, NULL),
	(112, NULL, 'PCC Investigation Agent II', NULL, NULL, NULL, NULL),
	(113, NULL, 'PCC Supply Officer I', NULL, NULL, NULL, NULL),
	(114, NULL, 'PCC Cashier II', NULL, NULL, NULL, NULL),
	(115, NULL, 'PCC Administrative Officer II', NULL, NULL, NULL, NULL),
	(116, NULL, 'PCC Information Technology Officer I', NULL, NULL, NULL, NULL),
	(117, NULL, 'PCC Executive Director', NULL, NULL, NULL, NULL),
	(118, NULL, 'PCC Investigation Agent IV', NULL, NULL, NULL, NULL),
	(119, NULL, 'PCC Information Technology Officer III', NULL, NULL, NULL, NULL),
	(120, NULL, 'PCC Planning Officer V', NULL, NULL, NULL, NULL),
	(121, NULL, 'PCC Budget Officer II', NULL, NULL, NULL, NULL),
	(122, NULL, 'PCC Planning Officer IV', NULL, NULL, NULL, NULL),
	(123, NULL, 'PCC Training Specialist I', NULL, NULL, NULL, NULL),
	(124, NULL, 'PCC Planning Officer II', NULL, NULL, NULL, NULL),
	(125, NULL, 'PCC Policy Research Officer II', NULL, NULL, NULL, NULL),
	(126, NULL, 'PCC Information Technology Officer II', NULL, NULL, NULL, NULL),
	(127, NULL, 'PCC Budget Officer I', NULL, NULL, NULL, NULL),
	(128, NULL, 'PCC Information Systems Analyst II', NULL, NULL, NULL, NULL),
	(129, NULL, 'PCC Information Systems Analyst I', NULL, NULL, NULL, NULL),
	(130, NULL, 'PCC Human Resource Management Officer I', NULL, NULL, NULL, NULL),
	(131, NULL, 'PCC Cashier I', NULL, NULL, NULL, NULL),
	(132, NULL, 'PCC Planning Officer I', NULL, NULL, NULL, NULL),
	(133, NULL, 'PCC Supply Officer III', NULL, NULL, NULL, NULL),
	(134, NULL, 'PCC Attorney I', NULL, NULL, NULL, NULL),
	(135, NULL, 'PCC Executive Assistant II', NULL, NULL, NULL, NULL),
	(136, NULL, 'PCC Investigation Agent I', NULL, NULL, NULL, NULL),
	(137, NULL, 'PCC Records Officer I', NULL, NULL, NULL, NULL),
	(138, NULL, 'PCC Board Secretary II', NULL, NULL, NULL, NULL),
	(139, NULL, 'PCC Administrative Officer I', NULL, NULL, NULL, NULL),
	(140, NULL, 'PCC Board Secretary III', NULL, NULL, NULL, NULL),
	(146, NULL, 'PCC Attorey II', NULL, NULL, NULL, NULL),
	(147, NULL, 'PCCPrivate Secretary II', NULL, NULL, NULL, NULL),
	(148, 'TSIV', 'Training Specialist IV', NULL, '2018-07-25 05:58:19', NULL, 2),
	(149, NULL, 'Head Executive Assistant', NULL, NULL, NULL, NULL),
	(153, NULL, 'Diver II', NULL, NULL, NULL, NULL),
	(154, NULL, 'Chief of Staff', NULL, NULL, NULL, NULL),
	(161, NULL, 'SOFTWARE ENGINEER', NULL, NULL, NULL, NULL),
	(162, NULL, 'DATABASE ADMINISTRATOR', NULL, NULL, NULL, NULL),
	(163, NULL, 'TECHNICAL SUPPORT', NULL, NULL, NULL, NULL),
	(164, NULL, 'COMMUNITY AFFAIRS ASSISTANT I', NULL, NULL, NULL, NULL),
	(165, NULL, 'PROJECT DEVELOPMENT OFFICER I', NULL, NULL, NULL, NULL),
	(166, NULL, 'INFORMATION SYSTEMS  RESEARCHER II', NULL, NULL, NULL, NULL),
	(167, NULL, 'COMPUTER PROGRAMMER III', NULL, NULL, NULL, NULL),
	(168, NULL, 'STAFF OFFICER III', NULL, NULL, NULL, NULL),
	(169, NULL, 'Procurement Analyst', NULL, NULL, NULL, NULL),
	(170, NULL, 'Procurement Management Officer IV', NULL, NULL, NULL, NULL),
	(171, NULL, 'Procurement Management Officer III', NULL, NULL, NULL, NULL),
	(172, NULL, 'Procurement Management Officer II', NULL, NULL, NULL, NULL),
	(173, NULL, 'Administrative Assistant III', NULL, NULL, NULL, NULL),
	(174, NULL, 'Programmer I', NULL, NULL, NULL, NULL),
	(175, NULL, 'Encoder', NULL, NULL, NULL, NULL),
	(176, NULL, 'E-Book Associate', NULL, NULL, NULL, NULL),
	(177, NULL, 'Computer Encoder', NULL, NULL, NULL, NULL),
	(178, NULL, 'DATABASE ADMINISTRATOR', NULL, NULL, NULL, NULL),
	(179, NULL, 'SOFTWARE ENGINEER', NULL, NULL, NULL, NULL),
	(180, NULL, 'Administrative Assistant III', NULL, NULL, NULL, NULL),
	(181, NULL, 'Computer Programmer I', NULL, NULL, NULL, NULL),
	(182, NULL, 'Senior Human Resource Specialist', NULL, NULL, NULL, NULL),
	(183, NULL, 'Human Resource Specialist', NULL, NULL, NULL, NULL),
	(184, NULL, 'Senior Human Resource Analyst', NULL, NULL, NULL, NULL),
	(185, NULL, 'Human Resource Analyst A', NULL, NULL, NULL, NULL),
	(186, NULL, 'Human Resource Analyst C', NULL, NULL, NULL, NULL),
	(187, NULL, 'Clerk Processor A', NULL, NULL, NULL, NULL),
	(188, NULL, 'Online English Tutor', NULL, NULL, NULL, NULL),
	(189, NULL, 'Private Tutor', NULL, NULL, NULL, NULL),
	(190, NULL, 'BUSINESS ANALYST', NULL, NULL, NULL, NULL),
	(191, NULL, 'INFORMATION SYSTEMS ANALYST I', NULL, NULL, NULL, NULL),
	(192, NULL, 'Presidential Staff Officer II', NULL, NULL, NULL, NULL),
	(193, NULL, 'Presidential Staff Assistant', NULL, NULL, NULL, NULL),
	(194, NULL, 'Graphics Supervisor', NULL, NULL, NULL, NULL),
	(195, NULL, 'Graphics Analyst', NULL, NULL, NULL, NULL),
	(196, NULL, 'Assistant Store Manager', NULL, NULL, NULL, NULL),
	(197, NULL, 'Pre-Post Production Specialist', NULL, NULL, NULL, NULL),
	(198, NULL, 'Data Analyst', NULL, NULL, NULL, NULL),
	(199, NULL, 'TEST', NULL, NULL, NULL, NULL),
	(200, NULL, 'TEST GOV', NULL, NULL, NULL, NULL),
	(201, NULL, 'NEW JOB', NULL, NULL, NULL, NULL),
	(202, NULL, 'new jobs', NULL, NULL, NULL, NULL),
	(203, 'Accountant I', 'Accountant I', '2018-09-29 11:05:07', '2018-09-29 11:05:07', 2, NULL),
	(204, 'Accountant II', 'Accountant II', '2018-09-29 11:05:21', '2018-09-29 11:05:21', 2, NULL),
	(205, 'Accountant IV', 'Accountant IV', '2018-09-29 11:05:44', '2018-09-29 11:05:44', 2, NULL),
	(206, 'Information Officer V', 'Information Officer V', '2018-09-29 11:15:35', '2018-09-29 11:15:35', 2, NULL),
	(207, NULL, 'Investigation Agent V', NULL, NULL, NULL, NULL),
	(208, NULL, 'Supply Officer II', NULL, NULL, NULL, NULL),
	(209, NULL, 'Training Specialist V', NULL, NULL, NULL, NULL);
/*!40000 ALTER TABLE `pms_positions` ENABLE KEYS */;

-- Dumping structure for table pccdev.pms_position_items
DROP TABLE IF EXISTS `pms_position_items`;
CREATE TABLE IF NOT EXISTS `pms_position_items` (
  `id` int(11) NOT NULL AUTO_INCREMENT,
  `code` varchar(50) DEFAULT NULL,
  `name` varchar(300) DEFAULT NULL,
  `position_id` int(11) DEFAULT NULL,
  `position_level_id` int(11) DEFAULT NULL,
  `position_classification_id` int(11) DEFAULT NULL,
  `created_at` timestamp NULL DEFAULT NULL,
  `updated_at` timestamp NULL DEFAULT NULL,
  `created_by` int(11) DEFAULT NULL,
  `updated_by` int(11) DEFAULT NULL,
  PRIMARY KEY (`id`)
) ENGINE=InnoDB AUTO_INCREMENT=154 DEFAULT CHARSET=latin1;

-- Dumping data for table pccdev.pms_position_items: ~153 rows (approximately)
/*!40000 ALTER TABLE `pms_position_items` DISABLE KEYS */;
INSERT INTO `pms_position_items` (`id`, `code`, `name`, `position_id`, `position_level_id`, `position_classification_id`, `created_at`, `updated_at`, `created_by`, `updated_by`) VALUES
	(1, 'PHCC-A1-1-2016', 'PHCC-A1-1-2016', NULL, NULL, NULL, NULL, NULL, NULL, NULL),
	(2, 'PHCC-A2-1-2016', 'PHCC-A2-1-2016', NULL, NULL, NULL, NULL, NULL, NULL, NULL),
	(3, 'PHCC-A2-2-2016', 'PHCC-A2-2-2016', NULL, NULL, NULL, NULL, NULL, NULL, NULL),
	(4, 'PHCC-A3-2-2016', 'PHCC-A3-2-2016', NULL, NULL, NULL, NULL, NULL, NULL, NULL),
	(5, 'PHCC-A4-1-2016', 'PHCC-A4-1-2016', NULL, NULL, NULL, NULL, NULL, NULL, NULL),
	(6, 'PHCC-ADO2-1-2016', 'PHCC-ADO2-1-2016', NULL, NULL, NULL, NULL, NULL, NULL, NULL),
	(7, 'PHCC-ADO2-2-2016', 'PHCC-ADO2-2-2016', NULL, NULL, NULL, NULL, NULL, NULL, NULL),
	(8, 'PHCC-ADO2-4-2016', 'PHCC-ADO2-4-2016', NULL, NULL, NULL, NULL, NULL, NULL, NULL),
	(9, 'PHCC-ADO3-1-2016', 'PHCC-ADO3-1-2016', NULL, NULL, NULL, NULL, NULL, NULL, NULL),
	(10, 'PHCC-ADO3-2-2016', 'PHCC-ADO3-2-2016', NULL, NULL, NULL, NULL, NULL, NULL, NULL),
	(11, 'PHCC-ATY1-2-2016', 'PHCC-ATY1-2-2016', NULL, NULL, NULL, NULL, NULL, NULL, NULL),
	(12, 'PHCC-ATY2-10-2016', 'PHCC-ATY2-10-2016', NULL, NULL, NULL, NULL, NULL, NULL, NULL),
	(13, 'PHCC-ATY2-12-2016', 'PHCC-ATY2-12-2016', NULL, NULL, NULL, NULL, NULL, NULL, NULL),
	(14, 'PHCC-ATY2-13-2016', 'PHCC-ATY2-13-2016', NULL, NULL, NULL, NULL, NULL, NULL, NULL),
	(15, 'PHCC-ATY2-14-2016', 'PHCC-ATY2-14-2016', NULL, NULL, NULL, NULL, NULL, NULL, NULL),
	(16, 'PHCC-ATY2-2-2016', 'PHCC-ATY2-2-2016', NULL, NULL, NULL, NULL, NULL, NULL, NULL),
	(17, 'PHCC-ATY2-3-2016', 'PHCC-ATY2-3-2016', NULL, NULL, NULL, NULL, NULL, NULL, NULL),
	(18, 'PHCC-ATY2-4-2016', 'PHCC-ATY2-4-2016', NULL, NULL, NULL, NULL, NULL, NULL, NULL),
	(19, 'PHCC-ATY2-5-2016', 'PHCC-ATY2-5-2016', NULL, NULL, NULL, NULL, NULL, NULL, NULL),
	(20, 'PHCC-ATY2-6-2016', 'PHCC-ATY2-6-2016', NULL, NULL, NULL, NULL, NULL, NULL, NULL),
	(21, 'PHCC-ATY2-7-2016', 'PHCC-ATY2-7-2016', NULL, NULL, NULL, NULL, NULL, NULL, NULL),
	(22, 'PHCC-ATY2-9-2016', 'PHCC-ATY2-9-2016', NULL, NULL, NULL, NULL, NULL, NULL, NULL),
	(23, 'PHCC-ATY3-10-2016', 'PHCC-ATY3-10-2016', NULL, NULL, NULL, NULL, NULL, NULL, NULL),
	(24, 'PHCC-ATY3-11-2016', 'PHCC-ATY3-11-2016', NULL, NULL, NULL, NULL, NULL, NULL, NULL),
	(25, 'PHCC-ATY3-1-2016', 'PHCC-ATY3-1-2016', NULL, NULL, NULL, NULL, NULL, NULL, NULL),
	(26, 'PHCC-ATY3-12-2016', 'PHCC-ATY3-12-2016', NULL, NULL, NULL, NULL, NULL, NULL, NULL),
	(27, 'PHCC-ATY3-2-2016', 'PHCC-ATY3-2-2016', NULL, NULL, NULL, NULL, NULL, NULL, NULL),
	(28, 'PHCC-ATY3-3-2016', 'PHCC-ATY3-3-2016', NULL, NULL, NULL, NULL, NULL, NULL, NULL),
	(29, 'PHCC-ATY3-4-2016', 'PHCC-ATY3-4-2016', NULL, NULL, NULL, NULL, NULL, NULL, NULL),
	(30, 'PHCC-ATY3-5-2016', 'PHCC-ATY3-5-2016', NULL, NULL, NULL, NULL, NULL, NULL, NULL),
	(31, 'PHCC-ATY3-6-2016', 'PHCC-ATY3-6-2016', NULL, NULL, NULL, NULL, NULL, NULL, NULL),
	(32, 'PHCC-ATY3-7-2016', 'PHCC-ATY3-7-2016', NULL, NULL, NULL, NULL, NULL, NULL, NULL),
	(33, 'PHCC-ATY3-9-2016', 'PHCC-ATY3-9-2016', NULL, NULL, NULL, NULL, NULL, NULL, NULL),
	(34, 'PHCC-ATY4-3-2016', 'PHCC-ATY4-3-2016', NULL, NULL, NULL, NULL, NULL, NULL, NULL),
	(35, 'PHCC-ATY4-4-2016', 'PHCC-ATY4-4-2016', NULL, NULL, NULL, NULL, NULL, NULL, NULL),
	(36, 'PHCC-ATY5-1-2016', 'PHCC-ATY5-1-2016', NULL, NULL, NULL, NULL, NULL, NULL, NULL),
	(37, 'PHCC-ATY5-2-2016', 'PHCC-ATY5-2-2016', NULL, NULL, NULL, NULL, NULL, NULL, NULL),
	(38, 'PHCC-ATY5-3-2016', 'PHCC-ATY5-3-2016', NULL, NULL, NULL, NULL, NULL, NULL, NULL),
	(39, 'PHCC-ATY5-4-2016', 'PHCC-ATY5-4-2016', NULL, NULL, NULL, NULL, NULL, NULL, NULL),
	(40, 'PHCC-BS2-1-2016', 'PHCC-BS2-1-2016', NULL, NULL, NULL, NULL, NULL, NULL, NULL),
	(41, 'PHCC-BS2-2-2016', 'PHCC-BS2-2-2016', NULL, NULL, NULL, NULL, NULL, NULL, NULL),
	(42, 'PHCC-BS3-1-2016', 'PHCC-BS3-1-2016', NULL, NULL, NULL, NULL, NULL, NULL, NULL),
	(43, 'PHCC-BUDO2-2-2016', 'PHCC-BUDO2-2-2016', NULL, NULL, NULL, NULL, NULL, NULL, NULL),
	(44, 'PHCC-BUDO3-1-2016', 'PHCC-BUDO3-1-2016', NULL, NULL, NULL, NULL, NULL, NULL, NULL),
	(45, 'PHCC-BUDO3-2-2016', 'PHCC-BUDO3-2-2016', NULL, NULL, NULL, NULL, NULL, NULL, NULL),
	(46, 'PHCC-CADOF-1-2016', 'PHCC-CADOF-1-2016', NULL, NULL, NULL, NULL, NULL, NULL, NULL),
	(47, 'PHCC-CADOF-2-2016', 'PHCC-CADOF-2-2016', NULL, NULL, NULL, NULL, NULL, NULL, NULL),
	(48, 'PHCC-CASH1-1-2016', 'PHCC-CASH1-1-2016', NULL, NULL, NULL, NULL, NULL, NULL, NULL),
	(49, 'PHCC-CASH2-1-2016', 'PHCC-CASH2-1-2016', NULL, NULL, NULL, NULL, NULL, NULL, NULL),
	(50, 'PHCC-CASH3-1-2016', 'PHCC-CASH3-1-2016', NULL, NULL, NULL, NULL, NULL, NULL, NULL),
	(51, 'PHCC-CFER1-1-2016', 'PHCC-CFER1-1-2016', NULL, NULL, NULL, NULL, NULL, NULL, NULL),
	(52, 'PHCC-CMPRO1-1-2016', 'PHCC-CMPRO1-1-2016', NULL, NULL, NULL, NULL, NULL, NULL, NULL),
	(53, 'PHCC-CMPRO1-2-2016', 'PHCC-CMPRO1-2-2016', NULL, NULL, NULL, NULL, NULL, NULL, NULL),
	(54, 'PHCC-CMPRO2-1-2016', 'PHCC-CMPRO2-1-2016', NULL, NULL, NULL, NULL, NULL, NULL, NULL),
	(55, 'PHCC-CMPRO3-1-2016', 'PHCC-CMPRO3-1-2016', NULL, NULL, NULL, NULL, NULL, NULL, NULL),
	(56, 'PHCC-CMPRO3-2-2016', 'PHCC-CMPRO3-2-2016', NULL, NULL, NULL, NULL, NULL, NULL, NULL),
	(57, 'PHCC-CMPRO3-3-2016', 'PHCC-CMPRO3-3-2016', NULL, NULL, NULL, NULL, NULL, NULL, NULL),
	(58, 'PHCC-CMPRO3-4-2016', 'PHCC-CMPRO3-4-2016', NULL, NULL, NULL, NULL, NULL, NULL, NULL),
	(59, 'PHCC-CMPRO3-5-2016', 'PHCC-CMPRO3-5-2016', NULL, NULL, NULL, NULL, NULL, NULL, NULL),
	(60, 'PHCC-CMPRO4-1-2016', 'PHCC-CMPRO4-1-2016', NULL, NULL, NULL, NULL, NULL, NULL, NULL),
	(61, 'PHCC-COCH-1-2016', 'PHCC-COCH-1-2016', NULL, NULL, NULL, NULL, NULL, NULL, NULL),
	(62, 'PHCC-COM-1-2016', 'PHCC-COM-1-2016', NULL, NULL, NULL, NULL, NULL, NULL, NULL),
	(63, 'PHCC-COM-2-2016', 'PHCC-COM-2-2016', NULL, NULL, NULL, NULL, NULL, NULL, NULL),
	(64, 'PHCC-COM-4-2016', 'PHCC-COM-4-2016', NULL, NULL, NULL, NULL, NULL, NULL, NULL),
	(65, 'PHCC-DIR3-1-2016', 'PHCC-DIR3-1-2016', NULL, NULL, NULL, NULL, NULL, NULL, NULL),
	(66, 'PHCC-DIR3-2-2016', 'PHCC-DIR3-2-2016', NULL, NULL, NULL, NULL, NULL, NULL, NULL),
	(67, 'PHCC-DIR3-3-2016', 'PHCC-DIR3-3-2016', NULL, NULL, NULL, NULL, NULL, NULL, NULL),
	(68, 'PHCC-DIR4-2-2016', 'PHCC-DIR4-2-2016', NULL, NULL, NULL, NULL, NULL, NULL, NULL),
	(69, 'PHCC-DIR4-3-2016', 'PHCC-DIR4-3-2016', NULL, NULL, NULL, NULL, NULL, NULL, NULL),
	(70, 'PHCC-DIR4-4-2016', 'PHCC-DIR4-4-2016', NULL, NULL, NULL, NULL, NULL, NULL, NULL),
	(71, 'PHCC-DIR4-5-2016', 'PHCC-DIR4-5-2016', NULL, NULL, NULL, NULL, NULL, NULL, NULL),
	(72, 'PHCC-DRV2-10-2016', 'PHCC-DRV2-10-2016', NULL, NULL, NULL, NULL, NULL, NULL, NULL),
	(73, 'PHCC-DRV2-1-2016', 'PHCC-DRV2-1-2016', NULL, NULL, NULL, NULL, NULL, NULL, NULL),
	(74, 'PHCC-DRV2-2-2016', 'PHCC-DRV2-2-2016', NULL, NULL, NULL, NULL, NULL, NULL, NULL),
	(75, 'PHCC-DRV2-4-2016', 'PHCC-DRV2-4-2016', NULL, NULL, NULL, NULL, NULL, NULL, NULL),
	(76, 'PHCC-DRV2-6-2016', 'PHCC-DRV2-6-2016', NULL, NULL, NULL, NULL, NULL, NULL, NULL),
	(77, 'PHCC-DRV2-7-2016', 'PHCC-DRV2-7-2016', NULL, NULL, NULL, NULL, NULL, NULL, NULL),
	(78, 'PHCC-DRV2-8-2016', 'PHCC-DRV2-8-2016', NULL, NULL, NULL, NULL, NULL, NULL, NULL),
	(79, 'PHCC-DRV2-9-2016', 'PHCC-DRV2-9-2016', NULL, NULL, NULL, NULL, NULL, NULL, NULL),
	(80, 'PHCC-ECO2-1-2016', 'PHCC-ECO2-1-2016', NULL, NULL, NULL, NULL, NULL, NULL, NULL),
	(81, 'PHCC-ECO2-2-2016', 'PHCC-ECO2-2-2016', NULL, NULL, NULL, NULL, NULL, NULL, NULL),
	(82, 'PHCC-ECO3-1-2016', 'PHCC-ECO3-1-2016', NULL, NULL, NULL, NULL, NULL, NULL, NULL),
	(83, 'PHCC-ECO3-2-2016', 'PHCC-ECO3-2-2016', NULL, NULL, NULL, NULL, NULL, NULL, NULL),
	(84, 'PHCC-EXA3-1-2016', 'PHCC-EXA3-1-2016', NULL, NULL, NULL, NULL, NULL, NULL, NULL),
	(85, 'PHCC-EXA3-2-2016', 'PHCC-EXA3-2-2016', NULL, NULL, NULL, NULL, NULL, NULL, NULL),
	(86, 'PHCC-EXA3-5-2016', 'PHCC-EXA3-5-2016', NULL, NULL, NULL, NULL, NULL, NULL, NULL),
	(87, 'PHCC-EXA3-6-2016', 'PHCC-EXA3-6-2016', NULL, NULL, NULL, NULL, NULL, NULL, NULL),
	(88, 'PHCC-EXA4-1-2016', 'PHCC-EXA4-1-2016', NULL, NULL, NULL, NULL, NULL, NULL, NULL),
	(89, 'PHCC-EXA4-4-2016', 'PHCC-EXA4-4-2016', NULL, NULL, NULL, NULL, NULL, NULL, NULL),
	(90, 'PHCC-EXA4-5-2016', 'PHCC-EXA4-5-2016', NULL, NULL, NULL, NULL, NULL, NULL, NULL),
	(91, 'PHCC-EXED-1-2016', 'PHCC-EXED-1-2016', NULL, NULL, NULL, NULL, NULL, NULL, NULL),
	(92, 'PHCC-HEA-1-2016', 'PHCC-HEA-1-2016', NULL, NULL, NULL, NULL, NULL, NULL, NULL),
	(93, 'PHCC-HRMO1-1-2016', 'PHCC-HRMO1-1-2016', NULL, NULL, NULL, NULL, NULL, NULL, NULL),
	(94, 'PHCC-HRMO2-1-2016', 'PHCC-HRMO2-1-2016', NULL, NULL, NULL, NULL, NULL, NULL, NULL),
	(95, 'PHCC-HRMO2-2-2016', 'PHCC-HRMO2-2-2016', NULL, NULL, NULL, NULL, NULL, NULL, NULL),
	(96, 'PHCC-HRMO3-1-2016', 'PHCC-HRMO3-1-2016', NULL, NULL, NULL, NULL, NULL, NULL, NULL),
	(97, 'PHCC-HRMO3-2-2016', 'PHCC-HRMO3-2-2016', NULL, NULL, NULL, NULL, NULL, NULL, NULL),
	(98, 'PHCC-INFO2-1-2016', 'PHCC-INFO2-1-2016', NULL, NULL, NULL, NULL, NULL, NULL, NULL),
	(99, 'PHCC-INFO2-2-2016', 'PHCC-INFO2-2-2016', NULL, NULL, NULL, NULL, NULL, NULL, NULL),
	(100, 'PHCC-INFO3-1-2016', 'PHCC-INFO3-1-2016', NULL, NULL, NULL, NULL, NULL, NULL, NULL),
	(101, 'PHCC-INFO3-2-2016', 'PHCC-INFO3-2-2016', NULL, NULL, NULL, NULL, NULL, NULL, NULL),
	(102, 'PHCC-INFO4-1-2016', 'PHCC-INFO4-1-2016', NULL, NULL, NULL, NULL, NULL, NULL, NULL),
	(103, 'PHCC-INFO5-1-2016', 'PHCC-INFO5-1-2016', NULL, NULL, NULL, NULL, NULL, NULL, NULL),
	(104, 'PHCC-INFOSA2-1-2016', 'PHCC-INFOSA2-1-2016', NULL, NULL, NULL, NULL, NULL, NULL, NULL),
	(105, 'PHCC-INFOSA2-2-2016', 'PHCC-INFOSA2-2-2016', NULL, NULL, NULL, NULL, NULL, NULL, NULL),
	(106, 'PHCC-INVA1-1-2016', 'PHCC-INVA1-1-2016', NULL, NULL, NULL, NULL, NULL, NULL, NULL),
	(107, 'PHCC-INVA2-1-2016', 'PHCC-INVA2-1-2016', NULL, NULL, NULL, NULL, NULL, NULL, NULL),
	(108, 'PHCC-INVA2-2-2016', 'PHCC-INVA2-2-2016', NULL, NULL, NULL, NULL, NULL, NULL, NULL),
	(109, 'PHCC-INVA3-1-2016', 'PHCC-INVA3-1-2016', NULL, NULL, NULL, NULL, NULL, NULL, NULL),
	(110, 'PHCC-INVA3-2-2016', 'PHCC-INVA3-2-2016', NULL, NULL, NULL, NULL, NULL, NULL, NULL),
	(111, 'PHCC-INVA4-1-2016', 'PHCC-INVA4-1-2016', NULL, NULL, NULL, NULL, NULL, NULL, NULL),
	(112, 'PHCC-INVA5-1-2016', 'PHCC-INVA5-1-2016', NULL, NULL, NULL, NULL, NULL, NULL, NULL),
	(113, 'PHCC-ITO1-1-2016', 'PHCC-ITO1-1-2016', NULL, NULL, NULL, NULL, NULL, NULL, NULL),
	(114, 'PHCC-ITO1-2-2016', 'PHCC-ITO1-2-2016', NULL, NULL, NULL, NULL, NULL, NULL, NULL),
	(115, 'PHCC-ITO2-1-2016', 'PHCC-ITO2-1-2016', NULL, NULL, NULL, NULL, NULL, NULL, NULL),
	(116, 'PHCC-ITO3-1-2016', 'PHCC-ITO3-1-2016', NULL, NULL, NULL, NULL, NULL, NULL, NULL),
	(117, 'PHCC-LEA2-10-2016', 'PHCC-LEA2-10-2016', NULL, NULL, NULL, NULL, NULL, NULL, NULL),
	(118, 'PHCC-LEA2-11-2016', 'PHCC-LEA2-11-2016', NULL, NULL, NULL, NULL, NULL, NULL, NULL),
	(119, 'PHCC-LEA2-12-2016', 'PHCC-LEA2-12-2016', NULL, NULL, NULL, NULL, NULL, NULL, NULL),
	(120, 'PHCC-LEA2-13-2016', 'PHCC-LEA2-13-2016', NULL, NULL, NULL, NULL, NULL, NULL, NULL),
	(121, 'PHCC-LEA2-2-2016', 'PHCC-LEA2-2-2016', NULL, NULL, NULL, NULL, NULL, NULL, NULL),
	(122, 'PHCC-LEA2-3-2016', 'PHCC-LEA2-3-2016', NULL, NULL, NULL, NULL, NULL, NULL, NULL),
	(123, 'PHCC-LEA2-4-2016', 'PHCC-LEA2-4-2016', NULL, NULL, NULL, NULL, NULL, NULL, NULL),
	(124, 'PHCC-LEA2-5-2016', 'PHCC-LEA2-5-2016', NULL, NULL, NULL, NULL, NULL, NULL, NULL),
	(125, 'PHCC-LEA2-6-2016', 'PHCC-LEA2-6-2016', NULL, NULL, NULL, NULL, NULL, NULL, NULL),
	(126, 'PHCC-LEA2-7-2016', 'PHCC-LEA2-7-2016', NULL, NULL, NULL, NULL, NULL, NULL, NULL),
	(127, 'PHCC-LEA2-8-2016', 'PHCC-LEA2-8-2016', NULL, NULL, NULL, NULL, NULL, NULL, NULL),
	(128, 'PHCC-LEA2-9-2016', 'PHCC-LEA2-9-2016', NULL, NULL, NULL, NULL, NULL, NULL, NULL),
	(129, 'PHCC-PLO1-1-2016', 'PHCC-PLO1-1-2016', NULL, NULL, NULL, NULL, NULL, NULL, NULL),
	(130, 'PHCC-PLO3-1-2016', 'PHCC-PLO3-1-2016', NULL, NULL, NULL, NULL, NULL, NULL, NULL),
	(131, 'PHCC-PLO3-2-2016', 'PHCC-PLO3-2-2016', NULL, NULL, NULL, NULL, NULL, NULL, NULL),
	(132, 'PHCC-PLO4-1-2016', 'PHCC-PLO4-1-2016', NULL, NULL, NULL, NULL, NULL, NULL, NULL),
	(133, 'PHCC-PLO5-1-2016', 'PHCC-PLO5-1-2016', NULL, NULL, NULL, NULL, NULL, NULL, NULL),
	(134, 'PHCC-PSEC2-1-2016', 'PHCC-PSEC2-1-2016', NULL, NULL, NULL, NULL, NULL, NULL, NULL),
	(135, 'PHCC-PSEC2-3-2016', 'PHCC-PSEC2-3-2016', NULL, NULL, NULL, NULL, NULL, NULL, NULL),
	(136, 'PHCC-PSEC2-5-2016', 'PHCC-PSEC2-5-2016', NULL, NULL, NULL, NULL, NULL, NULL, NULL),
	(137, 'PHCC-RO1-1-2016', 'PHCC-RO1-1-2016', NULL, NULL, NULL, NULL, NULL, NULL, NULL),
	(138, 'PHCC-RO3-1-2016', 'PHCC-RO3-1-2016', NULL, NULL, NULL, NULL, NULL, NULL, NULL),
	(139, 'PHCC-SADOF-1-2016', 'PHCC-SADOF-1-2016', NULL, NULL, NULL, NULL, NULL, NULL, NULL),
	(140, 'PHCC-SADOF-2-2016', 'PHCC-SADOF-2-2016', NULL, NULL, NULL, NULL, NULL, NULL, NULL),
	(141, 'PHCC-SADOF-3-2016', 'PHCC-SADOF-3-2016', NULL, NULL, NULL, NULL, NULL, NULL, NULL),
	(142, 'PHCC-SEC2-10-2016', 'PHCC-SEC2-10-2016', NULL, NULL, NULL, NULL, NULL, NULL, NULL),
	(143, 'PHCC-SEC2-3-2016', 'PHCC-SEC2-3-2016', NULL, NULL, NULL, NULL, NULL, NULL, NULL),
	(144, 'PHCC-SEC2-5-2016', 'PHCC-SEC2-5-2016', NULL, NULL, NULL, NULL, NULL, NULL, NULL),
	(145, 'PHCC-SEC2-6-2016', 'PHCC-SEC2-6-2016', NULL, NULL, NULL, NULL, NULL, NULL, NULL),
	(146, 'PHCC-SEC2-9-2016', 'PHCC-SEC2-9-2016', NULL, NULL, NULL, NULL, NULL, NULL, NULL),
	(147, 'PHCC-SUO1-1-2016', 'PHCC-SUO1-1-2016', NULL, NULL, NULL, NULL, NULL, NULL, NULL),
	(148, 'PHCC-SUO2-1-2016', 'PHCC-SUO2-1-2016', NULL, NULL, NULL, NULL, NULL, NULL, NULL),
	(149, 'PHCC-SUO3-1-2016', 'PHCC-SUO3-1-2016', NULL, NULL, NULL, NULL, NULL, NULL, NULL),
	(150, 'PHCC-TRNSP2-2-2016', 'PHCC-TRNSP2-2-2016', NULL, NULL, NULL, NULL, NULL, NULL, NULL),
	(151, 'PHCC-TRNSP3-1-2016', 'PHCC-TRNSP3-1-2016', NULL, NULL, NULL, NULL, NULL, NULL, NULL),
	(152, 'PHCC-TRNSP4-1-2016', 'PHCC-TRNSP4-1-2016', NULL, NULL, NULL, NULL, NULL, NULL, NULL),
	(153, 'PHCC-TRNSP5-1-2016', 'PHCC-TRNSP5-1-2016', NULL, NULL, NULL, NULL, NULL, NULL, NULL);
/*!40000 ALTER TABLE `pms_position_items` ENABLE KEYS */;

-- Dumping structure for table pccdev.pms_previous_employer
DROP TABLE IF EXISTS `pms_previous_employer`;
CREATE TABLE IF NOT EXISTS `pms_previous_employer` (
  `id` int(11) NOT NULL AUTO_INCREMENT,
  `employee_id` int(11) DEFAULT NULL,
  `allowances` decimal(9,2) DEFAULT NULL,
  `thirteen_month_pay` decimal(9,2) DEFAULT NULL,
  `deminimis_amount` decimal(9,2) DEFAULT NULL,
  `tax_witheld` decimal(9,2) DEFAULT NULL,
  `premium_amount` decimal(9,2) DEFAULT NULL,
  `taxable_basic_pay` decimal(9,2) DEFAULT NULL,
  `taxable_thirteen_month_pay` decimal(9,2) DEFAULT NULL,
  `taxable_allowances` decimal(9,2) DEFAULT NULL,
  `as_of_date` date DEFAULT NULL,
  `created_at` timestamp NULL DEFAULT NULL,
  `updated_at` timestamp NULL DEFAULT NULL,
  `created_by` int(11) DEFAULT NULL,
  PRIMARY KEY (`id`)
) ENGINE=InnoDB AUTO_INCREMENT=2 DEFAULT CHARSET=latin1;

-- Dumping data for table pccdev.pms_previous_employer: ~0 rows (approximately)
/*!40000 ALTER TABLE `pms_previous_employer` DISABLE KEYS */;
INSERT INTO `pms_previous_employer` (`id`, `employee_id`, `allowances`, `thirteen_month_pay`, `deminimis_amount`, `tax_witheld`, `premium_amount`, `taxable_basic_pay`, `taxable_thirteen_month_pay`, `taxable_allowances`, `as_of_date`, `created_at`, `updated_at`, `created_by`) VALUES
	(1, 92, 55555.00, 23456.00, 23456.00, 2345.00, 234.00, 34567.00, 23456.00, 23456.00, '2018-07-26', '2018-07-17 16:14:40', '2018-07-17 16:51:38', NULL);
/*!40000 ALTER TABLE `pms_previous_employer` ENABLE KEYS */;

-- Dumping structure for table pccdev.pms_providentfund
DROP TABLE IF EXISTS `pms_providentfund`;
CREATE TABLE IF NOT EXISTS `pms_providentfund` (
  `id` int(11) NOT NULL AUTO_INCREMENT,
  `policy_name` varchar(225) DEFAULT NULL,
  `pay_period` varchar(225) DEFAULT NULL,
  `deduction_period` varchar(225) DEFAULT NULL,
  `policy_type` varchar(225) DEFAULT NULL,
  `based_on` varchar(225) DEFAULT NULL,
  `ee_share` decimal(9,2) DEFAULT NULL,
  `er_share` decimal(9,2) DEFAULT NULL,
  `remarks` varchar(225) DEFAULT NULL,
  `created_at` timestamp NULL DEFAULT NULL,
  `updated_at` timestamp NULL DEFAULT NULL,
  `updated_by` int(11) DEFAULT NULL,
  PRIMARY KEY (`id`)
) ENGINE=InnoDB DEFAULT CHARSET=latin1;

-- Dumping data for table pccdev.pms_providentfund: ~0 rows (approximately)
/*!40000 ALTER TABLE `pms_providentfund` DISABLE KEYS */;
/*!40000 ALTER TABLE `pms_providentfund` ENABLE KEYS */;

-- Dumping structure for table pccdev.pms_rata
DROP TABLE IF EXISTS `pms_rata`;
CREATE TABLE IF NOT EXISTS `pms_rata` (
  `id` int(11) NOT NULL AUTO_INCREMENT,
  `employee_id` int(11) DEFAULT NULL,
  `employee_number` varchar(225) DEFAULT NULL,
  `position_item_id` int(11) DEFAULT NULL,
  `office_id` int(11) DEFAULT NULL,
  `department_id` int(11) DEFAULT NULL,
  `position_id` int(11) DEFAULT NULL,
  `number_of_actual_work` int(11) DEFAULT NULL,
  `number_of_leave_field` int(11) DEFAULT NULL,
  `number_of_work_days` int(11) DEFAULT NULL,
  `number_of_used_vehicles` int(11) DEFAULT NULL,
  `percentage_of_rata` varchar(225) DEFAULT NULL,
  `percentage_of_rata_value` decimal(9,2) DEFAULT NULL,
  `transportation_amount` decimal(9,2) DEFAULT NULL,
  `representation_amount` decimal(9,2) DEFAULT NULL,
  `year` varchar(225) DEFAULT NULL,
  `month` varchar(225) DEFAULT NULL,
  `created_at` timestamp NULL DEFAULT NULL,
  `created_by` int(11) DEFAULT NULL,
  `updated_at` timestamp NULL DEFAULT NULL,
  `updated_by` int(11) DEFAULT NULL,
  PRIMARY KEY (`id`)
) ENGINE=InnoDB AUTO_INCREMENT=19 DEFAULT CHARSET=latin1;

-- Dumping data for table pccdev.pms_rata: ~0 rows (approximately)
/*!40000 ALTER TABLE `pms_rata` DISABLE KEYS */;
INSERT INTO `pms_rata` (`id`, `employee_id`, `employee_number`, `position_item_id`, `office_id`, `department_id`, `position_id`, `number_of_actual_work`, `number_of_leave_field`, `number_of_work_days`, `number_of_used_vehicles`, `percentage_of_rata`, `percentage_of_rata_value`, `transportation_amount`, `representation_amount`, `year`, `month`, `created_at`, `created_by`, `updated_at`, `updated_by`) VALUES
	(18, 47, 'P2016-0062', NULL, 5, NULL, 99, NULL, NULL, NULL, NULL, NULL, 1.00, 5000.00, 5000.00, '2018', 'January', '2018-11-18 23:44:34', NULL, '2018-11-18 23:44:34', NULL);
/*!40000 ALTER TABLE `pms_rata` ENABLE KEYS */;

-- Dumping structure for table pccdev.pms_rata_deductions
DROP TABLE IF EXISTS `pms_rata_deductions`;
CREATE TABLE IF NOT EXISTS `pms_rata_deductions` (
  `id` int(11) NOT NULL AUTO_INCREMENT,
  `employee_number` varchar(225) DEFAULT NULL,
  `employee_id` int(11) DEFAULT NULL,
  `deduction_id` int(11) DEFAULT NULL,
  `rata_id` int(11) DEFAULT NULL,
  `tax_deduction` decimal(9,2) DEFAULT NULL,
  `ra_deduction` decimal(9,2) DEFAULT NULL,
  `ta_deduction` decimal(9,2) DEFAULT NULL,
  `year` varchar(225) DEFAULT NULL,
  `month` varchar(225) DEFAULT NULL,
  `created_by` int(11) DEFAULT NULL,
  `updated_by` int(11) DEFAULT NULL,
  `created_at` timestamp NULL DEFAULT NULL,
  `updated_at` timestamp NULL DEFAULT NULL,
  PRIMARY KEY (`id`)
) ENGINE=InnoDB DEFAULT CHARSET=latin1;

-- Dumping data for table pccdev.pms_rata_deductions: ~0 rows (approximately)
/*!40000 ALTER TABLE `pms_rata_deductions` DISABLE KEYS */;
/*!40000 ALTER TABLE `pms_rata_deductions` ENABLE KEYS */;

-- Dumping structure for table pccdev.pms_rates
DROP TABLE IF EXISTS `pms_rates`;
CREATE TABLE IF NOT EXISTS `pms_rates` (
  `id` int(11) NOT NULL AUTO_INCREMENT,
  `rate` decimal(9,2) DEFAULT NULL,
  `status` varchar(50) DEFAULT NULL,
  `created_by` int(11) DEFAULT NULL,
  `updated_by` int(11) DEFAULT NULL,
  `created_at` timestamp NULL DEFAULT NULL,
  `updated_at` timestamp NULL DEFAULT NULL,
  PRIMARY KEY (`id`)
) ENGINE=InnoDB DEFAULT CHARSET=latin1;

-- Dumping data for table pccdev.pms_rates: ~0 rows (approximately)
/*!40000 ALTER TABLE `pms_rates` DISABLE KEYS */;
/*!40000 ALTER TABLE `pms_rates` ENABLE KEYS */;

-- Dumping structure for table pccdev.pms_salarygrade
DROP TABLE IF EXISTS `pms_salarygrade`;
CREATE TABLE IF NOT EXISTS `pms_salarygrade` (
  `id` int(11) NOT NULL AUTO_INCREMENT,
  `salary_grade` varchar(225) DEFAULT NULL,
  `step1` decimal(9,2) DEFAULT NULL,
  `step2` decimal(9,2) DEFAULT NULL,
  `step3` decimal(9,2) DEFAULT NULL,
  `step4` decimal(9,2) DEFAULT NULL,
  `step5` decimal(9,2) DEFAULT NULL,
  `step6` decimal(9,2) DEFAULT NULL,
  `step7` decimal(9,2) DEFAULT NULL,
  `step8` decimal(9,2) DEFAULT NULL,
  `remarks` varchar(225) DEFAULT NULL,
  `created_at` timestamp NULL DEFAULT NULL,
  `updated_at` timestamp NULL DEFAULT NULL,
  `updated_by` int(11) DEFAULT NULL,
  PRIMARY KEY (`id`)
) ENGINE=InnoDB AUTO_INCREMENT=33 DEFAULT CHARSET=latin1;

-- Dumping data for table pccdev.pms_salarygrade: ~32 rows (approximately)
/*!40000 ALTER TABLE `pms_salarygrade` DISABLE KEYS */;
INSERT INTO `pms_salarygrade` (`id`, `salary_grade`, `step1`, `step2`, `step3`, `step4`, `step5`, `step6`, `step7`, `step8`, `remarks`, `created_at`, `updated_at`, `updated_by`) VALUES
	(1, '1', 10510.00, 10602.00, 10695.00, 10789.00, 10884.00, 10982.00, 11076.00, 11173.00, NULL, NULL, NULL, NULL),
	(2, '2', 11200.00, 11293.00, 11386.00, 11480.00, 11575.00, 11671.00, 11767.00, 11864.00, NULL, NULL, NULL, NULL),
	(3, '3', 11914.00, 12013.00, 12112.00, 11212.00, 12313.00, 12414.00, 12517.00, 12620.00, NULL, NULL, NULL, NULL),
	(4, '4', 12674.00, 12778.00, 12884.00, 12990.00, 13097.00, 13206.00, 13315.00, 13424.00, NULL, NULL, NULL, NULL),
	(5, '5', 13481.00, 13606.00, 13705.00, 13818.00, 13932.00, 14047.00, 14163.00, 14280.00, NULL, NULL, NULL, NULL),
	(6, '6', 14340.00, 14459.00, 14578.00, 14699.00, 14820.00, 14942.00, 15066.00, 15190.00, NULL, NULL, NULL, NULL),
	(7, '7', 15254.00, 15380.00, 15507.00, 15635.00, 15765.00, 15895.00, 16026.00, 16158.00, NULL, NULL, NULL, NULL),
	(8, '9', 17473.00, 17627.00, 17781.00, 17937.00, 18095.00, 18253.00, 18413.00, 18575.00, NULL, NULL, NULL, NULL),
	(9, '10', 18718.00, 18883.00, 19048.00, 19215.00, 19384.00, 19567.00, 19725.00, 19898.00, NULL, NULL, NULL, NULL),
	(10, '11', 20179.00, 20437.00, 20698.00, 20963.00, 21231.00, 21502.00, 21777.00, 22055.00, NULL, NULL, NULL, NULL),
	(11, '12', 22149.00, 22410.00, 22674.00, 22942.00, 23212.00, 23486.00, 23763.00, 24043.00, NULL, NULL, NULL, NULL),
	(12, '13', 24224.00, 24510.00, 24799.00, 25091.00, 25387.00, 25686.00, 25989.00, 26296.00, NULL, NULL, NULL, NULL),
	(13, '14', 26494.00, 26806.00, 27122.00, 27442.00, 27766.00, 28093.00, 28424.00, 28759.00, NULL, NULL, NULL, NULL),
	(14, '15', 29010.00, 29359.00, 29713.00, 30071.00, 30432.00, 30799.00, 31170.00, 31545.00, NULL, NULL, NULL, NULL),
	(15, '16', 31765.00, 32147.00, 32535.00, 32926.00, 33323.00, 33724.00, 34130.00, 34541.00, NULL, NULL, NULL, NULL),
	(16, '17', 34781.00, 35201.00, 35624.00, 36053.00, 36487.00, 36927.00, 37371.00, 37821.00, NULL, NULL, NULL, NULL),
	(17, '18', 38085.00, 38543.00, 39007.00, 39477.00, 39952.00, 40433.00, 40920.00, 41413.00, NULL, NULL, NULL, NULL),
	(18, '19', 42099.00, 42730.00, 43371.00, 44020.00, 44680.00, 45350.00, 46030.00, 46720.00, NULL, NULL, NULL, NULL),
	(19, '20', 47037.00, 47742.00, 48457.00, 49184.00, 49921.00, 50669.00, 57460.00, 52199.00, NULL, NULL, NULL, NULL),
	(20, '21', 52544.00, 53341.00, 54141.00, 54952.00, 55776.00, 56612.00, 57460.00, 58322.00, NULL, NULL, NULL, NULL),
	(21, '22', 58717.00, 59597.00, 60491.00, 61397.00, 62318.00, 63252.00, 64200.00, 65162.00, NULL, NULL, NULL, NULL),
	(22, '23', 65604.00, 66587.00, 67585.00, 68598.00, 69627.00, 70670.00, 71730.00, 72805.00, NULL, NULL, NULL, NULL),
	(23, '24', 73229.00, 74397.00, 75512.00, 76644.00, 77793.00, 78959.00, 80143.00, 81344.00, NULL, NULL, NULL, NULL),
	(24, '25', 82439.00, 83674.00, 84928.00, 86201.00, 87493.00, 88805.00, 90136.00, 91487.00, NULL, NULL, NULL, NULL),
	(25, '26', 92108.00, 93488.00, 94889.00, 96312.00, 97775.00, 99221.00, 100708.00, 102217.00, NULL, NULL, NULL, NULL),
	(26, '27', 102910.00, 104453.00, 106019.00, 107608.00, 109221.00, 110858.00, 112519.00, 114210.00, NULL, NULL, NULL, NULL),
	(27, '28', 114981.00, 116704.00, 118453.00, 120229.00, 122031.00, 123860.00, 125716.00, 127601.00, NULL, NULL, NULL, NULL),
	(28, '29', 128467.00, 130392.00, 132346.00, 134330.00, 136343.00, 138387.00, 140461.00, 142566.00, NULL, NULL, NULL, NULL),
	(29, '30', 143534.00, 145685.00, 147869.00, 150085.00, 152335.00, 154618.00, 156935.00, 159228.00, NULL, NULL, NULL, NULL),
	(30, '31', 198168.00, 201615.00, 205121.00, 208689.00, 212318.00, 216011.00, 219768.00, 223590.00, NULL, NULL, NULL, NULL),
	(31, '32', 233857.00, 238035.00, 242288.00, 246618.00, 251024.00, 255509.00, 260074.00, 264721.00, NULL, NULL, NULL, NULL),
	(32, '33', 289401.00, 298083.00, NULL, NULL, NULL, NULL, NULL, NULL, NULL, NULL, NULL, NULL);
/*!40000 ALTER TABLE `pms_salarygrade` ENABLE KEYS */;

-- Dumping structure for table pccdev.pms_salaryinfo
DROP TABLE IF EXISTS `pms_salaryinfo`;
CREATE TABLE IF NOT EXISTS `pms_salaryinfo` (
  `id` int(11) NOT NULL AUTO_INCREMENT,
  `employee_id` int(11) DEFAULT NULL,
  `employee_number` varchar(225) DEFAULT NULL,
  `salarygrade_id` int(11) DEFAULT NULL,
  `jobgrade_id` int(11) DEFAULT NULL,
  `positionitem_id` int(11) DEFAULT NULL,
  `employee_status_id` int(11) DEFAULT NULL,
  `position_id` int(11) DEFAULT NULL,
  `step_inc` varchar(225) DEFAULT NULL,
  `salary_description` varchar(225) DEFAULT NULL,
  `salary_old_rate` decimal(9,2) DEFAULT NULL,
  `salary_adjustment` decimal(9,2) DEFAULT NULL,
  `salary_new_rate` decimal(9,2) DEFAULT NULL,
  `salary_effectivity_date` date DEFAULT NULL,
  `created_at` timestamp NULL DEFAULT NULL,
  `created_by` int(11) DEFAULT NULL,
  `updated_at` timestamp NULL DEFAULT NULL,
  `updated_by` int(11) DEFAULT NULL,
  PRIMARY KEY (`id`)
) ENGINE=InnoDB AUTO_INCREMENT=159 DEFAULT CHARSET=latin1;

-- Dumping data for table pccdev.pms_salaryinfo: ~158 rows (approximately)
/*!40000 ALTER TABLE `pms_salaryinfo` DISABLE KEYS */;
INSERT INTO `pms_salaryinfo` (`id`, `employee_id`, `employee_number`, `salarygrade_id`, `jobgrade_id`, `positionitem_id`, `employee_status_id`, `position_id`, `step_inc`, `salary_description`, `salary_old_rate`, `salary_adjustment`, `salary_new_rate`, `salary_effectivity_date`, `created_at`, `created_by`, `updated_at`, `updated_by`) VALUES
	(1, 1, NULL, NULL, 19, NULL, 11, NULL, '1', NULL, NULL, NULL, 531468.00, '2016-02-01', NULL, 0, NULL, NULL),
	(2, 2, NULL, NULL, 18, NULL, 11, NULL, '1', NULL, NULL, NULL, 354312.00, '2016-02-01', NULL, 0, NULL, NULL),
	(3, 3, NULL, NULL, 18, NULL, 11, NULL, '1', NULL, NULL, NULL, 354312.00, '2016-02-01', NULL, 0, NULL, NULL),
	(4, 4, NULL, NULL, 1, NULL, 12, NULL, '1', NULL, NULL, NULL, 14087.00, '2016-06-01', NULL, 0, NULL, NULL),
	(5, 5, NULL, NULL, 2, NULL, 12, NULL, '1', NULL, NULL, NULL, 14936.00, '2016-07-01', NULL, 0, NULL, NULL),
	(6, 6, NULL, NULL, 17, NULL, 1, NULL, '1', NULL, NULL, NULL, 220200.00, '2016-07-01', NULL, 0, NULL, NULL),
	(7, 7, NULL, NULL, 16, NULL, 1, NULL, '1', NULL, NULL, NULL, 169300.00, '2016-08-01', NULL, 0, NULL, NULL),
	(8, 8, NULL, NULL, 15, NULL, 1, NULL, '1', NULL, NULL, NULL, 122500.00, '2016-08-15', NULL, 0, NULL, NULL),
	(9, 9, NULL, NULL, 16, NULL, 1, NULL, '1', NULL, NULL, NULL, 169300.00, '2016-08-24', NULL, 0, NULL, NULL),
	(10, 10, NULL, NULL, 16, NULL, 1, NULL, '1', NULL, NULL, NULL, 169300.00, '2016-09-01', NULL, 0, NULL, NULL),
	(11, 11, NULL, NULL, 8, NULL, 1, NULL, '1', NULL, NULL, NULL, 45269.00, '2016-09-01', NULL, 0, NULL, NULL),
	(12, 12, NULL, NULL, 6, NULL, 12, NULL, '1', NULL, NULL, NULL, 30351.00, '2016-09-01', NULL, 0, NULL, NULL),
	(13, 13, NULL, NULL, 10, NULL, 1, NULL, '1', NULL, NULL, NULL, 59100.00, '2016-09-06', NULL, 0, NULL, NULL),
	(14, 14, NULL, NULL, 1, NULL, 1, NULL, '1', NULL, NULL, NULL, 14087.00, '2016-09-06', NULL, 0, NULL, NULL),
	(15, 15, NULL, NULL, 13, NULL, 1, NULL, '1', NULL, NULL, NULL, 86899.00, '2016-09-07', NULL, 0, NULL, NULL),
	(16, 16, NULL, NULL, 10, NULL, 1, NULL, '1', NULL, NULL, NULL, 59100.00, '2016-09-16', NULL, 0, NULL, NULL),
	(17, 17, NULL, NULL, 11, NULL, 1, NULL, '1', NULL, NULL, NULL, 69499.00, '2016-09-20', NULL, 0, NULL, NULL),
	(18, 18, NULL, NULL, 8, NULL, 1, NULL, '1', NULL, NULL, NULL, 45269.00, '2016-09-26', NULL, 0, NULL, NULL),
	(19, 19, NULL, NULL, 11, NULL, 1, NULL, '1', NULL, NULL, NULL, 69499.00, '2016-09-20', NULL, 0, NULL, NULL),
	(20, 20, NULL, NULL, 8, NULL, 1, NULL, '1', NULL, NULL, NULL, 45269.00, '2016-09-30', NULL, 0, NULL, NULL),
	(21, 21, NULL, NULL, 11, NULL, 1, NULL, '1', NULL, NULL, NULL, 69499.00, '2016-10-01', NULL, 0, NULL, NULL),
	(22, 22, NULL, NULL, 11, NULL, 1, NULL, '1', NULL, NULL, NULL, 69499.00, '2016-10-01', NULL, 0, NULL, NULL),
	(23, 23, NULL, 1, 13, NULL, 1, NULL, '1', NULL, NULL, NULL, 86899.00, '2016-10-03', NULL, 0, NULL, NULL),
	(24, 24, NULL, NULL, 16, NULL, 1, NULL, '1', NULL, NULL, NULL, 169300.00, '2016-10-03', NULL, 0, NULL, NULL),
	(25, 25, NULL, NULL, 12, NULL, 1, NULL, '1', NULL, NULL, NULL, 73900.00, '2016-10-11', NULL, 0, NULL, NULL),
	(26, 26, NULL, NULL, 11, NULL, 1, NULL, '1', NULL, NULL, NULL, 69499.00, '2016-10-12', NULL, 0, NULL, NULL),
	(27, 27, NULL, NULL, 13, NULL, 1, NULL, '1', NULL, NULL, NULL, 86899.00, '2016-10-17', NULL, 0, NULL, NULL),
	(28, 28, NULL, NULL, 9, NULL, 1, NULL, '1', NULL, NULL, NULL, 55600.00, '2016-10-17', NULL, 0, NULL, NULL),
	(29, 29, NULL, NULL, 10, NULL, 1, NULL, '1', NULL, NULL, NULL, 59100.00, '2016-10-17', NULL, 0, NULL, NULL),
	(30, 30, NULL, NULL, 11, NULL, 1, NULL, '1', NULL, NULL, NULL, 69499.00, '2016-10-17', NULL, 0, NULL, NULL),
	(31, 31, NULL, NULL, 13, NULL, 1, NULL, '1', NULL, NULL, NULL, 86899.00, '2016-10-17', NULL, 0, NULL, NULL),
	(32, 32, NULL, NULL, 9, NULL, 1, NULL, '1', NULL, NULL, NULL, 55600.00, '2016-10-17', NULL, 0, NULL, NULL),
	(33, 33, NULL, NULL, 1, NULL, 1, NULL, '1', NULL, NULL, NULL, 14087.00, '2016-10-24', NULL, 0, NULL, NULL),
	(34, 34, NULL, NULL, 15, NULL, 1, NULL, '1', NULL, NULL, NULL, 122500.00, '2016-10-24', NULL, 0, NULL, NULL),
	(35, 35, NULL, NULL, 1, NULL, 1, NULL, '1', NULL, NULL, NULL, 14087.00, '2016-10-24', NULL, 0, NULL, NULL),
	(36, 36, NULL, NULL, 13, NULL, 1, NULL, '1', NULL, NULL, NULL, 86899.00, '2016-10-25', NULL, 0, NULL, NULL),
	(37, 37, NULL, NULL, 8, NULL, 1, NULL, '1', NULL, NULL, NULL, 45269.00, '2016-10-25', NULL, 0, NULL, NULL),
	(38, 38, NULL, NULL, 7, NULL, 1, NULL, '1', NULL, NULL, NULL, 40169.00, '2016-10-27', NULL, 0, NULL, NULL),
	(39, 39, NULL, NULL, 6, NULL, 1, NULL, '1', NULL, NULL, NULL, 30351.00, '2016-11-02', NULL, 0, NULL, NULL),
	(40, 40, NULL, NULL, 1, NULL, 1, NULL, '1', NULL, NULL, NULL, 14087.00, '2016-11-02', NULL, 0, NULL, NULL),
	(41, 41, NULL, NULL, 14, NULL, 1, NULL, '1', NULL, NULL, NULL, 112500.00, '2016-11-02', NULL, 0, NULL, NULL),
	(42, 42, NULL, NULL, 9, NULL, 1, NULL, '1', NULL, NULL, NULL, 55600.00, '2016-11-02', NULL, 0, NULL, NULL),
	(43, 43, NULL, NULL, 7, NULL, 1, NULL, '1', NULL, NULL, NULL, 40169.00, '2016-11-02', NULL, 0, NULL, NULL),
	(44, 44, NULL, NULL, 7, NULL, 1, NULL, '1', NULL, NULL, NULL, 40169.00, '2016-11-03', NULL, 0, NULL, NULL),
	(45, 45, NULL, NULL, 14, NULL, 1, NULL, '1', NULL, NULL, NULL, 112500.00, '2016-11-07', NULL, 0, NULL, NULL),
	(46, 46, NULL, NULL, 9, NULL, 1, NULL, '1', NULL, NULL, NULL, 55600.00, '2016-11-07', NULL, 0, NULL, NULL),
	(47, 47, NULL, NULL, 14, NULL, 1, NULL, '1', NULL, NULL, NULL, 112500.00, '2016-11-07', NULL, 0, NULL, NULL),
	(48, 48, NULL, NULL, 7, NULL, 1, NULL, '1', NULL, NULL, NULL, 40169.00, '2016-11-14', NULL, 0, NULL, NULL),
	(49, 49, NULL, NULL, 11, NULL, 1, NULL, '1', NULL, NULL, NULL, 69499.00, '2016-11-16', NULL, 0, NULL, NULL),
	(50, 50, NULL, NULL, 6, NULL, 1, NULL, '1', NULL, NULL, NULL, 30351.00, '2016-11-16', NULL, 0, NULL, NULL),
	(51, 51, NULL, NULL, 9, NULL, 1, NULL, '1', NULL, NULL, NULL, 55600.00, '2016-11-21', NULL, 0, NULL, NULL),
	(52, 52, NULL, NULL, 11, NULL, 12, NULL, '1', NULL, NULL, NULL, 69499.00, '2016-12-01', NULL, 0, NULL, NULL),
	(53, 53, NULL, NULL, 11, NULL, 1, NULL, '1', NULL, NULL, NULL, 69499.00, '2016-12-01', NULL, 0, NULL, NULL),
	(54, 54, NULL, NULL, 8, NULL, 1, NULL, '1', NULL, NULL, NULL, 45269.00, '2016-12-01', NULL, 0, NULL, NULL),
	(55, 55, NULL, NULL, 8, NULL, 1, NULL, '1', NULL, NULL, NULL, 45269.00, '2016-12-01', NULL, 0, NULL, NULL),
	(56, 56, NULL, NULL, 14, NULL, 1, NULL, '1', NULL, NULL, NULL, 112500.00, '2016-12-01', NULL, 0, NULL, NULL),
	(57, 57, NULL, NULL, 5, NULL, 1, NULL, '1', NULL, NULL, NULL, 27414.00, '2016-12-01', NULL, 0, NULL, NULL),
	(58, 58, NULL, NULL, 6, NULL, 1, NULL, '1', NULL, NULL, NULL, 30351.00, '2016-12-05', NULL, 0, NULL, NULL),
	(59, 59, NULL, NULL, 6, NULL, 12, NULL, '1', NULL, NULL, NULL, 30351.00, '2016-12-07', NULL, 0, NULL, NULL),
	(60, 60, NULL, NULL, 6, NULL, 1, NULL, '1', NULL, NULL, NULL, 30351.00, '2016-12-19', NULL, 0, NULL, NULL),
	(61, 61, NULL, NULL, 8, NULL, 1, NULL, '1', NULL, NULL, NULL, 45269.00, '2016-12-19', NULL, 0, NULL, NULL),
	(62, 62, NULL, NULL, 9, NULL, 1, NULL, '1', NULL, NULL, NULL, 55600.00, '2017-01-03', NULL, 0, NULL, NULL),
	(63, 63, NULL, NULL, 9, NULL, 1, NULL, '1', NULL, NULL, NULL, 55600.00, '2017-01-04', NULL, 0, NULL, NULL),
	(64, 64, NULL, NULL, 8, NULL, 1, NULL, '1', NULL, NULL, NULL, 45269.00, '2017-01-09', NULL, 0, NULL, NULL),
	(65, 65, NULL, NULL, 18, NULL, 11, NULL, '1', NULL, NULL, NULL, 354312.00, '2017-01-16', NULL, 0, NULL, NULL),
	(66, 66, NULL, NULL, 5, NULL, 1, NULL, '1', NULL, NULL, NULL, 27414.00, '2017-01-16', NULL, 0, NULL, NULL),
	(67, 67, NULL, NULL, 8, NULL, 1, NULL, '1', NULL, NULL, NULL, 45269.00, '2017-01-16', NULL, 0, NULL, NULL),
	(68, 68, NULL, NULL, 10, NULL, 1, NULL, '1', NULL, NULL, NULL, 59100.00, '2017-01-19', NULL, 0, NULL, NULL),
	(69, 69, NULL, NULL, 12, NULL, 1, NULL, '1', NULL, NULL, NULL, 73900.00, '2017-01-23', NULL, 0, NULL, NULL),
	(70, 70, NULL, NULL, 13, NULL, 1, NULL, '1', NULL, NULL, NULL, 86899.00, '2017-01-26', NULL, 0, NULL, NULL),
	(71, 71, NULL, NULL, 13, NULL, 1, NULL, '1', NULL, NULL, NULL, 86899.00, '2017-01-26', NULL, 0, NULL, NULL),
	(72, 72, NULL, NULL, 8, NULL, 1, NULL, '1', NULL, NULL, NULL, 45269.00, '2017-02-01', NULL, 0, NULL, NULL),
	(73, 73, NULL, NULL, 9, NULL, 1, NULL, '1', NULL, NULL, NULL, 55600.00, '2017-02-06', NULL, 0, NULL, NULL),
	(74, 74, NULL, NULL, 11, NULL, 1, NULL, '1', NULL, NULL, NULL, 69499.00, '2017-02-07', NULL, 0, NULL, NULL),
	(75, 75, NULL, NULL, 7, NULL, 1, NULL, '1', NULL, NULL, NULL, 40169.00, '2017-02-15', NULL, 0, NULL, NULL),
	(76, 76, NULL, NULL, 6, NULL, 12, NULL, '1', NULL, NULL, NULL, 30351.00, '2017-02-20', NULL, 0, NULL, NULL),
	(77, 77, NULL, NULL, 8, NULL, 1, NULL, '1', NULL, NULL, NULL, 45269.00, '2017-02-20', NULL, 0, NULL, NULL),
	(78, 78, NULL, NULL, 11, NULL, 12, NULL, '1', NULL, NULL, NULL, 69499.00, '2017-03-01', NULL, 0, NULL, NULL),
	(79, 79, NULL, NULL, 10, NULL, 1, NULL, '1', NULL, NULL, NULL, 59100.00, '2017-03-02', NULL, 0, NULL, NULL),
	(80, 80, NULL, NULL, 6, NULL, 1, NULL, '1', NULL, NULL, NULL, 30351.00, '2017-03-13', NULL, 0, NULL, NULL),
	(81, 81, NULL, NULL, 9, NULL, 1, NULL, '1', NULL, NULL, NULL, 55600.00, '2017-03-24', NULL, 0, NULL, NULL),
	(82, 82, NULL, NULL, 10, NULL, 1, NULL, '1', NULL, NULL, NULL, 59100.00, '2017-03-27', NULL, 0, NULL, NULL),
	(83, 83, NULL, NULL, 10, NULL, 1, NULL, '1', NULL, NULL, NULL, 59100.00, '2017-04-03', NULL, 0, NULL, NULL),
	(84, 84, NULL, NULL, 8, NULL, 1, NULL, '1', NULL, NULL, NULL, 45269.00, '2017-04-04', NULL, 0, NULL, NULL),
	(85, 85, NULL, NULL, 8, NULL, 1, NULL, '1', NULL, NULL, NULL, 45269.00, '2017-04-10', NULL, 0, NULL, NULL),
	(86, 86, NULL, 0, 11, NULL, 1, NULL, '1', NULL, NULL, NULL, 69499.00, '2017-04-17', NULL, 0, NULL, NULL),
	(87, 87, NULL, NULL, 9, NULL, 1, NULL, '1', NULL, NULL, NULL, 55600.00, '2017-04-17', NULL, 0, NULL, NULL),
	(88, 88, NULL, NULL, 6, NULL, 1, NULL, '1', NULL, NULL, NULL, 30351.00, '2017-04-18', NULL, 0, NULL, NULL),
	(89, 89, NULL, NULL, 11, NULL, 1, NULL, '1', NULL, NULL, NULL, 69499.00, '2017-05-03', NULL, 0, NULL, NULL),
	(90, 90, NULL, NULL, 6, NULL, 1, NULL, '1', NULL, NULL, NULL, 30351.00, '2017-05-17', NULL, 0, NULL, NULL),
	(91, 91, NULL, NULL, 8, NULL, 1, NULL, '1', NULL, NULL, NULL, 45269.00, '2017-05-26', NULL, 0, NULL, NULL),
	(92, 92, NULL, NULL, 1, NULL, 12, NULL, '1', NULL, NULL, NULL, 14087.00, '2017-06-01', NULL, 0, NULL, NULL),
	(93, 93, NULL, NULL, 1, NULL, 12, NULL, '1', NULL, NULL, NULL, 14087.00, '2017-06-01', NULL, 0, NULL, NULL),
	(94, 94, NULL, 0, 6, NULL, 1, NULL, '1', NULL, NULL, NULL, 30351.00, '2017-06-01', NULL, 0, NULL, NULL),
	(95, 95, NULL, NULL, 8, NULL, 1, NULL, '1', NULL, NULL, NULL, 45269.00, '2017-06-14', NULL, 0, NULL, NULL),
	(96, 96, NULL, NULL, 4, NULL, 1, NULL, '1', NULL, NULL, NULL, 22532.00, '2017-06-14', NULL, 0, NULL, NULL),
	(97, 97, NULL, NULL, 10, NULL, 1, NULL, '1', NULL, NULL, NULL, 59100.00, '2017-06-15', NULL, 0, NULL, NULL),
	(98, 98, NULL, NULL, 10, NULL, 1, NULL, '1', NULL, NULL, NULL, 59100.00, '2017-06-15', NULL, 0, NULL, NULL),
	(99, 99, NULL, 0, 7, NULL, 1, NULL, '1', NULL, NULL, NULL, 40169.00, '2018-04-13', NULL, 0, NULL, NULL),
	(100, 100, NULL, NULL, 8, NULL, 1, NULL, '1', NULL, NULL, NULL, 45269.00, '2017-06-30', NULL, 0, NULL, NULL),
	(101, 101, NULL, NULL, 8, NULL, 6, NULL, '1', NULL, NULL, NULL, 45269.00, '2018-03-01', NULL, 0, NULL, NULL),
	(102, 102, NULL, NULL, 5, NULL, 1, NULL, '1', NULL, NULL, NULL, 27414.00, '2017-07-03', NULL, 0, NULL, NULL),
	(103, 103, NULL, NULL, 8, NULL, 1, NULL, '1', NULL, NULL, NULL, 45269.00, '2017-07-17', NULL, 0, NULL, NULL),
	(104, 104, NULL, NULL, 8, NULL, 1, NULL, '1', NULL, NULL, NULL, 45269.00, '2017-07-26', NULL, 0, NULL, NULL),
	(105, 105, NULL, NULL, 5, NULL, 1, NULL, '1', NULL, NULL, NULL, 27414.00, '2017-08-08', NULL, 0, NULL, NULL),
	(106, 106, NULL, NULL, 8, NULL, 1, NULL, '1', NULL, NULL, NULL, 45269.00, '2017-08-22', NULL, 0, NULL, NULL),
	(107, 107, NULL, NULL, 8, NULL, 1, NULL, '1', NULL, NULL, NULL, 45269.00, '2017-08-29', NULL, 0, NULL, NULL),
	(108, 108, NULL, NULL, 8, NULL, 1, NULL, '1', NULL, NULL, NULL, 45269.00, '2017-08-29', NULL, 0, NULL, NULL),
	(109, 109, NULL, NULL, 4, NULL, 12, NULL, '1', NULL, NULL, NULL, 22532.00, '2017-08-30', NULL, 0, NULL, NULL),
	(110, 110, NULL, NULL, 3, NULL, 1, NULL, '1', NULL, NULL, NULL, 17975.00, '2017-08-30', NULL, 0, NULL, NULL),
	(111, 111, NULL, NULL, 15, NULL, 1, NULL, '1', NULL, NULL, NULL, 122500.00, '2017-09-04', NULL, 0, NULL, NULL),
	(112, 112, NULL, NULL, 5, NULL, 1, NULL, '1', NULL, NULL, NULL, 27414.00, '2017-09-25', NULL, 0, NULL, NULL),
	(113, 113, NULL, NULL, 3, NULL, 1, NULL, '1', NULL, NULL, NULL, 17975.00, '2017-10-02', NULL, 0, NULL, NULL),
	(114, 114, NULL, NULL, 4, NULL, 1, NULL, '1', NULL, NULL, NULL, 22532.00, '2017-10-02', NULL, 0, NULL, NULL),
	(115, 115, NULL, 0, 15, NULL, 12, NULL, '1', NULL, NULL, NULL, 122500.00, '2017-10-04', NULL, 0, NULL, NULL),
	(116, 116, NULL, NULL, 6, NULL, 1, NULL, '1', NULL, NULL, NULL, 30351.00, '2017-10-12', NULL, 0, NULL, NULL),
	(117, 117, NULL, NULL, 7, NULL, 1, NULL, '1', NULL, NULL, NULL, 40169.00, '2017-10-12', NULL, 0, NULL, NULL),
	(118, 118, NULL, NULL, 10, NULL, 1, NULL, '1', NULL, NULL, NULL, 59100.00, '2017-10-12', NULL, 0, NULL, NULL),
	(119, 119, NULL, NULL, 9, NULL, 1, NULL, '1', NULL, NULL, NULL, 55600.00, '2017-10-20', NULL, 0, NULL, NULL),
	(120, 120, NULL, NULL, 10, NULL, 1, NULL, '1', NULL, NULL, NULL, 59100.00, '2017-10-23', NULL, 0, NULL, NULL),
	(121, 121, NULL, NULL, 5, NULL, 1, NULL, '1', NULL, NULL, NULL, 27414.00, '2017-11-06', NULL, 0, NULL, NULL),
	(122, 122, NULL, NULL, 5, NULL, 1, NULL, '1', NULL, NULL, NULL, 27414.00, '2017-11-06', NULL, 0, NULL, NULL),
	(123, 123, NULL, NULL, 6, NULL, 1, NULL, '1', NULL, NULL, NULL, 30351.00, '2017-11-16', NULL, 0, NULL, NULL),
	(124, 124, NULL, NULL, 6, NULL, 1, NULL, '1', NULL, NULL, NULL, 30351.00, '2017-11-21', NULL, 0, NULL, NULL),
	(125, 125, NULL, NULL, 8, NULL, 1, NULL, '1', NULL, NULL, NULL, 45269.00, '2017-11-24', NULL, 0, NULL, NULL),
	(126, 126, NULL, NULL, 5, NULL, 1, NULL, '1', NULL, NULL, NULL, 27414.00, '2018-01-03', NULL, 0, NULL, NULL),
	(127, 127, NULL, NULL, 11, NULL, 12, NULL, '1', NULL, NULL, NULL, 69499.00, '2018-01-29', NULL, 0, NULL, NULL),
	(128, 128, NULL, NULL, 4, NULL, 1, NULL, '1', NULL, NULL, NULL, 22532.00, '2018-02-01', NULL, 0, NULL, NULL),
	(129, 129, NULL, NULL, 6, NULL, 1, NULL, '1', NULL, NULL, NULL, 30351.00, '2018-02-19', NULL, 0, NULL, NULL),
	(130, 130, NULL, NULL, 8, NULL, 1, NULL, '1', NULL, NULL, NULL, 45269.00, '2018-02-26', NULL, 0, NULL, NULL),
	(131, 131, NULL, NULL, 5, NULL, 1, NULL, '1', NULL, NULL, NULL, 27414.00, '2018-04-02', NULL, 0, NULL, NULL),
	(132, 132, NULL, NULL, 6, NULL, 12, NULL, '1', NULL, NULL, NULL, 30351.00, '2018-04-02', NULL, 0, NULL, NULL),
	(133, 133, NULL, NULL, 8, NULL, 1, NULL, '1', NULL, NULL, NULL, 45269.00, '2018-04-02', NULL, 0, NULL, NULL),
	(134, 134, NULL, NULL, 8, NULL, 1, NULL, '1', NULL, NULL, NULL, 45269.00, '2018-04-05', NULL, 0, NULL, NULL),
	(135, 135, NULL, NULL, 3, NULL, 1, NULL, '1', NULL, NULL, NULL, 17975.00, '2018-05-02', NULL, 0, NULL, NULL),
	(136, 136, NULL, NULL, 5, NULL, 1, NULL, '1', NULL, NULL, NULL, 27414.00, '2018-06-01', NULL, 0, NULL, NULL),
	(137, 137, NULL, NULL, 5, NULL, 1, NULL, '1', NULL, NULL, NULL, 27414.00, '2018-05-15', NULL, 0, NULL, NULL),
	(138, 138, NULL, NULL, 8, NULL, 1, NULL, '1', NULL, NULL, NULL, 45269.00, '2018-06-11', NULL, 0, NULL, NULL),
	(139, 139, NULL, NULL, 8, NULL, 1, NULL, '1', NULL, NULL, NULL, 45269.00, '2018-08-01', NULL, 0, NULL, NULL),
	(140, 140, NULL, NULL, 8, NULL, 1, NULL, '1', NULL, NULL, NULL, 45269.00, '2018-08-01', NULL, 0, NULL, NULL),
	(141, 141, NULL, NULL, 5, NULL, 1, NULL, '1', NULL, NULL, NULL, 27414.00, '2018-05-02', NULL, 0, NULL, NULL),
	(142, 142, NULL, NULL, 7, NULL, 1, NULL, '1', NULL, NULL, NULL, 40169.00, '2018-08-10', NULL, 0, NULL, NULL),
	(143, 143, NULL, NULL, 5, NULL, 1, NULL, '1', NULL, NULL, NULL, 27414.00, '2018-08-13', NULL, 0, NULL, NULL),
	(144, 144, NULL, NULL, 8, NULL, 1, NULL, '1', NULL, NULL, NULL, 45269.00, '2018-08-23', NULL, 0, NULL, NULL),
	(145, 145, NULL, NULL, 10, NULL, 1, NULL, '1', NULL, NULL, NULL, 59100.00, '2018-09-11', NULL, 0, NULL, NULL),
	(146, 146, NULL, NULL, 18, NULL, 11, NULL, '1', NULL, NULL, NULL, 354312.00, '2018-09-11', NULL, 0, NULL, NULL),
	(147, 147, NULL, NULL, 11, NULL, 12, NULL, '1', NULL, NULL, NULL, 69499.00, '2018-09-14', NULL, 0, NULL, NULL),
	(148, 148, NULL, NULL, 3, NULL, 1, NULL, '1', NULL, NULL, NULL, 17975.00, '2018-10-01', NULL, 0, NULL, NULL),
	(149, 149, NULL, NULL, 1, NULL, 12, NULL, '1', NULL, NULL, NULL, 14087.00, '2018-10-01', NULL, 0, NULL, NULL),
	(150, 150, NULL, NULL, 6, NULL, 1, NULL, '1', NULL, NULL, NULL, 30351.00, '2018-10-01', NULL, 0, NULL, NULL),
	(151, 151, NULL, NULL, 6, NULL, 12, NULL, '1', NULL, NULL, NULL, 30351.00, '2018-10-11', NULL, 0, NULL, NULL),
	(152, 152, NULL, NULL, 5, NULL, 1, NULL, '1', NULL, NULL, NULL, 27414.00, '2018-10-15', NULL, 0, NULL, NULL),
	(153, 153, NULL, NULL, 4, NULL, 1, NULL, '1', NULL, NULL, NULL, 22532.00, '2018-10-17', NULL, 0, NULL, NULL),
	(154, 154, NULL, NULL, 5, NULL, 1, NULL, '1', NULL, NULL, NULL, 27414.00, '2018-10-22', NULL, 0, NULL, NULL),
	(155, 155, NULL, NULL, 5, NULL, 1, NULL, '1', NULL, NULL, NULL, 27414.00, '2018-10-26', NULL, 0, NULL, NULL),
	(156, 156, NULL, NULL, NULL, NULL, 1, NULL, NULL, NULL, NULL, NULL, NULL, NULL, NULL, 0, NULL, NULL),
	(157, 157, NULL, NULL, NULL, NULL, 1, NULL, NULL, NULL, NULL, NULL, NULL, NULL, NULL, 0, NULL, NULL),
	(158, 158, NULL, NULL, 1, NULL, 12, NULL, '1', NULL, NULL, NULL, 14087.00, '2017-11-28', NULL, 0, NULL, NULL);
/*!40000 ALTER TABLE `pms_salaryinfo` ENABLE KEYS */;

-- Dumping structure for table pccdev.pms_salary_adjustments
DROP TABLE IF EXISTS `pms_salary_adjustments`;
CREATE TABLE IF NOT EXISTS `pms_salary_adjustments` (
  `id` int(11) NOT NULL AUTO_INCREMENT,
  `employee_id` int(11) DEFAULT NULL,
  `employee_number` varchar(225) DEFAULT NULL,
  `old_basic_pay_amount` decimal(13,2) DEFAULT NULL,
  `new_basic_pay_amount` decimal(13,2) DEFAULT NULL,
  `salary_adjustment_amount` decimal(13,2) DEFAULT NULL,
  `gsis_cont_amount` decimal(13,2) DEFAULT NULL,
  `philhealth_cont_amount` decimal(13,2) DEFAULT NULL,
  `provident_fund_amount` decimal(13,2) DEFAULT NULL,
  `wtax_amount` decimal(13,2) DEFAULT NULL,
  `first_deduction_amount` decimal(13,2) DEFAULT NULL,
  `second_deduction_amount` decimal(13,2) DEFAULT NULL,
  `third_deduction_amount` decimal(13,2) DEFAULT NULL,
  `fourth_deduction_amount` decimal(13,2) DEFAULT NULL,
  `date_from` date DEFAULT NULL,
  `date_to` date DEFAULT NULL,
  `transaction_date` date DEFAULT NULL,
  `created_by` int(11) DEFAULT NULL,
  `updated_by` int(11) DEFAULT NULL,
  `created_at` timestamp NULL DEFAULT NULL,
  `updated_at` timestamp NULL DEFAULT NULL,
  PRIMARY KEY (`id`)
) ENGINE=InnoDB AUTO_INCREMENT=31 DEFAULT CHARSET=latin1;

-- Dumping data for table pccdev.pms_salary_adjustments: ~2 rows (approximately)
/*!40000 ALTER TABLE `pms_salary_adjustments` DISABLE KEYS */;
INSERT INTO `pms_salary_adjustments` (`id`, `employee_id`, `employee_number`, `old_basic_pay_amount`, `new_basic_pay_amount`, `salary_adjustment_amount`, `gsis_cont_amount`, `philhealth_cont_amount`, `provident_fund_amount`, `wtax_amount`, `first_deduction_amount`, `second_deduction_amount`, `third_deduction_amount`, `fourth_deduction_amount`, `date_from`, `date_to`, `transaction_date`, `created_by`, `updated_by`, `created_at`, `updated_at`) VALUES
	(28, 92, NULL, 0.00, 14087.00, 14087.00, 664.10, 387.39, 0.00, 0.00, 0.00, 0.00, 0.00, 0.00, '2018-11-18', '2018-11-30', '2018-11-04', 2, NULL, '2018-11-12 14:52:28', '2018-11-12 14:52:28'),
	(29, 106, NULL, 0.00, 59100.00, 59100.00, 1266.43, 1625.25, 0.00, 0.00, 0.00, 0.00, 0.00, 0.00, '2018-11-25', '2018-11-30', '2018-11-06', 2, NULL, '2018-11-13 16:26:46', '2018-11-13 16:26:46'),
	(30, 66, NULL, 0.00, 27414.00, 27414.00, 587.44, 753.88, 0.00, 0.00, 0.00, 0.00, 0.00, 0.00, '2018-11-25', '2018-11-30', '2018-11-28', 2, NULL, '2018-11-15 09:16:25', '2018-11-15 09:16:25');
/*!40000 ALTER TABLE `pms_salary_adjustments` ENABLE KEYS */;

-- Dumping structure for table pccdev.pms_specialpayroll_transactions
DROP TABLE IF EXISTS `pms_specialpayroll_transactions`;
CREATE TABLE IF NOT EXISTS `pms_specialpayroll_transactions` (
  `id` int(11) NOT NULL AUTO_INCREMENT,
  `employee_id` int(11) DEFAULT NULL,
  `employee_number` varchar(225) DEFAULT NULL,
  `benefit_info_id` int(11) DEFAULT NULL,
  `benefit_id` int(11) DEFAULT NULL,
  `position_item_id` int(11) DEFAULT NULL,
  `position_id` int(11) DEFAULT NULL,
  `division_id` int(11) DEFAULT NULL,
  `office_id` int(11) DEFAULT NULL,
  `percentage` decimal(9,2) DEFAULT NULL,
  `cost_uniform_amount` decimal(9,2) DEFAULT NULL,
  `no_of_months_entitled` decimal(9,2) DEFAULT NULL,
  `cash_gift_amount` decimal(9,2) DEFAULT NULL,
  `cna_amount` decimal(9,2) DEFAULT NULL,
  `amount` decimal(9,2) DEFAULT NULL,
  `status` varchar(50) DEFAULT NULL,
  `year` varchar(50) DEFAULT NULL,
  `month` varchar(50) DEFAULT NULL,
  `created_by` int(11) DEFAULT NULL,
  `created_at` timestamp NULL DEFAULT NULL,
  `updated_by` int(11) DEFAULT NULL,
  `updated_at` timestamp NULL DEFAULT NULL,
  PRIMARY KEY (`id`)
) ENGINE=InnoDB AUTO_INCREMENT=492 DEFAULT CHARSET=latin1;

-- Dumping data for table pccdev.pms_specialpayroll_transactions: ~194 rows (approximately)
/*!40000 ALTER TABLE `pms_specialpayroll_transactions` DISABLE KEYS */;
INSERT INTO `pms_specialpayroll_transactions` (`id`, `employee_id`, `employee_number`, `benefit_info_id`, `benefit_id`, `position_item_id`, `position_id`, `division_id`, `office_id`, `percentage`, `cost_uniform_amount`, `no_of_months_entitled`, `cash_gift_amount`, `cna_amount`, `amount`, `status`, `year`, `month`, `created_by`, `created_at`, `updated_by`, `updated_at`) VALUES
	(1, 65, NULL, 230, 11, NULL, 2, 0, 1, NULL, NULL, NULL, NULL, NULL, 9000.00, 'ee', '2018', 'January', 2, '2018-11-15 08:46:22', NULL, '2018-11-15 08:46:22'),
	(2, 65, NULL, 239, 12, NULL, 2, 0, 1, NULL, NULL, NULL, NULL, NULL, 6000.00, 'me', '2018', 'January', 2, '2018-11-15 08:46:22', NULL, '2018-11-15 08:46:22'),
	(3, 7, NULL, 232, 11, NULL, 77, 4, 12, NULL, NULL, NULL, NULL, NULL, 3800.00, 'ee', '2018', 'January', 2, '2018-11-15 08:46:30', NULL, '2018-11-15 08:46:30'),
	(4, 7, NULL, 241, 12, NULL, 77, 4, 12, NULL, NULL, NULL, NULL, NULL, 6000.00, 'me', '2018', 'January', 2, '2018-11-15 08:46:31', NULL, '2018-11-15 08:46:31'),
	(5, 127, 'P2018-0178', 182, NULL, NULL, 74, 0, 1, NULL, NULL, NULL, NULL, NULL, 500.00, 'cea', '2018', 'January', 2, '2018-11-15 08:47:50', NULL, '2018-11-15 08:47:50'),
	(10, 66, 'P2017-0092', NULL, NULL, NULL, 88, NULL, NULL, NULL, NULL, NULL, NULL, NULL, 27414.00, 'midyearbonus', '2018', 'January', NULL, '2018-11-15 09:08:17', NULL, '2018-11-15 09:08:17'),
	(11, 13, 'P2016-0022', NULL, NULL, NULL, 83, NULL, NULL, NULL, NULL, NULL, NULL, NULL, 59100.00, 'midyearbonus', '2018', 'January', NULL, '2018-11-15 09:08:51', NULL, '2018-11-15 09:08:51'),
	(15, 65, NULL, 180, 12, NULL, 2, 0, 1, NULL, NULL, NULL, NULL, NULL, 6000.00, 'me', '2018', 'January', 2, '2018-11-18 23:44:57', NULL, '2018-11-18 23:44:57'),
	(16, 65, NULL, 189, 11, NULL, 2, 0, 1, NULL, NULL, NULL, NULL, NULL, 9000.00, 'ee', '2018', 'January', 2, '2018-11-18 23:44:57', NULL, '2018-11-18 23:44:57'),
	(17, 7, NULL, 182, 12, NULL, 77, 4, 12, NULL, NULL, NULL, NULL, NULL, 6000.00, 'me', '2018', 'January', 2, '2018-11-18 23:44:57', NULL, '2018-11-18 23:44:57'),
	(18, 7, NULL, 191, 11, NULL, 77, 4, 12, NULL, NULL, NULL, NULL, NULL, 3800.00, 'ee', '2018', 'January', 2, '2018-11-18 23:44:57', NULL, '2018-11-18 23:44:57'),
	(19, 2, NULL, 183, 12, NULL, 2, 0, 1, NULL, NULL, NULL, NULL, NULL, 6000.00, 'me', '2018', 'January', 2, '2018-11-18 23:44:57', NULL, '2018-11-18 23:44:57'),
	(20, 2, NULL, 192, 11, NULL, 2, 0, 1, NULL, NULL, NULL, NULL, NULL, 9000.00, 'ee', '2018', 'January', 2, '2018-11-18 23:44:57', NULL, '2018-11-18 23:44:57'),
	(21, 24, NULL, 184, 12, NULL, 77, 4, 4, NULL, NULL, NULL, NULL, NULL, 6000.00, 'me', '2018', 'January', 2, '2018-11-18 23:44:57', NULL, '2018-11-18 23:44:57'),
	(22, 24, NULL, 193, 11, NULL, 77, 4, 4, NULL, NULL, NULL, NULL, NULL, 3800.00, 'ee', '2018', 'January', 2, '2018-11-18 23:44:57', NULL, '2018-11-18 23:44:57'),
	(23, 3, NULL, 185, 12, NULL, 2, 0, 1, NULL, NULL, NULL, NULL, NULL, 6000.00, 'me', '2018', 'January', 2, '2018-11-18 23:44:57', NULL, '2018-11-18 23:44:57'),
	(24, 3, NULL, 194, 11, NULL, 2, 0, 1, NULL, NULL, NULL, NULL, NULL, 9000.00, 'ee', '2018', 'January', 2, '2018-11-18 23:44:58', NULL, '2018-11-18 23:44:58'),
	(25, 10, NULL, 186, 12, NULL, 77, 4, 10, NULL, NULL, NULL, NULL, NULL, 6000.00, 'me', '2018', 'January', 2, '2018-11-18 23:44:58', NULL, '2018-11-18 23:44:58'),
	(26, 10, NULL, 195, 11, NULL, 77, 4, 10, NULL, NULL, NULL, NULL, NULL, 3800.00, 'ee', '2018', 'January', 2, '2018-11-18 23:44:58', NULL, '2018-11-18 23:44:58'),
	(27, 6, NULL, 187, 12, NULL, 117, 0, 9, NULL, NULL, NULL, NULL, NULL, 6000.00, 'me', '2018', 'January', 2, '2018-11-18 23:44:58', NULL, '2018-11-18 23:44:58'),
	(28, 6, NULL, 196, 11, NULL, 117, 0, 9, NULL, NULL, NULL, NULL, NULL, 5000.00, 'ee', '2018', 'January', 2, '2018-11-18 23:44:58', NULL, '2018-11-18 23:44:58'),
	(29, 47, 'P2016-0062', 200, NULL, NULL, 99, 31, 5, NULL, NULL, NULL, NULL, NULL, 1000.00, 'cea', '2018', 'January', 2, '2018-11-18 23:45:15', NULL, '2018-11-18 23:45:15'),
	(131, 66, 'P2017-0092', NULL, NULL, NULL, 88, 31, 5, NULL, NULL, NULL, NULL, NULL, 200.00, 'pbb', '2018', 'January', 2, '2018-11-18 23:51:27', NULL, '2018-11-18 23:51:27'),
	(132, 158, 'P2017-0175', NULL, NULL, NULL, 73, NULL, 1, NULL, NULL, NULL, NULL, NULL, 300.00, 'pbb', '2018', 'January', 2, '2018-11-18 23:51:38', NULL, '2018-11-18 23:51:38'),
	(133, 13, 'P2016-0022', NULL, NULL, NULL, 83, 31, 4, NULL, NULL, NULL, NULL, NULL, 300.00, 'pbb', '2018', 'January', 2, '2018-11-18 23:51:38', NULL, '2018-11-18 23:51:38'),
	(134, 87, 'P2017-0118', NULL, NULL, NULL, 96, 30, 10, NULL, NULL, NULL, NULL, NULL, 300.00, 'pbb', '2018', 'January', 2, '2018-11-18 23:51:38', NULL, '2018-11-18 23:51:38'),
	(135, 79, 'P2017-0106', NULL, NULL, NULL, 83, 34, 21, NULL, NULL, NULL, NULL, NULL, 300.00, 'pbb', '2018', 'January', 2, '2018-11-18 23:51:38', NULL, '2018-11-18 23:51:38'),
	(136, 50, 'P2016-0066', NULL, NULL, NULL, 284, 36, 21, NULL, NULL, NULL, NULL, NULL, 300.00, 'pbb', '2018', 'January', 2, '2018-11-18 23:51:38', NULL, '2018-11-18 23:51:38'),
	(137, 127, 'P2018-0178', NULL, NULL, NULL, 74, 0, 1, NULL, NULL, NULL, NULL, NULL, 300.00, 'pbb', '2018', 'January', 2, '2018-11-18 23:51:38', NULL, '2018-11-18 23:51:38'),
	(138, 53, 'P2016-0071', NULL, NULL, NULL, 285, 21, 12, NULL, NULL, NULL, NULL, NULL, 300.00, 'pbb', '2018', 'January', 2, '2018-11-18 23:51:38', NULL, '2018-11-18 23:51:38'),
	(139, 47, 'P2016-0062', NULL, NULL, NULL, 99, 31, 5, NULL, NULL, NULL, NULL, NULL, 300.00, 'pbb', '2018', 'January', 2, '2018-11-18 23:51:38', NULL, '2018-11-18 23:51:38'),
	(140, 103, 'P2017-0143', NULL, NULL, NULL, 81, 0, 9, NULL, NULL, NULL, NULL, NULL, 300.00, 'pbb', '2018', 'January', 2, '2018-11-18 23:51:38', NULL, '2018-11-18 23:51:38'),
	(141, 74, 'P2017-0101', NULL, NULL, NULL, 122, 11, 12, NULL, NULL, NULL, NULL, NULL, 300.00, 'pbb', '2018', 'January', 2, '2018-11-18 23:51:38', NULL, '2018-11-18 23:51:38'),
	(142, 65, 'P2017-0090', NULL, NULL, NULL, 2, 0, 1, NULL, NULL, NULL, NULL, NULL, 300.00, 'pbb', '2018', 'January', 2, '2018-11-18 23:51:38', NULL, '2018-11-18 23:51:38'),
	(143, 78, 'P2017-0105', NULL, NULL, NULL, 74, 0, 1, NULL, NULL, NULL, NULL, NULL, 300.00, 'pbb', '2018', 'January', 2, '2018-11-18 23:51:38', NULL, '2018-11-18 23:51:38'),
	(144, 60, 'P2016-0082', NULL, NULL, NULL, 115, 8, 21, NULL, NULL, NULL, NULL, NULL, 300.00, 'pbb', '2018', 'January', 2, '2018-11-18 23:51:38', NULL, '2018-11-18 23:51:38'),
	(145, 7, 'P2016-0013', NULL, NULL, NULL, 77, 4, 12, NULL, NULL, NULL, NULL, NULL, 300.00, 'pbb', '2018', 'January', 2, '2018-11-18 23:51:38', NULL, '2018-11-18 23:51:38'),
	(146, 2, 'P2016-0002', NULL, NULL, NULL, 2, 0, 1, NULL, NULL, NULL, NULL, NULL, 300.00, 'pbb', '2018', 'January', 2, '2018-11-18 23:51:38', NULL, '2018-11-18 23:51:38'),
	(147, 151, 'P2018-0212', NULL, NULL, NULL, 79, 0, 1, NULL, NULL, NULL, NULL, NULL, 300.00, 'pbb', '2018', 'January', 2, '2018-11-18 23:51:38', NULL, '2018-11-18 23:51:38'),
	(148, 71, 'P2017-0097', NULL, NULL, NULL, 120, 11, 12, NULL, NULL, NULL, NULL, NULL, 300.00, 'pbb', '2018', 'January', 2, '2018-11-18 23:51:39', NULL, '2018-11-18 23:51:39'),
	(149, 136, 'P2018-0194', NULL, NULL, NULL, 88, 10, 4, NULL, NULL, NULL, NULL, NULL, 300.00, 'pbb', '2018', 'January', 2, '2018-11-18 23:51:39', NULL, '2018-11-18 23:51:39'),
	(150, 130, 'P2018-0181', NULL, NULL, NULL, 86, 31, 5, NULL, NULL, NULL, NULL, NULL, 300.00, 'pbb', '2018', 'January', 2, '2018-11-18 23:51:39', NULL, '2018-11-18 23:51:39'),
	(151, 51, 'P2016-0068', NULL, NULL, NULL, 98, 35, 10, NULL, NULL, NULL, NULL, NULL, 300.00, 'pbb', '2018', 'January', 2, '2018-11-18 23:51:39', NULL, '2018-11-18 23:51:39'),
	(152, 146, 'P2018-0207', NULL, NULL, NULL, 2, 0, 1, NULL, NULL, NULL, NULL, NULL, 300.00, 'pbb', '2018', 'January', 2, '2018-11-18 23:51:39', NULL, '2018-11-18 23:51:39'),
	(153, 120, 'P2017-0166', NULL, NULL, NULL, 83, 34, 21, NULL, NULL, NULL, NULL, NULL, 300.00, 'pbb', '2018', 'January', 2, '2018-11-18 23:51:39', NULL, '2018-11-18 23:51:39'),
	(154, 62, 'P2017-0085', NULL, NULL, NULL, 93, 37, 5, NULL, NULL, NULL, NULL, NULL, 300.00, 'pbb', '2018', 'January', 2, '2018-11-18 23:51:39', NULL, '2018-11-18 23:51:39'),
	(155, 4, 'P2016-0006', NULL, NULL, NULL, 73, 0, 1, NULL, NULL, NULL, NULL, NULL, 300.00, 'pbb', '2018', 'January', 2, '2018-11-18 23:51:39', NULL, '2018-11-18 23:51:39'),
	(156, 42, 'P2016-0057', NULL, NULL, NULL, 96, 30, 10, NULL, NULL, NULL, NULL, NULL, 300.00, 'pbb', '2018', 'January', 2, '2018-11-18 23:51:39', NULL, '2018-11-18 23:51:39'),
	(157, 149, 'P2018-0210', NULL, NULL, NULL, 73, 0, 1, NULL, NULL, NULL, NULL, NULL, 300.00, 'pbb', '2018', 'January', 2, '2018-11-18 23:51:39', NULL, '2018-11-18 23:51:39'),
	(158, 36, 'P2016-0051', NULL, NULL, NULL, 283, 10, 4, NULL, NULL, NULL, NULL, NULL, 300.00, 'pbb', '2018', 'January', 2, '2018-11-18 23:51:39', NULL, '2018-11-18 23:51:39'),
	(159, 40, 'P2016-0055', NULL, NULL, NULL, 73, 4, 4, NULL, NULL, NULL, NULL, NULL, 300.00, 'pbb', '2018', 'January', 2, '2018-11-18 23:51:39', NULL, '2018-11-18 23:51:39'),
	(160, 14, 'P2016-0023', NULL, NULL, NULL, 73, 4, 5, NULL, NULL, NULL, NULL, NULL, 300.00, 'pbb', '2018', 'January', 2, '2018-11-18 23:51:39', NULL, '2018-11-18 23:51:39'),
	(161, 56, 'P2016-0074', NULL, NULL, NULL, 99, 31, 4, NULL, NULL, NULL, NULL, NULL, 300.00, 'pbb', '2018', 'January', 2, '2018-11-18 23:51:39', NULL, '2018-11-18 23:51:39'),
	(162, 85, 'P2017-0115', NULL, NULL, NULL, 86, 34, 21, NULL, NULL, NULL, NULL, NULL, 300.00, 'pbb', '2018', 'January', 2, '2018-11-18 23:51:39', NULL, '2018-11-18 23:51:39'),
	(163, 83, 'P2017-0112', NULL, NULL, NULL, 83, 31, 4, NULL, NULL, NULL, NULL, NULL, 300.00, 'pbb', '2018', 'January', 2, '2018-11-18 23:51:39', NULL, '2018-11-18 23:51:39'),
	(164, 28, 'P2016-0043', NULL, NULL, NULL, 96, 30, 10, NULL, NULL, NULL, NULL, NULL, 300.00, 'pbb', '2018', 'January', 2, '2018-11-18 23:51:39', NULL, '2018-11-18 23:51:39'),
	(165, 32, 'P2016-0047', NULL, NULL, NULL, 98, 35, 10, NULL, NULL, NULL, NULL, NULL, 300.00, 'pbb', '2018', 'January', 2, '2018-11-18 23:51:39', NULL, '2018-11-18 23:51:39'),
	(166, 48, 'P2016-0064', NULL, NULL, NULL, 106, 29, 10, NULL, NULL, NULL, NULL, NULL, 300.00, 'pbb', '2018', 'January', 2, '2018-11-18 23:51:40', NULL, '2018-11-18 23:51:40'),
	(167, 58, 'P2016-0078', NULL, NULL, NULL, 286, 8, 21, NULL, NULL, NULL, NULL, NULL, 300.00, 'pbb', '2018', 'January', 2, '2018-11-18 23:51:40', NULL, '2018-11-18 23:51:40'),
	(168, 152, 'P2018-0213', NULL, NULL, NULL, 88, 31, 5, NULL, NULL, NULL, NULL, NULL, 300.00, 'pbb', '2018', 'January', 2, '2018-11-18 23:51:40', NULL, '2018-11-18 23:51:40'),
	(169, 109, 'P2017-0152', NULL, NULL, NULL, 289, 0, 9, NULL, NULL, NULL, NULL, NULL, 300.00, 'pbb', '2018', 'January', 2, '2018-11-18 23:51:40', NULL, '2018-11-18 23:51:40'),
	(170, 131, 'P2018-0185', NULL, NULL, NULL, 88, 31, 4, NULL, NULL, NULL, NULL, NULL, 300.00, 'pbb', '2018', 'January', 2, '2018-11-18 23:51:40', NULL, '2018-11-18 23:51:40'),
	(171, 153, 'P2018-0214', NULL, NULL, NULL, 113, 8, 21, NULL, NULL, NULL, NULL, NULL, 300.00, 'pbb', '2018', 'January', 2, '2018-11-18 23:51:40', NULL, '2018-11-18 23:51:40'),
	(172, 122, 'P2017-0169', NULL, NULL, NULL, 88, 31, 5, NULL, NULL, NULL, NULL, NULL, 300.00, 'pbb', '2018', 'January', 2, '2018-11-18 23:51:40', NULL, '2018-11-18 23:51:40'),
	(173, 38, 'P2016-0053', NULL, NULL, NULL, 101, 35, 10, NULL, NULL, NULL, NULL, NULL, 300.00, 'pbb', '2018', 'January', 2, '2018-11-18 23:51:40', NULL, '2018-11-18 23:51:40'),
	(174, 43, 'P2016-0058', NULL, NULL, NULL, 101, 35, 10, NULL, NULL, NULL, NULL, NULL, 300.00, 'pbb', '2018', 'January', 2, '2018-11-18 23:51:40', NULL, '2018-11-18 23:51:40'),
	(175, 150, 'P2018-0211', NULL, NULL, NULL, 135, 0, 9, NULL, NULL, NULL, NULL, NULL, 300.00, 'pbb', '2018', 'January', 2, '2018-11-18 23:51:40', NULL, '2018-11-18 23:51:40'),
	(176, 129, 'P2018-0180', NULL, NULL, NULL, 114, 8, 21, NULL, NULL, NULL, NULL, NULL, 300.00, 'pbb', '2018', 'January', 2, '2018-11-18 23:51:40', NULL, '2018-11-18 23:51:40'),
	(177, 147, 'P2018-0208', NULL, NULL, NULL, 74, 0, 1, NULL, NULL, NULL, NULL, NULL, 300.00, 'pbb', '2018', 'January', 2, '2018-11-18 23:51:40', NULL, '2018-11-18 23:51:40'),
	(178, 96, 'P2017-0133', NULL, NULL, NULL, 131, 8, 21, NULL, NULL, NULL, NULL, NULL, 300.00, 'pbb', '2018', 'January', 2, '2018-11-18 23:51:40', NULL, '2018-11-18 23:51:40'),
	(179, 148, 'P2018-0209', NULL, NULL, NULL, 105, 0, 1, NULL, NULL, NULL, NULL, NULL, 300.00, 'pbb', '2018', 'January', 2, '2018-11-18 23:51:40', NULL, '2018-11-18 23:51:40'),
	(180, 30, 'P2016-0045', NULL, NULL, NULL, 281, 18, 12, NULL, NULL, NULL, NULL, NULL, 300.00, 'pbb', '2018', 'January', 2, '2018-11-18 23:51:40', NULL, '2018-11-18 23:51:40'),
	(181, 119, 'P2017-0165', NULL, NULL, NULL, 95, 29, 10, NULL, NULL, NULL, NULL, NULL, 300.00, 'pbb', '2018', 'January', 2, '2018-11-18 23:51:40', NULL, '2018-11-18 23:51:40'),
	(182, 73, 'P2017-0100', NULL, NULL, NULL, 108, 21, 12, NULL, NULL, NULL, NULL, NULL, 300.00, 'pbb', '2018', 'January', 2, '2018-11-18 23:51:40', NULL, '2018-11-18 23:51:40'),
	(183, 33, 'P2016-0048', NULL, NULL, NULL, 73, 4, 10, NULL, NULL, NULL, NULL, NULL, 300.00, 'pbb', '2018', 'January', 2, '2018-11-18 23:51:40', NULL, '2018-11-18 23:51:40'),
	(184, 145, 'P2018-0206', NULL, NULL, NULL, 112, 10, 4, NULL, NULL, NULL, NULL, NULL, 300.00, 'pbb', '2018', 'January', 2, '2018-11-18 23:51:40', NULL, '2018-11-18 23:51:40'),
	(185, 26, 'P2016-0041', NULL, NULL, NULL, 75, 29, 10, NULL, NULL, NULL, NULL, NULL, 300.00, 'pbb', '2018', 'January', 2, '2018-11-18 23:51:40', NULL, '2018-11-18 23:51:40'),
	(186, 21, 'P2016-0034', NULL, NULL, NULL, 91, 35, 10, NULL, NULL, NULL, NULL, NULL, 300.00, 'pbb', '2018', 'January', 2, '2018-11-18 23:51:41', NULL, '2018-11-18 23:51:41'),
	(187, 123, 'P2017-0170', NULL, NULL, NULL, 115, 11, 12, NULL, NULL, NULL, NULL, NULL, 300.00, 'pbb', '2018', 'January', 2, '2018-11-18 23:51:41', NULL, '2018-11-18 23:51:41'),
	(188, 154, 'P2018-0215', NULL, NULL, NULL, 103, 35, 10, NULL, NULL, NULL, NULL, NULL, 300.00, 'pbb', '2018', 'January', 2, '2018-11-18 23:51:41', NULL, '2018-11-18 23:51:41'),
	(189, 93, 'P2017-0128', NULL, NULL, NULL, 73, 0, 1, NULL, NULL, NULL, NULL, NULL, 300.00, 'pbb', '2018', 'January', 2, '2018-11-18 23:51:41', NULL, '2018-11-18 23:51:41'),
	(190, 92, 'P2017-0127', NULL, NULL, NULL, 73, 4, 21, NULL, NULL, NULL, NULL, NULL, 300.00, 'pbb', '2018', 'January', 2, '2018-11-18 23:51:41', NULL, '2018-11-18 23:51:41'),
	(191, 75, 'P2017-0102', NULL, NULL, NULL, 106, 29, 10, NULL, NULL, NULL, NULL, NULL, 300.00, 'pbb', '2018', 'January', 2, '2018-11-18 23:51:41', NULL, '2018-11-18 23:51:41'),
	(192, 155, 'P2018-0216', NULL, NULL, NULL, 88, 34, 21, NULL, NULL, NULL, NULL, NULL, 300.00, 'pbb', '2018', 'January', 2, '2018-11-18 23:51:41', NULL, '2018-11-18 23:51:41'),
	(193, 64, 'P2017-0088', NULL, NULL, NULL, 116, 23, 21, NULL, NULL, NULL, NULL, NULL, 300.00, 'pbb', '2018', 'January', 2, '2018-11-18 23:51:41', NULL, '2018-11-18 23:51:41'),
	(194, 135, 'P2018-0192', NULL, NULL, NULL, 105, 4, 10, NULL, NULL, NULL, NULL, NULL, 300.00, 'pbb', '2018', 'January', 2, '2018-11-18 23:51:41', NULL, '2018-11-18 23:51:41'),
	(195, 27, 'P2016-0042', NULL, NULL, NULL, 280, 35, 10, NULL, NULL, NULL, NULL, NULL, 300.00, 'pbb', '2018', 'January', 2, '2018-11-18 23:51:41', NULL, '2018-11-18 23:51:41'),
	(196, 45, 'P2016-0060', NULL, NULL, NULL, 99, 37, 5, NULL, NULL, NULL, NULL, NULL, 300.00, 'pbb', '2018', 'January', 2, '2018-11-18 23:51:41', NULL, '2018-11-18 23:51:41'),
	(197, 5, 'P2016-0009', NULL, NULL, NULL, 76, 0, 1, NULL, NULL, NULL, NULL, NULL, 300.00, 'pbb', '2018', 'January', 2, '2018-11-18 23:51:41', NULL, '2018-11-18 23:51:41'),
	(198, 20, 'P2016-0033', NULL, NULL, NULL, 90, 11, 12, NULL, NULL, NULL, NULL, NULL, 300.00, 'pbb', '2018', 'January', 2, '2018-11-18 23:51:41', NULL, '2018-11-18 23:51:41'),
	(199, 24, 'P2016-0038', NULL, NULL, NULL, 77, 4, 4, NULL, NULL, NULL, NULL, NULL, 300.00, 'pbb', '2018', 'January', 2, '2018-11-18 23:51:41', NULL, '2018-11-18 23:51:41'),
	(200, 22, 'P2016-0035', NULL, NULL, NULL, 92, 30, 10, NULL, NULL, NULL, NULL, NULL, 300.00, 'pbb', '2018', 'January', 2, '2018-11-18 23:51:41', NULL, '2018-11-18 23:51:41'),
	(201, 3, 'P2016-0003', NULL, NULL, NULL, 2, 0, 1, NULL, NULL, NULL, NULL, NULL, 300.00, 'pbb', '2018', 'January', 2, '2018-11-18 23:51:41', NULL, '2018-11-18 23:51:41'),
	(202, 77, 'P2017-0104', NULL, NULL, NULL, 107, 21, 12, NULL, NULL, NULL, NULL, NULL, 300.00, 'pbb', '2018', 'January', 2, '2018-11-18 23:51:41', NULL, '2018-11-18 23:51:41'),
	(203, 10, 'P2016-0018', NULL, NULL, NULL, 77, 4, 10, NULL, NULL, NULL, NULL, NULL, 300.00, 'pbb', '2018', 'January', 2, '2018-11-18 23:51:41', NULL, '2018-11-18 23:51:41'),
	(204, 8, 'P2016-0016', NULL, NULL, NULL, 80, 4, 4, NULL, NULL, NULL, NULL, NULL, 300.00, 'pbb', '2018', 'January', 2, '2018-11-18 23:51:41', NULL, '2018-11-18 23:51:41'),
	(205, 157, 'P2018-0218', NULL, NULL, NULL, 105, NULL, NULL, NULL, NULL, NULL, NULL, NULL, 300.00, 'pbb', '2018', 'January', 2, '2018-11-18 23:51:42', NULL, '2018-11-18 23:51:42'),
	(206, 105, 'P2017-0148', NULL, NULL, NULL, 88, 37, 5, NULL, NULL, NULL, NULL, NULL, 300.00, 'pbb', '2018', 'January', 2, '2018-11-18 23:51:42', NULL, '2018-11-18 23:51:42'),
	(207, 124, 'P2017-0171', NULL, NULL, NULL, 115, 8, 21, NULL, NULL, NULL, NULL, NULL, 300.00, 'pbb', '2018', 'January', 2, '2018-11-18 23:51:43', NULL, '2018-11-18 23:51:43'),
	(208, 95, 'P2017-0132', NULL, NULL, NULL, 81, 0, 1, NULL, NULL, NULL, NULL, NULL, 300.00, 'pbb', '2018', 'January', 2, '2018-11-18 23:51:43', NULL, '2018-11-18 23:51:43'),
	(209, 35, 'P2016-0050', NULL, NULL, NULL, 73, 4, 12, NULL, NULL, NULL, NULL, NULL, 300.00, 'pbb', '2018', 'January', 2, '2018-11-18 23:51:43', NULL, '2018-11-18 23:51:43'),
	(210, 72, 'P2017-0098', NULL, NULL, NULL, 109, 18, 12, NULL, NULL, NULL, NULL, NULL, 300.00, 'pbb', '2018', 'January', 2, '2018-11-18 23:51:43', NULL, '2018-11-18 23:51:43'),
	(211, 91, 'P2017-0125', NULL, NULL, NULL, 89, 8, 21, NULL, NULL, NULL, NULL, NULL, 300.00, 'pbb', '2018', 'January', 2, '2018-11-18 23:51:43', NULL, '2018-11-18 23:51:43'),
	(212, 6, 'P2016-0010', NULL, NULL, NULL, 117, 0, 9, NULL, NULL, NULL, NULL, NULL, 300.00, 'pbb', '2018', 'January', 2, '2018-11-18 23:51:44', NULL, '2018-11-18 23:51:44'),
	(213, 101, 'P2018-0182', NULL, NULL, NULL, 81, 2, 1, NULL, NULL, NULL, NULL, NULL, 300.00, 'pbb', '2018', 'January', 2, '2018-11-18 23:51:44', NULL, '2018-11-18 23:51:44'),
	(214, 111, 'P2017-0154', NULL, NULL, NULL, 80, 4, 10, NULL, NULL, NULL, NULL, NULL, 300.00, 'pbb', '2018', 'January', 2, '2018-11-18 23:51:44', NULL, '2018-11-18 23:51:44'),
	(215, 46, 'P2016-0061', NULL, NULL, NULL, 93, 37, 5, NULL, NULL, NULL, NULL, NULL, 300.00, 'pbb', '2018', 'January', 2, '2018-11-18 23:51:44', NULL, '2018-11-18 23:51:44'),
	(216, 81, 'P2017-0109', NULL, NULL, NULL, 96, 30, 10, NULL, NULL, NULL, NULL, NULL, 300.00, 'pbb', '2018', 'January', 2, '2018-11-18 23:51:44', NULL, '2018-11-18 23:51:44'),
	(217, 156, 'P2018-0217', NULL, NULL, NULL, 86, NULL, 13, NULL, NULL, NULL, NULL, NULL, 300.00, 'pbb', '2018', 'January', 2, '2018-11-18 23:51:44', NULL, '2018-11-18 23:51:44'),
	(218, 31, 'P2016-0046', NULL, NULL, NULL, 282, 29, 10, NULL, NULL, NULL, NULL, NULL, 300.00, 'pbb', '2018', 'January', 2, '2018-11-18 23:51:44', NULL, '2018-11-18 23:51:44'),
	(219, 137, 'P2018-0193', NULL, NULL, NULL, 88, 10, 4, NULL, NULL, NULL, NULL, NULL, 300.00, 'pbb', '2018', 'January', 2, '2018-11-18 23:51:44', NULL, '2018-11-18 23:51:44'),
	(220, 97, 'P2017-0134', NULL, NULL, NULL, 83, 31, 4, NULL, NULL, NULL, NULL, NULL, 300.00, 'pbb', '2018', 'January', 2, '2018-11-18 23:51:44', NULL, '2018-11-18 23:51:44'),
	(221, 132, 'P2018-0186', NULL, NULL, NULL, 79, 0, 1, NULL, NULL, NULL, NULL, NULL, 300.00, 'pbb', '2018', 'January', 2, '2018-11-18 23:51:44', NULL, '2018-11-18 23:51:44'),
	(222, 134, 'P2018-0188', NULL, NULL, NULL, 86, 34, 21, NULL, NULL, NULL, NULL, NULL, 300.00, 'pbb', '2018', 'January', 2, '2018-11-18 23:51:44', NULL, '2018-11-18 23:51:44'),
	(223, 106, 'P2017-0149', NULL, NULL, NULL, 136, 10, 4, NULL, NULL, NULL, NULL, NULL, 300.00, 'pbb', '2018', 'January', 2, '2018-11-18 23:51:44', NULL, '2018-11-18 23:51:44'),
	(224, 158, 'P2017-0175', NULL, NULL, NULL, 73, NULL, NULL, NULL, NULL, NULL, NULL, NULL, 14087.00, 'midyearbonus', '2018', 'January', NULL, '2018-11-18 23:52:16', NULL, '2018-11-18 23:52:16'),
	(225, 87, 'P2017-0118', NULL, NULL, NULL, 96, NULL, NULL, NULL, NULL, NULL, NULL, NULL, 55600.00, 'midyearbonus', '2018', 'January', NULL, '2018-11-18 23:52:16', NULL, '2018-11-18 23:52:16'),
	(226, 79, 'P2017-0106', NULL, NULL, NULL, 83, NULL, NULL, NULL, NULL, NULL, NULL, NULL, 59100.00, 'midyearbonus', '2018', 'January', NULL, '2018-11-18 23:52:16', NULL, '2018-11-18 23:52:16'),
	(227, 50, 'P2016-0066', NULL, NULL, NULL, 284, NULL, NULL, NULL, NULL, NULL, NULL, NULL, 30351.00, 'midyearbonus', '2018', 'January', NULL, '2018-11-18 23:52:16', NULL, '2018-11-18 23:52:16'),
	(228, 127, 'P2018-0178', NULL, NULL, NULL, 74, NULL, NULL, NULL, NULL, NULL, NULL, NULL, 69499.00, 'midyearbonus', '2018', 'January', NULL, '2018-11-18 23:52:16', NULL, '2018-11-18 23:52:16'),
	(229, 53, 'P2016-0071', NULL, NULL, NULL, 285, NULL, NULL, NULL, NULL, NULL, NULL, NULL, 69499.00, 'midyearbonus', '2018', 'January', NULL, '2018-11-18 23:52:16', NULL, '2018-11-18 23:52:16'),
	(230, 47, 'P2016-0062', NULL, NULL, NULL, 99, NULL, NULL, NULL, NULL, NULL, NULL, NULL, 112500.00, 'midyearbonus', '2018', 'January', NULL, '2018-11-18 23:52:16', NULL, '2018-11-18 23:52:16'),
	(231, 103, 'P2017-0143', NULL, NULL, NULL, 81, NULL, NULL, NULL, NULL, NULL, NULL, NULL, 45269.00, 'midyearbonus', '2018', 'January', NULL, '2018-11-18 23:52:16', NULL, '2018-11-18 23:52:16'),
	(232, 74, 'P2017-0101', NULL, NULL, NULL, 122, NULL, NULL, NULL, NULL, NULL, NULL, NULL, 69499.00, 'midyearbonus', '2018', 'January', NULL, '2018-11-18 23:52:17', NULL, '2018-11-18 23:52:17'),
	(233, 65, 'P2017-0090', NULL, NULL, NULL, 2, NULL, NULL, NULL, NULL, NULL, NULL, NULL, 354312.00, 'midyearbonus', '2018', 'January', NULL, '2018-11-18 23:52:17', NULL, '2018-11-18 23:52:17'),
	(234, 78, 'P2017-0105', NULL, NULL, NULL, 74, NULL, NULL, NULL, NULL, NULL, NULL, NULL, 69499.00, 'midyearbonus', '2018', 'January', NULL, '2018-11-18 23:52:17', NULL, '2018-11-18 23:52:17'),
	(235, 60, 'P2016-0082', NULL, NULL, NULL, 115, NULL, NULL, NULL, NULL, NULL, NULL, NULL, 30351.00, 'midyearbonus', '2018', 'January', NULL, '2018-11-18 23:52:17', NULL, '2018-11-18 23:52:17'),
	(236, 7, 'P2016-0013', NULL, NULL, NULL, 77, NULL, NULL, NULL, NULL, NULL, NULL, NULL, 169300.00, 'midyearbonus', '2018', 'January', NULL, '2018-11-18 23:52:17', NULL, '2018-11-18 23:52:17'),
	(237, 2, 'P2016-0002', NULL, NULL, NULL, 2, NULL, NULL, NULL, NULL, NULL, NULL, NULL, 354312.00, 'midyearbonus', '2018', 'January', NULL, '2018-11-18 23:52:17', NULL, '2018-11-18 23:52:17'),
	(238, 151, 'P2018-0212', NULL, NULL, NULL, 79, NULL, NULL, NULL, NULL, NULL, NULL, NULL, 30351.00, 'midyearbonus', '2018', 'January', NULL, '2018-11-18 23:52:17', NULL, '2018-11-18 23:52:17'),
	(239, 71, 'P2017-0097', NULL, NULL, NULL, 120, NULL, NULL, NULL, NULL, NULL, NULL, NULL, 86899.00, 'midyearbonus', '2018', 'January', NULL, '2018-11-18 23:52:17', NULL, '2018-11-18 23:52:17'),
	(240, 51, 'P2016-0068', NULL, NULL, NULL, 98, NULL, NULL, NULL, NULL, NULL, NULL, NULL, 55600.00, 'midyearbonus', '2018', 'January', NULL, '2018-11-18 23:52:17', NULL, '2018-11-18 23:52:17'),
	(241, 120, 'P2017-0166', NULL, NULL, NULL, 83, NULL, NULL, NULL, NULL, NULL, NULL, NULL, 59100.00, 'midyearbonus', '2018', 'January', NULL, '2018-11-18 23:52:17', NULL, '2018-11-18 23:52:17'),
	(242, 62, 'P2017-0085', NULL, NULL, NULL, 93, NULL, NULL, NULL, NULL, NULL, NULL, NULL, 55600.00, 'midyearbonus', '2018', 'January', NULL, '2018-11-18 23:52:17', NULL, '2018-11-18 23:52:17'),
	(243, 4, 'P2016-0006', NULL, NULL, NULL, 73, NULL, NULL, NULL, NULL, NULL, NULL, NULL, 14087.00, 'midyearbonus', '2018', 'January', NULL, '2018-11-18 23:52:17', NULL, '2018-11-18 23:52:17'),
	(244, 42, 'P2016-0057', NULL, NULL, NULL, 96, NULL, NULL, NULL, NULL, NULL, NULL, NULL, 55600.00, 'midyearbonus', '2018', 'January', NULL, '2018-11-18 23:52:17', NULL, '2018-11-18 23:52:17'),
	(245, 149, 'P2018-0210', NULL, NULL, NULL, 73, NULL, NULL, NULL, NULL, NULL, NULL, NULL, 14087.00, 'midyearbonus', '2018', 'January', NULL, '2018-11-18 23:52:17', NULL, '2018-11-18 23:52:17'),
	(246, 36, 'P2016-0051', NULL, NULL, NULL, 283, NULL, NULL, NULL, NULL, NULL, NULL, NULL, 86899.00, 'midyearbonus', '2018', 'January', NULL, '2018-11-18 23:52:17', NULL, '2018-11-18 23:52:17'),
	(247, 40, 'P2016-0055', NULL, NULL, NULL, 73, NULL, NULL, NULL, NULL, NULL, NULL, NULL, 14087.00, 'midyearbonus', '2018', 'January', NULL, '2018-11-18 23:52:17', NULL, '2018-11-18 23:52:17'),
	(248, 14, 'P2016-0023', NULL, NULL, NULL, 73, NULL, NULL, NULL, NULL, NULL, NULL, NULL, 14087.00, 'midyearbonus', '2018', 'January', NULL, '2018-11-18 23:52:17', NULL, '2018-11-18 23:52:17'),
	(249, 56, 'P2016-0074', NULL, NULL, NULL, 99, NULL, NULL, NULL, NULL, NULL, NULL, NULL, 112500.00, 'midyearbonus', '2018', 'January', NULL, '2018-11-18 23:52:18', NULL, '2018-11-18 23:52:18'),
	(250, 85, 'P2017-0115', NULL, NULL, NULL, 86, NULL, NULL, NULL, NULL, NULL, NULL, NULL, 45269.00, 'midyearbonus', '2018', 'January', NULL, '2018-11-18 23:52:18', NULL, '2018-11-18 23:52:18'),
	(251, 83, 'P2017-0112', NULL, NULL, NULL, 83, NULL, NULL, NULL, NULL, NULL, NULL, NULL, 59100.00, 'midyearbonus', '2018', 'January', NULL, '2018-11-18 23:52:18', NULL, '2018-11-18 23:52:18'),
	(252, 28, 'P2016-0043', NULL, NULL, NULL, 96, NULL, NULL, NULL, NULL, NULL, NULL, NULL, 55600.00, 'midyearbonus', '2018', 'January', NULL, '2018-11-18 23:52:18', NULL, '2018-11-18 23:52:18'),
	(253, 32, 'P2016-0047', NULL, NULL, NULL, 98, NULL, NULL, NULL, NULL, NULL, NULL, NULL, 55600.00, 'midyearbonus', '2018', 'January', NULL, '2018-11-18 23:52:18', NULL, '2018-11-18 23:52:18'),
	(254, 48, 'P2016-0064', NULL, NULL, NULL, 106, NULL, NULL, NULL, NULL, NULL, NULL, NULL, 40169.00, 'midyearbonus', '2018', 'January', NULL, '2018-11-18 23:52:18', NULL, '2018-11-18 23:52:18'),
	(255, 58, 'P2016-0078', NULL, NULL, NULL, 286, NULL, NULL, NULL, NULL, NULL, NULL, NULL, 30351.00, 'midyearbonus', '2018', 'January', NULL, '2018-11-18 23:52:18', NULL, '2018-11-18 23:52:18'),
	(256, 152, 'P2018-0213', NULL, NULL, NULL, 88, NULL, NULL, NULL, NULL, NULL, NULL, NULL, 27414.00, 'midyearbonus', '2018', 'January', NULL, '2018-11-18 23:52:18', NULL, '2018-11-18 23:52:18'),
	(257, 109, 'P2017-0152', NULL, NULL, NULL, 289, NULL, NULL, NULL, NULL, NULL, NULL, NULL, 22532.00, 'midyearbonus', '2018', 'January', NULL, '2018-11-18 23:52:18', NULL, '2018-11-18 23:52:18'),
	(258, 153, 'P2018-0214', NULL, NULL, NULL, 113, NULL, NULL, NULL, NULL, NULL, NULL, NULL, 22532.00, 'midyearbonus', '2018', 'January', NULL, '2018-11-18 23:52:18', NULL, '2018-11-18 23:52:18'),
	(259, 122, 'P2017-0169', NULL, NULL, NULL, 88, NULL, NULL, NULL, NULL, NULL, NULL, NULL, 27414.00, 'midyearbonus', '2018', 'January', NULL, '2018-11-18 23:52:18', NULL, '2018-11-18 23:52:18'),
	(260, 38, 'P2016-0053', NULL, NULL, NULL, 101, NULL, NULL, NULL, NULL, NULL, NULL, NULL, 40169.00, 'midyearbonus', '2018', 'January', NULL, '2018-11-18 23:52:18', NULL, '2018-11-18 23:52:18'),
	(261, 43, 'P2016-0058', NULL, NULL, NULL, 101, NULL, NULL, NULL, NULL, NULL, NULL, NULL, 40169.00, 'midyearbonus', '2018', 'January', NULL, '2018-11-18 23:52:18', NULL, '2018-11-18 23:52:18'),
	(262, 150, 'P2018-0211', NULL, NULL, NULL, 135, NULL, NULL, NULL, NULL, NULL, NULL, NULL, 30351.00, 'midyearbonus', '2018', 'January', NULL, '2018-11-18 23:52:18', NULL, '2018-11-18 23:52:18'),
	(263, 96, 'P2017-0133', NULL, NULL, NULL, 131, NULL, NULL, NULL, NULL, NULL, NULL, NULL, 22532.00, 'midyearbonus', '2018', 'January', NULL, '2018-11-18 23:52:18', NULL, '2018-11-18 23:52:18'),
	(264, 148, 'P2018-0209', NULL, NULL, NULL, 105, NULL, NULL, NULL, NULL, NULL, NULL, NULL, 17975.00, 'midyearbonus', '2018', 'January', NULL, '2018-11-18 23:52:18', NULL, '2018-11-18 23:52:18'),
	(265, 30, 'P2016-0045', NULL, NULL, NULL, 281, NULL, NULL, NULL, NULL, NULL, NULL, NULL, 69499.00, 'midyearbonus', '2018', 'January', NULL, '2018-11-18 23:52:18', NULL, '2018-11-18 23:52:18'),
	(266, 119, 'P2017-0165', NULL, NULL, NULL, 95, NULL, NULL, NULL, NULL, NULL, NULL, NULL, 55600.00, 'midyearbonus', '2018', 'January', NULL, '2018-11-18 23:52:18', NULL, '2018-11-18 23:52:18'),
	(267, 73, 'P2017-0100', NULL, NULL, NULL, 108, NULL, NULL, NULL, NULL, NULL, NULL, NULL, 55600.00, 'midyearbonus', '2018', 'January', NULL, '2018-11-18 23:52:19', NULL, '2018-11-18 23:52:19'),
	(268, 33, 'P2016-0048', NULL, NULL, NULL, 73, NULL, NULL, NULL, NULL, NULL, NULL, NULL, 14087.00, 'midyearbonus', '2018', 'January', NULL, '2018-11-18 23:52:19', NULL, '2018-11-18 23:52:19'),
	(269, 26, 'P2016-0041', NULL, NULL, NULL, 75, NULL, NULL, NULL, NULL, NULL, NULL, NULL, 69499.00, 'midyearbonus', '2018', 'January', NULL, '2018-11-18 23:52:19', NULL, '2018-11-18 23:52:19'),
	(270, 21, 'P2016-0034', NULL, NULL, NULL, 91, NULL, NULL, NULL, NULL, NULL, NULL, NULL, 69499.00, 'midyearbonus', '2018', 'January', NULL, '2018-11-18 23:52:19', NULL, '2018-11-18 23:52:19'),
	(271, 123, 'P2017-0170', NULL, NULL, NULL, 115, NULL, NULL, NULL, NULL, NULL, NULL, NULL, 30351.00, 'midyearbonus', '2018', 'January', NULL, '2018-11-18 23:52:19', NULL, '2018-11-18 23:52:19'),
	(272, 154, 'P2018-0215', NULL, NULL, NULL, 103, NULL, NULL, NULL, NULL, NULL, NULL, NULL, 27414.00, 'midyearbonus', '2018', 'January', NULL, '2018-11-18 23:52:19', NULL, '2018-11-18 23:52:19'),
	(273, 93, 'P2017-0128', NULL, NULL, NULL, 73, NULL, NULL, NULL, NULL, NULL, NULL, NULL, 14087.00, 'midyearbonus', '2018', 'January', NULL, '2018-11-18 23:52:19', NULL, '2018-11-18 23:52:19'),
	(274, 92, 'P2017-0127', NULL, NULL, NULL, 73, NULL, NULL, NULL, NULL, NULL, NULL, NULL, 14087.00, 'midyearbonus', '2018', 'January', NULL, '2018-11-18 23:52:19', NULL, '2018-11-18 23:52:19'),
	(275, 75, 'P2017-0102', NULL, NULL, NULL, 106, NULL, NULL, NULL, NULL, NULL, NULL, NULL, 40169.00, 'midyearbonus', '2018', 'January', NULL, '2018-11-18 23:52:19', NULL, '2018-11-18 23:52:19'),
	(276, 155, 'P2018-0216', NULL, NULL, NULL, 88, NULL, NULL, NULL, NULL, NULL, NULL, NULL, 27414.00, 'midyearbonus', '2018', 'January', NULL, '2018-11-18 23:52:19', NULL, '2018-11-18 23:52:19'),
	(277, 64, 'P2017-0088', NULL, NULL, NULL, 116, NULL, NULL, NULL, NULL, NULL, NULL, NULL, 45269.00, 'midyearbonus', '2018', 'January', NULL, '2018-11-18 23:52:19', NULL, '2018-11-18 23:52:19'),
	(278, 27, 'P2016-0042', NULL, NULL, NULL, 280, NULL, NULL, NULL, NULL, NULL, NULL, NULL, 86899.00, 'midyearbonus', '2018', 'January', NULL, '2018-11-18 23:52:19', NULL, '2018-11-18 23:52:19'),
	(279, 45, 'P2016-0060', NULL, NULL, NULL, 99, NULL, NULL, NULL, NULL, NULL, NULL, NULL, 112500.00, 'midyearbonus', '2018', 'January', NULL, '2018-11-18 23:52:19', NULL, '2018-11-18 23:52:19'),
	(280, 5, 'P2016-0009', NULL, NULL, NULL, 76, NULL, NULL, NULL, NULL, NULL, NULL, NULL, 14936.00, 'midyearbonus', '2018', 'January', NULL, '2018-11-18 23:52:19', NULL, '2018-11-18 23:52:19'),
	(281, 20, 'P2016-0033', NULL, NULL, NULL, 90, NULL, NULL, NULL, NULL, NULL, NULL, NULL, 45269.00, 'midyearbonus', '2018', 'January', NULL, '2018-11-18 23:52:19', NULL, '2018-11-18 23:52:19'),
	(282, 24, 'P2016-0038', NULL, NULL, NULL, 77, NULL, NULL, NULL, NULL, NULL, NULL, NULL, 169300.00, 'midyearbonus', '2018', 'January', NULL, '2018-11-18 23:52:19', NULL, '2018-11-18 23:52:19'),
	(283, 22, 'P2016-0035', NULL, NULL, NULL, 92, NULL, NULL, NULL, NULL, NULL, NULL, NULL, 69499.00, 'midyearbonus', '2018', 'January', NULL, '2018-11-18 23:52:19', NULL, '2018-11-18 23:52:19'),
	(284, 3, 'P2016-0003', NULL, NULL, NULL, 2, NULL, NULL, NULL, NULL, NULL, NULL, NULL, 354312.00, 'midyearbonus', '2018', 'January', NULL, '2018-11-18 23:52:19', NULL, '2018-11-18 23:52:19'),
	(285, 77, 'P2017-0104', NULL, NULL, NULL, 107, NULL, NULL, NULL, NULL, NULL, NULL, NULL, 45269.00, 'midyearbonus', '2018', 'January', NULL, '2018-11-18 23:52:19', NULL, '2018-11-18 23:52:19'),
	(286, 10, 'P2016-0018', NULL, NULL, NULL, 77, NULL, NULL, NULL, NULL, NULL, NULL, NULL, 169300.00, 'midyearbonus', '2018', 'January', NULL, '2018-11-18 23:52:19', NULL, '2018-11-18 23:52:19'),
	(287, 8, 'P2016-0016', NULL, NULL, NULL, 80, NULL, NULL, NULL, NULL, NULL, NULL, NULL, 122500.00, 'midyearbonus', '2018', 'January', NULL, '2018-11-18 23:52:20', NULL, '2018-11-18 23:52:20'),
	(288, 157, 'P2018-0218', NULL, NULL, NULL, 105, NULL, NULL, NULL, NULL, NULL, NULL, NULL, 0.00, 'midyearbonus', '2018', 'January', NULL, '2018-11-18 23:52:20', NULL, '2018-11-18 23:52:20'),
	(289, 105, 'P2017-0148', NULL, NULL, NULL, 88, NULL, NULL, NULL, NULL, NULL, NULL, NULL, 27414.00, 'midyearbonus', '2018', 'January', NULL, '2018-11-18 23:52:20', NULL, '2018-11-18 23:52:20'),
	(290, 124, 'P2017-0171', NULL, NULL, NULL, 115, NULL, NULL, NULL, NULL, NULL, NULL, NULL, 30351.00, 'midyearbonus', '2018', 'January', NULL, '2018-11-18 23:52:20', NULL, '2018-11-18 23:52:20'),
	(291, 95, 'P2017-0132', NULL, NULL, NULL, 81, NULL, NULL, NULL, NULL, NULL, NULL, NULL, 45269.00, 'midyearbonus', '2018', 'January', NULL, '2018-11-18 23:52:20', NULL, '2018-11-18 23:52:20'),
	(292, 35, 'P2016-0050', NULL, NULL, NULL, 73, NULL, NULL, NULL, NULL, NULL, NULL, NULL, 14087.00, 'midyearbonus', '2018', 'January', NULL, '2018-11-18 23:52:20', NULL, '2018-11-18 23:52:20'),
	(293, 72, 'P2017-0098', NULL, NULL, NULL, 109, NULL, NULL, NULL, NULL, NULL, NULL, NULL, 45269.00, 'midyearbonus', '2018', 'January', NULL, '2018-11-18 23:52:20', NULL, '2018-11-18 23:52:20'),
	(294, 91, 'P2017-0125', NULL, NULL, NULL, 89, NULL, NULL, NULL, NULL, NULL, NULL, NULL, 45269.00, 'midyearbonus', '2018', 'January', NULL, '2018-11-18 23:52:20', NULL, '2018-11-18 23:52:20'),
	(295, 6, 'P2016-0010', NULL, NULL, NULL, 117, NULL, NULL, NULL, NULL, NULL, NULL, NULL, 220200.00, 'midyearbonus', '2018', 'January', NULL, '2018-11-18 23:52:20', NULL, '2018-11-18 23:52:20'),
	(296, 111, 'P2017-0154', NULL, NULL, NULL, 80, NULL, NULL, NULL, NULL, NULL, NULL, NULL, 122500.00, 'midyearbonus', '2018', 'January', NULL, '2018-11-18 23:52:20', NULL, '2018-11-18 23:52:20'),
	(297, 46, 'P2016-0061', NULL, NULL, NULL, 93, NULL, NULL, NULL, NULL, NULL, NULL, NULL, 55600.00, 'midyearbonus', '2018', 'January', NULL, '2018-11-18 23:52:20', NULL, '2018-11-18 23:52:20'),
	(298, 81, 'P2017-0109', NULL, NULL, NULL, 96, NULL, NULL, NULL, NULL, NULL, NULL, NULL, 55600.00, 'midyearbonus', '2018', 'January', NULL, '2018-11-18 23:52:20', NULL, '2018-11-18 23:52:20'),
	(299, 156, 'P2018-0217', NULL, NULL, NULL, 86, NULL, NULL, NULL, NULL, NULL, NULL, NULL, 0.00, 'midyearbonus', '2018', 'January', NULL, '2018-11-18 23:52:20', NULL, '2018-11-18 23:52:20'),
	(300, 31, 'P2016-0046', NULL, NULL, NULL, 282, NULL, NULL, NULL, NULL, NULL, NULL, NULL, 86899.00, 'midyearbonus', '2018', 'January', NULL, '2018-11-18 23:52:20', NULL, '2018-11-18 23:52:20'),
	(301, 97, 'P2017-0134', NULL, NULL, NULL, 83, NULL, NULL, NULL, NULL, NULL, NULL, NULL, 59100.00, 'midyearbonus', '2018', 'January', NULL, '2018-11-18 23:52:20', NULL, '2018-11-18 23:52:20'),
	(302, 106, 'P2017-0149', NULL, NULL, NULL, 136, NULL, NULL, NULL, NULL, NULL, NULL, NULL, 45269.00, 'midyearbonus', '2018', 'January', NULL, '2018-11-18 23:52:20', NULL, '2018-11-18 23:52:20'),
	(489, 66, 'P2017-0092', NULL, NULL, NULL, 88, 31, 5, NULL, NULL, NULL, NULL, NULL, 200.00, 'honoraria', '2018', 'January', 2, '2018-11-18 23:56:12', NULL, '2018-11-18 23:56:12'),
	(490, 158, 'P2017-0175', NULL, NULL, NULL, 73, NULL, 1, NULL, NULL, NULL, NULL, NULL, 200.00, 'honoraria', '2018', 'January', 2, '2018-11-18 23:56:12', NULL, '2018-11-18 23:56:12'),
	(491, 13, 'P2016-0022', NULL, NULL, NULL, 83, 31, 4, NULL, NULL, NULL, NULL, NULL, 200.00, 'honoraria', '2018', 'January', 2, '2018-11-18 23:56:12', NULL, '2018-11-18 23:56:12');
/*!40000 ALTER TABLE `pms_specialpayroll_transactions` ENABLE KEYS */;

-- Dumping structure for table pccdev.pms_special_annual_tax
DROP TABLE IF EXISTS `pms_special_annual_tax`;
CREATE TABLE IF NOT EXISTS `pms_special_annual_tax` (
  `id` int(11) NOT NULL AUTO_INCREMENT,
  `employee_number` varchar(225) DEFAULT NULL,
  `employee_id` int(11) DEFAULT NULL,
  `clothing_allowance_amount` decimal(13,2) DEFAULT NULL,
  `cash_gift_amount` decimal(13,2) DEFAULT NULL,
  `loyalty_amount` decimal(13,2) DEFAULT NULL,
  `performance_base_amount` decimal(13,2) DEFAULT NULL,
  `collective_negotiation_amount` decimal(13,2) DEFAULT NULL,
  `pei_amount` decimal(13,2) DEFAULT NULL,
  `mid_year_amount` decimal(13,2) DEFAULT NULL,
  `year_end_amount` decimal(13,2) DEFAULT NULL,
  `honoraria_amount` decimal(13,2) DEFAULT NULL,
  `for_year` varchar(50) DEFAULT NULL,
  `created_by` int(11) DEFAULT NULL,
  `updated_by` int(11) DEFAULT NULL,
  `created_at` timestamp NULL DEFAULT NULL,
  `updated_at` timestamp NULL DEFAULT NULL,
  PRIMARY KEY (`id`)
) ENGINE=InnoDB AUTO_INCREMENT=3 DEFAULT CHARSET=latin1;

-- Dumping data for table pccdev.pms_special_annual_tax: ~0 rows (approximately)
/*!40000 ALTER TABLE `pms_special_annual_tax` DISABLE KEYS */;
INSERT INTO `pms_special_annual_tax` (`id`, `employee_number`, `employee_id`, `clothing_allowance_amount`, `cash_gift_amount`, `loyalty_amount`, `performance_base_amount`, `collective_negotiation_amount`, `pei_amount`, `mid_year_amount`, `year_end_amount`, `honoraria_amount`, `for_year`, `created_by`, `updated_by`, `created_at`, `updated_at`) VALUES
	(1, 'P2017-0092', 92, 0.00, 0.00, 0.00, 0.00, 0.00, 0.00, 0.00, 0.00, 0.00, '2018', NULL, NULL, '2018-11-13 12:57:44', '2018-11-13 12:57:44'),
	(2, 'P2017-0118', 87, 0.00, 0.00, 0.00, 0.00, 0.00, 0.00, 0.00, 0.00, 0.00, '2018', NULL, NULL, '2018-11-15 08:32:19', '2018-11-15 08:32:19');
/*!40000 ALTER TABLE `pms_special_annual_tax` ENABLE KEYS */;

-- Dumping structure for table pccdev.pms_step_increments
DROP TABLE IF EXISTS `pms_step_increments`;
CREATE TABLE IF NOT EXISTS `pms_step_increments` (
  `id` int(11) NOT NULL AUTO_INCREMENT,
  `employee_id` int(11) DEFAULT NULL,
  `employee_number` varchar(225) DEFAULT NULL,
  `old_basic_pay_amount` decimal(13,2) DEFAULT NULL,
  `new_basic_pay_amount` decimal(13,2) DEFAULT NULL,
  `salary_adjustment_amount` decimal(13,2) DEFAULT NULL,
  `gross_pay_amount` decimal(13,2) DEFAULT NULL,
  `gsis_cont_amount` decimal(13,2) DEFAULT NULL,
  `philhealth_cont_amount` decimal(13,2) DEFAULT NULL,
  `provident_fund_amount` decimal(13,2) DEFAULT NULL,
  `wtax_amount` decimal(13,2) DEFAULT NULL,
  `first_deduction_amount` decimal(13,2) DEFAULT NULL,
  `second_deduction_amount` decimal(13,2) DEFAULT NULL,
  `third_deduction_amount` decimal(13,2) DEFAULT NULL,
  `fourth_deduction_amount` decimal(13,2) DEFAULT NULL,
  `date_from` date DEFAULT NULL,
  `date_to` date DEFAULT NULL,
  `transaction_date` date DEFAULT NULL,
  `created_by` int(11) DEFAULT NULL,
  `updated_by` int(11) DEFAULT NULL,
  `created_at` timestamp NULL DEFAULT NULL,
  `updated_at` timestamp NULL DEFAULT NULL,
  PRIMARY KEY (`id`)
) ENGINE=InnoDB DEFAULT CHARSET=latin1;

-- Dumping data for table pccdev.pms_step_increments: ~0 rows (approximately)
/*!40000 ALTER TABLE `pms_step_increments` DISABLE KEYS */;
/*!40000 ALTER TABLE `pms_step_increments` ENABLE KEYS */;

-- Dumping structure for table pccdev.pms_taxannualtable
DROP TABLE IF EXISTS `pms_taxannualtable`;
CREATE TABLE IF NOT EXISTS `pms_taxannualtable` (
  `id` bigint(50) NOT NULL AUTO_INCREMENT,
  `code` varchar(10) DEFAULT NULL,
  `name` varchar(300) DEFAULT NULL,
  `below` decimal(6,2) DEFAULT NULL,
  `above` decimal(6,2) DEFAULT NULL,
  `rate` varchar(255) DEFAULT NULL,
  `effectivity_date` date DEFAULT NULL,
  `remarks` varchar(300) DEFAULT NULL,
  `created_at` timestamp NULL DEFAULT NULL,
  `updated_at` timestamp NULL DEFAULT NULL,
  `updated_by` int(11) DEFAULT NULL,
  PRIMARY KEY (`id`)
) ENGINE=InnoDB DEFAULT CHARSET=latin1;

-- Dumping data for table pccdev.pms_taxannualtable: ~0 rows (approximately)
/*!40000 ALTER TABLE `pms_taxannualtable` DISABLE KEYS */;
/*!40000 ALTER TABLE `pms_taxannualtable` ENABLE KEYS */;

-- Dumping structure for table pccdev.pms_taxespolicy
DROP TABLE IF EXISTS `pms_taxespolicy`;
CREATE TABLE IF NOT EXISTS `pms_taxespolicy` (
  `id` int(11) NOT NULL AUTO_INCREMENT,
  `policy_name` varchar(225) DEFAULT NULL,
  `pay_period` varchar(225) DEFAULT NULL,
  `deduction_period` varchar(225) DEFAULT NULL,
  `policy_type` varchar(225) DEFAULT NULL,
  `based_on` varchar(225) DEFAULT NULL,
  `computation` varchar(225) DEFAULT NULL,
  `is_withholding` varchar(225) DEFAULT NULL,
  `job_grade_rate` decimal(9,2) DEFAULT NULL,
  `remarks` varchar(225) DEFAULT NULL,
  `created_at` timestamp NULL DEFAULT NULL,
  `updated_at` timestamp NULL DEFAULT NULL,
  `updated_by` int(11) DEFAULT NULL,
  PRIMARY KEY (`id`)
) ENGINE=InnoDB AUTO_INCREMENT=10 DEFAULT CHARSET=latin1;

-- Dumping data for table pccdev.pms_taxespolicy: ~5 rows (approximately)
/*!40000 ALTER TABLE `pms_taxespolicy` DISABLE KEYS */;
INSERT INTO `pms_taxespolicy` (`id`, `policy_name`, `pay_period`, `deduction_period`, `policy_type`, `based_on`, `computation`, `is_withholding`, `job_grade_rate`, `remarks`, `created_at`, `updated_at`, `updated_by`) VALUES
	(2, 'STANDARD POLICY', 'Monthly', 'Both', 'System Generated', 'Gross Salary', 'Gross Taxable', 'Monthly', NULL, NULL, '2018-06-19 17:24:26', '2018-06-21 04:31:17', NULL),
	(6, 'EWT 2 %', 'Monthly', 'Both', 'System Generated', 'Gross Salary', 'Gross Taxable', NULL, 0.02, NULL, '2018-08-07 06:01:11', '2018-08-07 06:01:11', NULL),
	(7, 'EWT 5 %', 'Monthly', 'Both', 'System Generated', 'Gross Salary', 'Gross Taxable', NULL, 0.05, NULL, '2018-08-07 06:01:49', '2018-08-07 06:01:49', NULL),
	(8, 'PWT 5 %', 'Monthly', 'Both', 'System Generated', 'Gross Salary', 'Gross Taxable', NULL, 0.05, NULL, '2018-08-07 06:02:10', '2018-08-07 06:02:10', NULL),
	(9, 'PWT 3 %', 'Monthly', 'Both', 'System Generated', 'Gross Salary', 'Gross Taxable', NULL, 0.03, NULL, '2018-08-13 14:53:58', '2018-08-13 14:53:58', NULL);
/*!40000 ALTER TABLE `pms_taxespolicy` ENABLE KEYS */;

-- Dumping structure for table pccdev.pms_taxtable
DROP TABLE IF EXISTS `pms_taxtable`;
CREATE TABLE IF NOT EXISTS `pms_taxtable` (
  `id` bigint(50) NOT NULL AUTO_INCREMENT,
  `payperiod` varchar(225) DEFAULT NULL,
  `salary_bracket_level1` decimal(9,2) DEFAULT NULL,
  `salary_bracket_level2` decimal(9,2) DEFAULT NULL,
  `salary_bracket_level3` decimal(9,2) DEFAULT NULL,
  `salary_bracket_level4` decimal(9,2) DEFAULT NULL,
  `salary_bracket_level5` decimal(9,2) DEFAULT NULL,
  `salary_bracket_level6` decimal(9,2) DEFAULT NULL,
  `status` varchar(225) DEFAULT NULL,
  `effectivity_date` date DEFAULT NULL,
  `remarks` varchar(300) DEFAULT NULL,
  `created_at` timestamp NULL DEFAULT NULL,
  `updated_at` timestamp NULL DEFAULT NULL,
  `updated_by` int(11) DEFAULT NULL,
  PRIMARY KEY (`id`)
) ENGINE=InnoDB AUTO_INCREMENT=5 DEFAULT CHARSET=latin1;

-- Dumping data for table pccdev.pms_taxtable: ~4 rows (approximately)
/*!40000 ALTER TABLE `pms_taxtable` DISABLE KEYS */;
INSERT INTO `pms_taxtable` (`id`, `payperiod`, `salary_bracket_level1`, `salary_bracket_level2`, `salary_bracket_level3`, `salary_bracket_level4`, `salary_bracket_level5`, `salary_bracket_level6`, `status`, `effectivity_date`, `remarks`, `created_at`, `updated_at`, `updated_by`) VALUES
	(1, 'Daily', 0.00, 0.00, 82.19, 356.16, 1342.47, 6602.74, NULL, '2018-06-12', NULL, '2018-06-11 09:52:22', '2018-06-11 09:52:22', NULL),
	(2, 'Monthly', 0.00, 0.00, 2500.00, 10833.33, 40833.33, 200833.33, NULL, '2018-06-12', NULL, '2018-06-11 09:52:22', '2018-06-11 09:52:22', NULL),
	(3, 'Semi Monthly', 0.00, 0.00, 1250.00, 5416.67, 20416.67, 100416.67, NULL, '2018-06-12', NULL, '2018-06-11 09:52:22', '2018-06-11 09:52:22', NULL),
	(4, 'Weekly', 0.00, 0.00, 576.92, 2500.00, 9423.08, 46346.15, NULL, '2018-06-12', NULL, '2018-06-11 09:52:22', '2018-06-11 09:52:22', NULL);
/*!40000 ALTER TABLE `pms_taxtable` ENABLE KEYS */;

-- Dumping structure for table pccdev.pms_transactions
DROP TABLE IF EXISTS `pms_transactions`;
CREATE TABLE IF NOT EXISTS `pms_transactions` (
  `id` int(11) NOT NULL AUTO_INCREMENT,
  `employee_number` varchar(225) DEFAULT NULL,
  `employee_id` int(11) DEFAULT NULL,
  `salaryinfo_id` int(11) DEFAULT NULL,
  `division_id` int(11) DEFAULT NULL,
  `company_id` int(11) DEFAULT NULL,
  `position_item_id` int(11) DEFAULT NULL,
  `position_id` int(11) DEFAULT NULL,
  `office_id` int(11) DEFAULT NULL,
  `department_id` int(11) DEFAULT NULL,
  `empstatus_id` int(11) DEFAULT NULL,
  `employeeinfo_id` int(11) DEFAULT NULL,
  `actual_workdays` int(11) DEFAULT NULL,
  `adjust_workdays` int(11) DEFAULT NULL,
  `actual_absences` int(11) DEFAULT NULL,
  `adjust_absences` int(11) DEFAULT NULL,
  `actual_tardiness` int(11) DEFAULT NULL,
  `adjust_tardiness` int(11) DEFAULT NULL,
  `actual_undertime` int(11) DEFAULT NULL,
  `adjust_undertime` int(11) DEFAULT NULL,
  `actual_basicpay_amount` decimal(9,2) DEFAULT NULL,
  `adjust_basicpay_amount` decimal(9,2) DEFAULT NULL,
  `total_basicpay_amount` decimal(9,2) DEFAULT NULL,
  `actual_absences_amount` decimal(9,2) DEFAULT NULL,
  `adjust_absences_amount` decimal(9,2) DEFAULT NULL,
  `total_absences_amount` decimal(9,2) DEFAULT NULL,
  `actual_tardines_amount` decimal(9,2) DEFAULT NULL,
  `adjust_tardines_amount` decimal(9,2) DEFAULT NULL,
  `total_tardines_amount` decimal(9,2) DEFAULT NULL,
  `actual_undertime_amount` decimal(9,2) DEFAULT NULL,
  `adjust_undertime_amount` decimal(9,2) DEFAULT NULL,
  `total_undertime_amount` decimal(9,2) DEFAULT NULL,
  `basic_net_pay` decimal(9,2) DEFAULT NULL,
  `actual_contribution` decimal(9,2) DEFAULT NULL,
  `adjust_contribution` decimal(9,2) DEFAULT NULL,
  `total_contribution` decimal(9,2) DEFAULT NULL,
  `actual_loan` decimal(9,2) DEFAULT NULL,
  `adjust_loan` decimal(9,2) DEFAULT NULL,
  `total_loan` decimal(9,2) DEFAULT NULL,
  `actual_otherdeduct` decimal(9,2) DEFAULT NULL,
  `adjust_otherdeduct` decimal(9,2) DEFAULT NULL,
  `total_otherdeduct` decimal(9,2) DEFAULT NULL,
  `net_deduction` decimal(9,2) DEFAULT NULL,
  `ecc_amount` decimal(9,2) DEFAULT NULL,
  `tax_amount` decimal(9,2) DEFAULT NULL,
  `gross_pay` decimal(9,2) DEFAULT NULL,
  `gross_taxable_pay` decimal(9,2) DEFAULT NULL,
  `net_pay` decimal(9,2) DEFAULT NULL,
  `pay_period` varchar(225) DEFAULT NULL,
  `hold` int(11) DEFAULT NULL,
  `year` varchar(225) DEFAULT NULL,
  `month` varchar(225) DEFAULT NULL,
  `created_at` timestamp NULL DEFAULT NULL,
  `updated_at` timestamp NULL DEFAULT NULL,
  `updated_by` int(11) DEFAULT NULL,
  PRIMARY KEY (`id`)
) ENGINE=InnoDB AUTO_INCREMENT=258 DEFAULT CHARSET=latin1;

-- Dumping data for table pccdev.pms_transactions: ~91 rows (approximately)
/*!40000 ALTER TABLE `pms_transactions` DISABLE KEYS */;
INSERT INTO `pms_transactions` (`id`, `employee_number`, `employee_id`, `salaryinfo_id`, `division_id`, `company_id`, `position_item_id`, `position_id`, `office_id`, `department_id`, `empstatus_id`, `employeeinfo_id`, `actual_workdays`, `adjust_workdays`, `actual_absences`, `adjust_absences`, `actual_tardiness`, `adjust_tardiness`, `actual_undertime`, `adjust_undertime`, `actual_basicpay_amount`, `adjust_basicpay_amount`, `total_basicpay_amount`, `actual_absences_amount`, `adjust_absences_amount`, `total_absences_amount`, `actual_tardines_amount`, `adjust_tardines_amount`, `total_tardines_amount`, `actual_undertime_amount`, `adjust_undertime_amount`, `total_undertime_amount`, `basic_net_pay`, `actual_contribution`, `adjust_contribution`, `total_contribution`, `actual_loan`, `adjust_loan`, `total_loan`, `actual_otherdeduct`, `adjust_otherdeduct`, `total_otherdeduct`, `net_deduction`, `ecc_amount`, `tax_amount`, `gross_pay`, `gross_taxable_pay`, `net_pay`, `pay_period`, `hold`, `year`, `month`, `created_at`, `updated_at`, `updated_by`) VALUES
	(167, 'P2017-0092', 66, 66, 31, NULL, 86, 88, 5, NULL, 1, 1, 22, NULL, NULL, NULL, NULL, NULL, NULL, NULL, 27414.00, NULL, NULL, NULL, NULL, NULL, NULL, NULL, NULL, NULL, NULL, NULL, 27414.00, NULL, NULL, 2944.20, NULL, NULL, 0.00, NULL, NULL, 0.00, 2944.20, 100.00, 1316.20, 27414.00, 24469.80, 23153.60, NULL, NULL, '2018', 'January', '2018-11-20 02:20:40', '2018-11-20 02:20:40', NULL),
	(168, 'P2017-0175', 158, 158, NULL, NULL, 180, 73, 1, NULL, 12, 2, 22, NULL, NULL, NULL, NULL, NULL, NULL, NULL, 14087.00, NULL, NULL, NULL, NULL, NULL, NULL, NULL, NULL, NULL, NULL, NULL, 14087.00, NULL, NULL, 1561.53, NULL, NULL, 0.00, NULL, NULL, 0.00, 1561.53, 100.00, 0.00, 14087.00, 12525.47, 12525.47, NULL, NULL, '2018', 'January', '2018-11-20 02:20:40', '2018-11-20 02:20:40', NULL),
	(169, 'P2016-0022', 13, 13, 31, NULL, 20, 83, 4, NULL, 1, 3, 22, NULL, NULL, NULL, NULL, NULL, NULL, NULL, 59100.00, NULL, NULL, NULL, NULL, NULL, NULL, NULL, NULL, NULL, NULL, NULL, 59100.00, NULL, NULL, 5969.00, NULL, NULL, 0.00, NULL, NULL, 0.00, 5969.00, 100.00, 8941.75, 59100.00, 53131.00, 44189.25, NULL, NULL, '2018', 'January', '2018-11-20 02:20:40', '2018-11-20 02:20:40', NULL),
	(170, 'P2017-0118', 87, 87, 30, NULL, 108, 96, 10, NULL, 1, 4, 22, NULL, NULL, NULL, NULL, NULL, NULL, NULL, 55600.00, NULL, NULL, NULL, NULL, NULL, NULL, NULL, NULL, NULL, NULL, NULL, 55600.00, NULL, NULL, 5654.00, NULL, NULL, 0.00, NULL, NULL, 0.00, 5654.00, 100.00, 8066.75, 55600.00, 49946.00, 41879.25, NULL, NULL, '2018', 'January', '2018-11-20 02:20:40', '2018-11-20 02:20:40', NULL),
	(171, 'P2017-0106', 79, 79, 34, NULL, 163, 83, 21, NULL, 1, 5, 22, NULL, NULL, NULL, NULL, NULL, NULL, NULL, 59100.00, NULL, NULL, NULL, NULL, NULL, NULL, NULL, NULL, NULL, NULL, NULL, 59100.00, NULL, NULL, 5969.00, NULL, NULL, 0.00, NULL, NULL, 0.00, 5969.00, 100.00, 8941.75, 59100.00, 53131.00, 44189.25, NULL, NULL, '2018', 'January', '2018-11-20 02:20:40', '2018-11-20 02:20:40', NULL),
	(172, 'P2016-0066', 50, 50, 36, NULL, 63, 284, 21, NULL, 1, 6, 22, NULL, NULL, NULL, NULL, NULL, NULL, NULL, 30351.00, NULL, NULL, NULL, NULL, NULL, NULL, NULL, NULL, NULL, NULL, NULL, 30351.00, NULL, NULL, 3248.92, NULL, NULL, 0.00, NULL, NULL, 0.00, 3248.92, 100.00, 1903.60, 30351.00, 27102.08, 25198.48, NULL, NULL, '2018', 'January', '2018-11-20 02:20:40', '2018-11-20 02:20:40', NULL),
	(173, 'P2018-0178', 127, 127, 0, NULL, 173, 74, 1, NULL, 12, 7, 22, NULL, NULL, NULL, NULL, NULL, NULL, NULL, 69499.00, NULL, NULL, NULL, NULL, NULL, NULL, NULL, NULL, NULL, NULL, NULL, 69499.00, NULL, NULL, 6904.91, NULL, NULL, 0.00, NULL, NULL, 0.00, 6904.91, 100.00, 11682.93, 69499.00, 62594.09, 50911.16, NULL, NULL, '2018', 'January', '2018-11-20 02:20:41', '2018-11-20 02:20:41', NULL),
	(174, 'P2016-0071', 53, 53, 21, NULL, 170, 285, 12, NULL, 1, 8, 22, NULL, NULL, NULL, NULL, NULL, NULL, NULL, 69499.00, NULL, NULL, NULL, NULL, NULL, NULL, NULL, NULL, NULL, NULL, NULL, 69499.00, NULL, NULL, 6904.91, NULL, NULL, 0.00, NULL, NULL, 0.00, 6904.91, 100.00, 11682.93, 69499.00, 62594.09, 50911.16, NULL, NULL, '2018', 'January', '2018-11-20 02:20:41', '2018-11-20 02:20:41', NULL),
	(175, 'P2016-0062', 47, 47, 31, NULL, 46, 99, 5, NULL, 1, 9, 22, NULL, NULL, NULL, NULL, NULL, NULL, NULL, 112500.00, NULL, NULL, NULL, NULL, NULL, NULL, NULL, NULL, NULL, NULL, NULL, 112500.00, NULL, NULL, 10775.00, NULL, NULL, 0.00, NULL, NULL, 0.00, 10775.00, 100.00, 24583.23, 112500.00, 101725.00, 77141.77, NULL, NULL, '2018', 'January', '2018-11-20 02:20:41', '2018-11-20 02:20:41', NULL),
	(176, 'P2017-0143', 103, 103, 0, NULL, 121, 81, 9, NULL, 1, 10, 22, NULL, NULL, NULL, NULL, NULL, NULL, NULL, 45269.00, NULL, NULL, NULL, NULL, NULL, NULL, NULL, NULL, NULL, NULL, NULL, 45269.00, NULL, NULL, 4724.21, NULL, NULL, 0.00, NULL, NULL, 0.00, 4724.21, 100.00, 4302.86, 45269.00, 40544.79, 36241.93, NULL, NULL, '2018', 'January', '2018-11-20 02:20:41', '2018-11-20 02:20:41', NULL),
	(177, 'P2017-0101', 74, 74, 11, NULL, 94, 122, 12, NULL, 1, 11, 22, NULL, NULL, NULL, NULL, NULL, NULL, NULL, 69499.00, NULL, NULL, NULL, NULL, NULL, NULL, NULL, NULL, NULL, NULL, NULL, 69499.00, NULL, NULL, 6904.91, NULL, NULL, 0.00, NULL, NULL, 0.00, 6904.91, 100.00, 9815.19, 69499.00, 62594.09, 52778.90, NULL, NULL, '2018', 'January', '2018-11-20 02:20:41', '2018-11-20 02:20:41', NULL),
	(178, 'P2017-0090', 65, 65, 0, NULL, 84, 2, 1, NULL, 11, 12, 22, NULL, NULL, NULL, NULL, NULL, NULL, NULL, 354312.00, NULL, NULL, NULL, NULL, NULL, NULL, NULL, NULL, NULL, NULL, NULL, 354312.00, NULL, NULL, 32538.08, NULL, NULL, 0.00, NULL, NULL, 0.00, 32538.08, 100.00, 90467.65, 354312.00, 321773.92, 231306.27, NULL, NULL, '2018', 'January', '2018-11-20 02:20:41', '2018-11-20 02:20:41', NULL),
	(179, 'P2017-0105', 78, 78, 0, NULL, 6, 74, 1, NULL, 12, 13, 22, NULL, NULL, NULL, NULL, NULL, NULL, NULL, 69499.00, NULL, NULL, NULL, NULL, NULL, NULL, NULL, NULL, NULL, NULL, NULL, 69499.00, NULL, NULL, 6904.91, NULL, NULL, 0.00, NULL, NULL, 0.00, 6904.91, 100.00, 9815.19, 69499.00, 62594.09, 52778.90, NULL, NULL, '2018', 'January', '2018-11-20 02:20:41', '2018-11-20 02:20:41', NULL),
	(180, 'P2016-0082', 60, 60, 8, NULL, 78, 115, 21, NULL, 1, 14, 22, NULL, NULL, NULL, NULL, NULL, NULL, NULL, 30351.00, NULL, NULL, NULL, NULL, NULL, NULL, NULL, NULL, NULL, NULL, NULL, 30351.00, NULL, NULL, 3248.92, NULL, NULL, 0.00, NULL, NULL, 0.00, 3248.92, 100.00, 1253.75, 30351.00, 27102.08, 25848.33, NULL, NULL, '2018', 'January', '2018-11-20 02:20:41', '2018-11-20 02:20:41', NULL),
	(181, 'P2016-0013', 7, 7, 4, NULL, 12, 77, 12, NULL, 1, 15, 22, NULL, NULL, NULL, NULL, NULL, NULL, NULL, 169300.00, NULL, NULL, NULL, NULL, NULL, NULL, NULL, NULL, NULL, NULL, NULL, 169300.00, NULL, NULL, 15887.00, NULL, NULL, 0.00, NULL, NULL, 0.00, 15887.00, 100.00, 36857.23, 169300.00, 153413.00, 116555.77, NULL, NULL, '2018', 'January', '2018-11-20 02:20:41', '2018-11-20 02:20:41', NULL),
	(182, 'P2016-0002', 2, 2, 0, NULL, 2, 2, 1, NULL, 11, 16, 22, NULL, NULL, NULL, NULL, NULL, NULL, NULL, 354312.00, NULL, NULL, NULL, NULL, NULL, NULL, NULL, NULL, NULL, NULL, NULL, 354312.00, NULL, NULL, 32538.08, NULL, NULL, 0.00, NULL, NULL, 0.00, 32538.08, 100.00, 90467.65, 354312.00, 321773.92, 231306.27, NULL, NULL, '2018', 'January', '2018-11-20 02:20:41', '2018-11-20 02:20:41', NULL),
	(183, 'P2018-0212', 151, 151, 0, NULL, 92, 79, 1, NULL, 12, 17, 22, NULL, NULL, NULL, NULL, NULL, NULL, NULL, 30351.00, NULL, NULL, NULL, NULL, NULL, NULL, NULL, NULL, NULL, NULL, NULL, 30351.00, NULL, NULL, 3248.92, NULL, NULL, 0.00, NULL, NULL, 0.00, 3248.92, 100.00, 1253.75, 30351.00, 27102.08, 25848.33, NULL, NULL, '2018', 'January', '2018-11-20 02:20:41', '2018-11-20 02:20:41', NULL),
	(184, 'P2017-0097', 71, 71, 11, NULL, 90, 120, 12, NULL, 1, 18, 22, NULL, NULL, NULL, NULL, NULL, NULL, NULL, 86899.00, NULL, NULL, NULL, NULL, NULL, NULL, NULL, NULL, NULL, NULL, NULL, 86899.00, NULL, NULL, 8470.91, NULL, NULL, 0.00, NULL, NULL, 0.00, 8470.91, 100.00, 14361.76, 86899.00, 78428.09, 64066.33, NULL, NULL, '2018', 'January', '2018-11-20 02:20:41', '2018-11-20 02:20:41', NULL),
	(185, 'P2018-0194', 136, 136, 10, NULL, 150, 88, 4, NULL, 1, 19, 22, NULL, NULL, NULL, NULL, NULL, NULL, NULL, 27414.00, NULL, NULL, NULL, NULL, NULL, NULL, NULL, NULL, NULL, NULL, NULL, 27414.00, NULL, NULL, 2944.20, NULL, NULL, 0.00, NULL, NULL, 0.00, 2944.20, 100.00, 727.29, 27414.00, 24469.80, 23742.51, NULL, NULL, '2018', 'January', '2018-11-20 02:20:41', '2018-11-20 02:20:41', NULL),
	(186, 'P2018-0181', 130, 130, 31, NULL, 191, 86, 5, NULL, 1, 20, 22, NULL, NULL, NULL, NULL, NULL, NULL, NULL, 45269.00, NULL, NULL, NULL, NULL, NULL, NULL, NULL, NULL, NULL, NULL, NULL, 45269.00, NULL, NULL, 4724.21, NULL, NULL, 0.00, NULL, NULL, 0.00, 4724.21, 100.00, 4302.86, 45269.00, 40544.79, 36241.93, NULL, NULL, '2018', 'January', '2018-11-20 02:20:41', '2018-11-20 02:20:41', NULL),
	(187, 'P2016-0068', 51, 51, 35, NULL, 65, 98, 10, NULL, 1, 21, 22, NULL, NULL, NULL, NULL, NULL, NULL, NULL, 55600.00, NULL, NULL, NULL, NULL, NULL, NULL, NULL, NULL, NULL, NULL, NULL, 55600.00, NULL, NULL, 5654.00, NULL, NULL, 0.00, NULL, NULL, 0.00, 5654.00, 100.00, 6653.17, 55600.00, 49946.00, 43292.83, NULL, NULL, '2018', 'January', '2018-11-20 02:20:41', '2018-11-20 02:20:41', NULL),
	(188, 'P2018-0207', 146, 146, 0, NULL, 4, 2, 1, NULL, 11, 22, 22, NULL, NULL, NULL, NULL, NULL, NULL, NULL, 354312.00, NULL, NULL, NULL, NULL, NULL, NULL, NULL, NULL, NULL, NULL, NULL, 354312.00, NULL, NULL, 32538.08, NULL, NULL, 0.00, NULL, NULL, 0.00, 32538.08, 100.00, 90467.65, 354312.00, 321773.92, 231306.27, NULL, NULL, '2018', 'January', '2018-11-20 02:20:41', '2018-11-20 02:20:41', NULL),
	(189, 'P2017-0166', 120, 120, 34, NULL, 101, 83, 21, NULL, 1, 23, 22, NULL, NULL, NULL, NULL, NULL, NULL, NULL, 59100.00, NULL, NULL, NULL, NULL, NULL, NULL, NULL, NULL, NULL, NULL, NULL, 59100.00, NULL, NULL, 5969.00, NULL, NULL, 0.00, NULL, NULL, 0.00, 5969.00, 100.00, 7449.42, 59100.00, 53131.00, 45681.58, NULL, NULL, '2018', 'January', '2018-11-20 02:20:41', '2018-11-20 02:20:41', NULL),
	(190, 'P2017-0085', 62, 62, 37, NULL, 81, 93, 5, NULL, 1, 24, 22, NULL, NULL, NULL, NULL, NULL, NULL, NULL, 55600.00, NULL, NULL, NULL, NULL, NULL, NULL, NULL, NULL, NULL, NULL, NULL, 55600.00, NULL, NULL, 5654.00, NULL, NULL, 0.00, NULL, NULL, 0.00, 5654.00, 100.00, 6653.17, 55600.00, 49946.00, 43292.83, NULL, NULL, '2018', 'January', '2018-11-20 02:20:42', '2018-11-20 02:20:42', NULL),
	(191, 'P2016-0006', 4, 4, 0, NULL, 5, 73, 1, NULL, 12, 25, 22, NULL, NULL, NULL, NULL, NULL, NULL, NULL, 14087.00, NULL, NULL, NULL, NULL, NULL, NULL, NULL, NULL, NULL, NULL, NULL, 14087.00, NULL, NULL, 1561.53, NULL, NULL, 0.00, NULL, NULL, 0.00, 1561.53, 100.00, 0.00, 14087.00, 12525.47, 12525.47, NULL, NULL, '2018', 'January', '2018-11-20 02:20:42', '2018-11-20 02:20:42', NULL),
	(192, 'P2016-0057', 42, 42, 30, NULL, 54, 96, 10, NULL, 1, 26, 22, NULL, NULL, NULL, NULL, NULL, NULL, NULL, 55600.00, NULL, NULL, NULL, NULL, NULL, NULL, NULL, NULL, NULL, NULL, NULL, 55600.00, NULL, NULL, 5654.00, NULL, NULL, 0.00, NULL, NULL, 0.00, 5654.00, 100.00, 6653.17, 55600.00, 49946.00, 43292.83, NULL, NULL, '2018', 'January', '2018-11-20 02:20:42', '2018-11-20 02:20:42', NULL),
	(193, 'P2018-0210', 149, 149, 0, NULL, 179, 73, 1, NULL, 12, 27, 22, NULL, NULL, NULL, NULL, NULL, NULL, NULL, 14087.00, NULL, NULL, NULL, NULL, NULL, NULL, NULL, NULL, NULL, NULL, NULL, 14087.00, NULL, NULL, 1561.53, NULL, NULL, 0.00, NULL, NULL, 0.00, 1561.53, 100.00, 0.00, 14087.00, 12525.47, 12525.47, NULL, NULL, '2018', 'January', '2018-11-20 02:20:42', '2018-11-20 02:20:42', NULL),
	(194, 'P2016-0051', 36, 36, 10, NULL, 48, 283, 4, NULL, 1, 28, 22, NULL, NULL, NULL, NULL, NULL, NULL, NULL, 86899.00, NULL, NULL, NULL, NULL, NULL, NULL, NULL, NULL, NULL, NULL, NULL, 86899.00, NULL, NULL, 8470.91, NULL, NULL, 0.00, NULL, NULL, 0.00, 8470.91, 100.00, 14361.76, 86899.00, 78428.09, 64066.33, NULL, NULL, '2018', 'January', '2018-11-20 02:20:42', '2018-11-20 02:20:42', NULL),
	(195, 'P2016-0055', 40, 40, 4, NULL, 52, 73, 4, NULL, 1, 29, 22, NULL, NULL, NULL, NULL, NULL, NULL, NULL, 14087.00, NULL, NULL, NULL, NULL, NULL, NULL, NULL, NULL, NULL, NULL, NULL, 14087.00, NULL, NULL, 1561.53, NULL, NULL, 0.00, NULL, NULL, 0.00, 1561.53, 100.00, 0.00, 14087.00, 12525.47, 12525.47, NULL, NULL, '2018', 'January', '2018-11-20 02:20:42', '2018-11-20 02:20:42', NULL),
	(196, 'P2016-0023', 14, 14, 4, NULL, 21, 73, 5, NULL, 1, 30, 22, NULL, NULL, NULL, NULL, NULL, NULL, NULL, 14087.00, NULL, NULL, NULL, NULL, NULL, NULL, NULL, NULL, NULL, NULL, NULL, 14087.00, NULL, NULL, 1561.53, NULL, NULL, 0.00, NULL, NULL, 0.00, 1561.53, 100.00, 0.00, 14087.00, 12525.47, 12525.47, NULL, NULL, '2018', 'January', '2018-11-20 02:20:42', '2018-11-20 02:20:42', NULL),
	(197, 'P2016-0074', 56, 56, 31, NULL, 71, 99, 4, NULL, 1, 32, 22, NULL, NULL, NULL, NULL, NULL, NULL, NULL, 112500.00, NULL, NULL, NULL, NULL, NULL, NULL, NULL, NULL, NULL, NULL, NULL, 112500.00, NULL, NULL, 10775.00, NULL, NULL, 0.00, NULL, NULL, 0.00, 10775.00, 100.00, 21350.83, 112500.00, 101725.00, 80374.17, NULL, NULL, '2018', 'January', '2018-11-20 02:20:42', '2018-11-20 02:20:42', NULL),
	(198, 'P2017-0115', 85, 85, 34, NULL, 106, 86, 21, NULL, 1, 33, 22, NULL, NULL, NULL, NULL, NULL, NULL, NULL, 45269.00, NULL, NULL, NULL, NULL, NULL, NULL, NULL, NULL, NULL, NULL, NULL, 45269.00, NULL, NULL, 4724.21, NULL, NULL, 0.00, NULL, NULL, 0.00, 4724.21, 100.00, 4302.86, 45269.00, 40544.79, 36241.93, NULL, NULL, '2018', 'January', '2018-11-20 02:20:42', '2018-11-20 02:20:42', NULL),
	(199, 'P2017-0112', 83, 83, 31, NULL, 104, 83, 4, NULL, 1, 34, 22, NULL, NULL, NULL, NULL, NULL, NULL, NULL, 59100.00, NULL, NULL, NULL, NULL, NULL, NULL, NULL, NULL, NULL, NULL, NULL, 59100.00, NULL, NULL, 5969.00, NULL, NULL, 0.00, NULL, NULL, 0.00, 5969.00, 100.00, 7449.42, 59100.00, 53131.00, 45681.58, NULL, NULL, '2018', 'January', '2018-11-20 02:20:42', '2018-11-20 02:20:42', NULL),
	(200, 'P2016-0043', 28, 28, 30, NULL, 35, 96, 10, NULL, 1, 35, 22, NULL, NULL, NULL, NULL, NULL, NULL, NULL, 55600.00, NULL, NULL, NULL, NULL, NULL, NULL, NULL, NULL, NULL, NULL, NULL, 55600.00, NULL, NULL, 5654.00, NULL, NULL, 0.00, NULL, NULL, 0.00, 5654.00, 100.00, 6653.17, 55600.00, 49946.00, 43292.83, NULL, NULL, '2018', 'January', '2018-11-20 02:20:42', '2018-11-20 02:20:42', NULL),
	(201, 'P2016-0047', 32, 32, 35, NULL, 44, 98, 10, NULL, 1, 36, 22, NULL, NULL, NULL, NULL, NULL, NULL, NULL, 55600.00, NULL, NULL, NULL, NULL, NULL, NULL, NULL, NULL, NULL, NULL, NULL, 55600.00, NULL, NULL, 5654.00, NULL, NULL, 0.00, NULL, NULL, 0.00, 5654.00, 100.00, 6653.17, 55600.00, 49946.00, 43292.83, NULL, NULL, '2018', 'January', '2018-11-20 02:20:42', '2018-11-20 02:20:42', NULL),
	(202, 'P2016-0064', 48, 48, 29, NULL, 61, 106, 10, NULL, 1, 37, 22, NULL, NULL, NULL, NULL, NULL, NULL, NULL, 40169.00, NULL, NULL, NULL, NULL, NULL, NULL, NULL, NULL, NULL, NULL, NULL, 40169.00, NULL, NULL, 4267.53, NULL, NULL, 0.00, NULL, NULL, 0.00, 4267.53, 100.00, 3142.03, 40169.00, 35901.47, 32759.44, NULL, NULL, '2018', 'January', '2018-11-20 02:20:42', '2018-11-20 02:20:42', NULL),
	(203, 'P2016-0078', 58, 58, 8, NULL, 189, 286, 21, NULL, 1, 38, 22, NULL, NULL, NULL, NULL, NULL, NULL, NULL, 30351.00, NULL, NULL, NULL, NULL, NULL, NULL, NULL, NULL, NULL, NULL, NULL, 30351.00, NULL, NULL, 3248.92, NULL, NULL, 0.00, NULL, NULL, 0.00, 3248.92, 100.00, 1253.75, 30351.00, 27102.08, 25848.33, NULL, NULL, '2018', 'January', '2018-11-20 02:20:42', '2018-11-20 02:20:42', NULL),
	(204, 'P2018-0213', 152, 152, 31, NULL, 155, 88, 5, NULL, 1, 39, 22, NULL, NULL, NULL, NULL, NULL, NULL, NULL, 27414.00, NULL, NULL, NULL, NULL, NULL, NULL, NULL, NULL, NULL, NULL, NULL, 27414.00, NULL, NULL, 2944.20, NULL, NULL, 0.00, NULL, NULL, 0.00, 2944.20, 100.00, 727.29, 27414.00, 24469.80, 23742.51, NULL, NULL, '2018', 'January', '2018-11-20 02:20:42', '2018-11-20 02:20:42', NULL),
	(205, 'P2017-0152', 109, 109, 0, NULL, 181, 289, 9, NULL, 12, 40, 22, NULL, NULL, NULL, NULL, NULL, NULL, NULL, 22532.00, NULL, NULL, NULL, NULL, NULL, NULL, NULL, NULL, NULL, NULL, NULL, 22532.00, NULL, NULL, 2437.69, NULL, NULL, 0.00, NULL, NULL, 0.00, 2437.69, 100.00, 0.00, 22532.00, 20094.31, 20094.31, NULL, NULL, '2018', 'January', '2018-11-20 02:20:42', '2018-11-20 02:20:42', NULL),
	(206, 'P2018-0185', 131, 131, 31, NULL, 154, 88, 4, NULL, 1, 41, 22, NULL, NULL, NULL, NULL, NULL, NULL, NULL, 27414.00, NULL, NULL, NULL, NULL, NULL, NULL, NULL, NULL, NULL, NULL, NULL, 27414.00, NULL, NULL, 2944.20, NULL, NULL, 0.00, NULL, NULL, 0.00, 2944.20, 100.00, 727.29, 27414.00, 24469.80, 23742.51, NULL, NULL, '2018', 'January', '2018-11-20 02:20:42', '2018-11-20 02:20:42', NULL),
	(207, 'P2018-0214', 153, 153, 8, NULL, 74, 113, 21, NULL, 1, 42, 22, NULL, NULL, NULL, NULL, NULL, NULL, NULL, 22532.00, NULL, NULL, NULL, NULL, NULL, NULL, NULL, NULL, NULL, NULL, NULL, 22532.00, NULL, NULL, 2437.69, NULL, NULL, 0.00, NULL, NULL, 0.00, 2437.69, 100.00, 0.00, 22532.00, 20094.31, 20094.31, NULL, NULL, '2018', 'January', '2018-11-20 02:20:42', '2018-11-20 02:20:42', NULL),
	(208, 'P2017-0169', 122, 122, 31, NULL, 145, 88, 5, NULL, 1, 43, 22, NULL, NULL, NULL, NULL, NULL, NULL, NULL, 27414.00, NULL, NULL, NULL, NULL, NULL, NULL, NULL, NULL, NULL, NULL, NULL, 27414.00, NULL, NULL, 2944.20, NULL, NULL, 0.00, NULL, NULL, 0.00, 2944.20, 100.00, 727.29, 27414.00, 24469.80, 23742.51, NULL, NULL, '2018', 'January', '2018-11-20 02:20:42', '2018-11-20 02:20:42', NULL),
	(209, 'P2016-0053', 38, 38, 35, NULL, 50, 101, 10, NULL, 1, 44, 22, NULL, NULL, NULL, NULL, NULL, NULL, NULL, 40169.00, NULL, NULL, NULL, NULL, NULL, NULL, NULL, NULL, NULL, NULL, NULL, 40169.00, NULL, NULL, 4267.53, NULL, NULL, 0.00, NULL, NULL, 0.00, 4267.53, 100.00, 3142.03, 40169.00, 35901.47, 32759.44, NULL, NULL, '2018', 'January', '2018-11-20 02:20:42', '2018-11-20 02:20:42', NULL),
	(210, 'P2016-0058', 43, 43, 35, NULL, 200, 101, 10, NULL, 1, 45, 22, NULL, NULL, NULL, NULL, NULL, NULL, NULL, 40169.00, NULL, NULL, NULL, NULL, NULL, NULL, NULL, NULL, NULL, NULL, NULL, 40169.00, NULL, NULL, 4267.53, NULL, NULL, 0.00, NULL, NULL, 0.00, 4267.53, 100.00, 3142.03, 40169.00, 35901.47, 32759.44, NULL, NULL, '2018', 'January', '2018-11-20 02:20:42', '2018-11-20 02:20:42', NULL),
	(211, 'P2018-0211', 150, 150, 0, NULL, 129, 135, 9, NULL, 1, 46, 22, NULL, NULL, NULL, NULL, NULL, NULL, NULL, 30351.00, NULL, NULL, NULL, NULL, NULL, NULL, NULL, NULL, NULL, NULL, NULL, 30351.00, NULL, NULL, 3248.92, NULL, NULL, 0.00, NULL, NULL, 0.00, 3248.92, 100.00, 1253.75, 30351.00, 27102.08, 25848.33, NULL, NULL, '2018', 'January', '2018-11-20 02:20:43', '2018-11-20 02:20:43', NULL),
	(212, 'P2018-0180', 129, 129, 8, NULL, 76, 114, 21, NULL, 1, 47, 22, NULL, NULL, NULL, NULL, NULL, NULL, NULL, 30351.00, NULL, NULL, NULL, NULL, NULL, NULL, NULL, NULL, NULL, NULL, NULL, 30351.00, NULL, NULL, 3248.92, NULL, NULL, 0.00, NULL, NULL, 0.00, 3248.92, 100.00, 1253.75, 30351.00, 27102.08, 25848.33, NULL, NULL, '2018', 'January', '2018-11-20 02:20:43', '2018-11-20 02:20:43', NULL),
	(213, 'P2018-0208', 147, 147, 0, NULL, 13, 74, 1, NULL, 12, 48, 22, NULL, NULL, NULL, NULL, NULL, NULL, NULL, 69499.00, NULL, NULL, NULL, NULL, NULL, NULL, NULL, NULL, NULL, NULL, NULL, 69499.00, NULL, NULL, 6904.91, NULL, NULL, 0.00, NULL, NULL, 0.00, 6904.91, 100.00, 9815.19, 69499.00, 62594.09, 52778.90, NULL, NULL, '2018', 'January', '2018-11-20 02:20:43', '2018-11-20 02:20:43', NULL),
	(214, 'P2017-0133', 96, 96, 8, NULL, 120, 131, 21, NULL, 1, 49, 22, NULL, NULL, NULL, NULL, NULL, NULL, NULL, 22532.00, NULL, NULL, NULL, NULL, NULL, NULL, NULL, NULL, NULL, NULL, NULL, 22532.00, NULL, NULL, 2437.69, NULL, NULL, 0.00, NULL, NULL, 0.00, 2437.69, 100.00, 0.00, 22532.00, 20094.31, 20094.31, NULL, NULL, '2018', 'January', '2018-11-20 02:20:43', '2018-11-20 02:20:43', NULL),
	(215, 'P2018-0209', 148, 148, 0, NULL, 177, 105, 1, NULL, 1, 50, 22, NULL, NULL, NULL, NULL, NULL, NULL, NULL, 17975.00, NULL, NULL, NULL, NULL, NULL, NULL, NULL, NULL, NULL, NULL, NULL, 17975.00, NULL, NULL, 1964.91, NULL, NULL, 0.00, NULL, NULL, 0.00, 1964.91, 100.00, 0.00, 17975.00, 16010.09, 16010.09, NULL, NULL, '2018', 'January', '2018-11-20 02:20:43', '2018-11-20 02:20:43', NULL),
	(216, 'P2016-0045', 30, 30, 18, NULL, 42, 281, 12, NULL, 1, 51, 22, NULL, NULL, NULL, NULL, NULL, NULL, NULL, 69499.00, NULL, NULL, NULL, NULL, NULL, NULL, NULL, NULL, NULL, NULL, NULL, 69499.00, NULL, NULL, 6904.91, NULL, NULL, 0.00, NULL, NULL, 0.00, 6904.91, 100.00, 9815.19, 69499.00, 62594.09, 52778.90, NULL, NULL, '2018', 'January', '2018-11-20 02:20:43', '2018-11-20 02:20:43', NULL),
	(217, 'P2017-0165', 119, 119, 29, NULL, 142, 95, 10, NULL, 1, 52, 22, NULL, NULL, NULL, NULL, NULL, NULL, NULL, 55600.00, NULL, NULL, NULL, NULL, NULL, NULL, NULL, NULL, NULL, NULL, NULL, 55600.00, NULL, NULL, 5654.00, NULL, NULL, 0.00, NULL, NULL, 0.00, 5654.00, 100.00, 6653.17, 55600.00, 49946.00, 43292.83, NULL, NULL, '2018', 'January', '2018-11-20 02:20:43', '2018-11-20 02:20:43', NULL),
	(218, 'P2017-0100', 73, 73, 21, NULL, 93, 108, 12, NULL, 1, 53, 22, NULL, NULL, NULL, NULL, NULL, NULL, NULL, 55600.00, NULL, NULL, NULL, NULL, NULL, NULL, NULL, NULL, NULL, NULL, NULL, 55600.00, NULL, NULL, 5654.00, NULL, NULL, 0.00, NULL, NULL, 0.00, 5654.00, 100.00, 6653.17, 55600.00, 49946.00, 43292.83, NULL, NULL, '2018', 'January', '2018-11-20 02:20:43', '2018-11-20 02:20:43', NULL),
	(219, 'P2016-0048', 33, 33, 4, NULL, 45, 73, 10, NULL, 1, 54, 22, NULL, NULL, NULL, NULL, NULL, NULL, NULL, 14087.00, NULL, NULL, NULL, NULL, NULL, NULL, NULL, NULL, NULL, NULL, NULL, 14087.00, NULL, NULL, 1561.53, NULL, NULL, 0.00, NULL, NULL, 0.00, 1561.53, 100.00, 0.00, 14087.00, 12525.47, 12525.47, NULL, NULL, '2018', 'January', '2018-11-20 02:20:43', '2018-11-20 02:20:43', NULL),
	(220, 'P2018-0206', 145, 145, 10, NULL, 73, 112, 4, NULL, 1, 55, 22, NULL, NULL, NULL, NULL, NULL, NULL, NULL, 59100.00, NULL, NULL, NULL, NULL, NULL, NULL, NULL, NULL, NULL, NULL, NULL, 59100.00, NULL, NULL, 5969.00, NULL, NULL, 0.00, NULL, NULL, 0.00, 5969.00, 100.00, 7449.42, 59100.00, 53131.00, 45681.58, NULL, NULL, '2018', 'January', '2018-11-20 02:20:43', '2018-11-20 02:20:43', NULL),
	(221, 'P2016-0041', 26, 26, 29, NULL, 7, 75, 10, NULL, 1, 56, 22, NULL, NULL, NULL, NULL, NULL, NULL, NULL, 69499.00, NULL, NULL, NULL, NULL, NULL, NULL, NULL, NULL, NULL, NULL, NULL, 69499.00, NULL, NULL, 6904.91, NULL, NULL, 0.00, NULL, NULL, 0.00, 6904.91, 100.00, 9815.19, 69499.00, 62594.09, 52778.90, NULL, NULL, '2018', 'January', '2018-11-20 02:20:43', '2018-11-20 02:20:43', NULL),
	(222, 'P2016-0034', 21, 21, 35, NULL, 32, 91, 10, NULL, 1, 57, 22, NULL, NULL, NULL, NULL, NULL, NULL, NULL, 69499.00, NULL, NULL, NULL, NULL, NULL, NULL, NULL, NULL, NULL, NULL, NULL, 69499.00, NULL, NULL, 6904.91, NULL, NULL, 0.00, NULL, NULL, 0.00, 6904.91, 100.00, 9815.19, 69499.00, 62594.09, 52778.90, NULL, NULL, '2018', 'January', '2018-11-20 02:20:43', '2018-11-20 02:20:43', NULL),
	(223, 'P2017-0170', 123, 123, 11, NULL, 146, 115, 12, NULL, 1, 58, 22, NULL, NULL, NULL, NULL, NULL, NULL, NULL, 30351.00, NULL, NULL, NULL, NULL, NULL, NULL, NULL, NULL, NULL, NULL, NULL, 30351.00, NULL, NULL, 3248.92, NULL, NULL, 0.00, NULL, NULL, 0.00, 3248.92, 100.00, 1253.75, 30351.00, 27102.08, 25848.33, NULL, NULL, '2018', 'January', '2018-11-20 02:20:43', '2018-11-20 02:20:43', NULL),
	(224, 'P2018-0215', 154, 154, 35, NULL, 55, 103, 10, NULL, 1, 59, 22, NULL, NULL, NULL, NULL, NULL, NULL, NULL, 27414.00, NULL, NULL, NULL, NULL, NULL, NULL, NULL, NULL, NULL, NULL, NULL, 27414.00, NULL, NULL, 2944.20, NULL, NULL, 0.00, NULL, NULL, 0.00, 2944.20, 100.00, 727.29, 27414.00, 24469.80, 23742.51, NULL, NULL, '2018', 'January', '2018-11-20 02:20:43', '2018-11-20 02:20:43', NULL),
	(225, 'P2017-0128', 93, 93, 0, NULL, 116, 73, 1, NULL, 12, 60, 22, NULL, NULL, NULL, NULL, NULL, NULL, NULL, 14087.00, NULL, NULL, NULL, NULL, NULL, NULL, NULL, NULL, NULL, NULL, NULL, 14087.00, NULL, NULL, 1561.53, NULL, NULL, 0.00, NULL, NULL, 0.00, 1561.53, 100.00, 0.00, 14087.00, 12525.47, 12525.47, NULL, NULL, '2018', 'January', '2018-11-20 02:20:43', '2018-11-20 02:20:43', NULL),
	(226, 'P2017-0127', 92, 92, 4, NULL, 115, 73, 21, NULL, 12, 61, 22, NULL, NULL, NULL, NULL, NULL, NULL, NULL, 14087.00, NULL, NULL, NULL, NULL, NULL, NULL, NULL, NULL, NULL, NULL, NULL, 14087.00, NULL, NULL, 1561.53, NULL, NULL, 0.00, NULL, NULL, 0.00, 1561.53, 100.00, 0.00, 14087.00, 12525.47, 12525.47, NULL, NULL, '2018', 'January', '2018-11-20 02:20:43', '2018-11-20 02:20:43', NULL),
	(227, 'P2017-0102', 75, 75, 29, NULL, 66, 106, 10, NULL, 1, 62, 22, NULL, NULL, NULL, NULL, NULL, NULL, NULL, 40169.00, NULL, NULL, NULL, NULL, NULL, NULL, NULL, NULL, NULL, NULL, NULL, 40169.00, NULL, NULL, 4267.53, NULL, NULL, 0.00, NULL, NULL, 0.00, 4267.53, 100.00, 3142.03, 40169.00, 35901.47, 32759.44, NULL, NULL, '2018', 'January', '2018-11-20 02:20:43', '2018-11-20 02:20:43', NULL),
	(228, 'P2018-0216', 155, 155, 34, NULL, 127, 88, 21, NULL, 1, 63, 22, NULL, NULL, NULL, NULL, NULL, NULL, NULL, 27414.00, NULL, NULL, NULL, NULL, NULL, NULL, NULL, NULL, NULL, NULL, NULL, 27414.00, NULL, NULL, 2944.20, NULL, NULL, 0.00, NULL, NULL, 0.00, 2944.20, 100.00, 727.29, 27414.00, 24469.80, 23742.51, NULL, NULL, '2018', 'January', '2018-11-20 02:20:43', '2018-11-20 02:20:43', NULL),
	(229, 'P2017-0088', 64, 64, 23, NULL, 83, 116, 21, NULL, 1, 64, 22, NULL, NULL, NULL, NULL, NULL, NULL, NULL, 45269.00, NULL, NULL, NULL, NULL, NULL, NULL, NULL, NULL, NULL, NULL, NULL, 45269.00, NULL, NULL, 4724.21, NULL, NULL, 0.00, NULL, NULL, 0.00, 4724.21, 100.00, 4302.86, 45269.00, 40544.79, 36241.93, NULL, NULL, '2018', 'January', '2018-11-20 02:20:43', '2018-11-20 02:20:43', NULL),
	(230, 'P2018-0192', 135, 135, 4, NULL, 185, 105, 10, NULL, 1, 65, 22, NULL, NULL, NULL, NULL, NULL, NULL, NULL, 17975.00, NULL, NULL, NULL, NULL, NULL, NULL, NULL, NULL, NULL, NULL, NULL, 17975.00, NULL, NULL, 1964.91, NULL, NULL, 0.00, NULL, NULL, 0.00, 1964.91, 100.00, 0.00, 17975.00, 16010.09, 16010.09, NULL, NULL, '2018', 'January', '2018-11-20 02:20:43', '2018-11-20 02:20:43', NULL),
	(231, 'P2016-0042', 27, 27, 35, NULL, 40, 280, 10, NULL, 1, 66, 22, NULL, NULL, NULL, NULL, NULL, NULL, NULL, 86899.00, NULL, NULL, NULL, NULL, NULL, NULL, NULL, NULL, NULL, NULL, NULL, 86899.00, NULL, NULL, 8470.91, NULL, NULL, 0.00, NULL, NULL, 0.00, 8470.91, 100.00, 14361.76, 86899.00, 78428.09, 64066.33, NULL, NULL, '2018', 'January', '2018-11-20 02:20:43', '2018-11-20 02:20:43', NULL),
	(232, 'P2016-0060', 45, 45, 37, NULL, 57, 99, 5, NULL, 1, 67, 22, NULL, NULL, NULL, NULL, NULL, NULL, NULL, 112500.00, NULL, NULL, NULL, NULL, NULL, NULL, NULL, NULL, NULL, NULL, NULL, 112500.00, NULL, NULL, 10775.00, NULL, NULL, 0.00, NULL, NULL, 0.00, 10775.00, 100.00, 21350.83, 112500.00, 101725.00, 80374.17, NULL, NULL, '2018', 'January', '2018-11-20 02:20:43', '2018-11-20 02:20:43', NULL),
	(233, 'P2016-0009', 5, 5, 0, NULL, 8, 76, 1, NULL, 12, 68, 22, NULL, NULL, NULL, NULL, NULL, NULL, NULL, 14936.00, NULL, NULL, NULL, NULL, NULL, NULL, NULL, NULL, NULL, NULL, NULL, 14936.00, NULL, NULL, 1649.61, NULL, NULL, 0.00, NULL, NULL, 0.00, 1649.61, 100.00, 0.00, 14936.00, 13286.39, 13286.39, NULL, NULL, '2018', 'January', '2018-11-20 02:20:44', '2018-11-20 02:20:44', NULL),
	(234, 'P2016-0033', 20, 20, 11, NULL, 31, 90, 12, NULL, 1, 69, 22, NULL, NULL, NULL, NULL, NULL, NULL, NULL, 45269.00, NULL, NULL, NULL, NULL, NULL, NULL, NULL, NULL, NULL, NULL, NULL, 45269.00, NULL, NULL, 4724.21, NULL, NULL, 0.00, NULL, NULL, 0.00, 4724.21, 100.00, 4302.86, 45269.00, 40544.79, 36241.93, NULL, NULL, '2018', 'January', '2018-11-20 02:20:44', '2018-11-20 02:20:44', NULL),
	(235, 'P2016-0038', 24, 24, 4, NULL, 36, 77, 4, NULL, 1, 70, 22, NULL, NULL, NULL, NULL, NULL, NULL, NULL, 169300.00, NULL, NULL, NULL, NULL, NULL, NULL, NULL, NULL, NULL, NULL, NULL, 169300.00, NULL, NULL, 15887.00, NULL, NULL, 0.00, NULL, NULL, 0.00, 15887.00, 100.00, 36857.23, 169300.00, 153413.00, 116555.77, NULL, NULL, '2018', 'January', '2018-11-20 02:20:44', '2018-11-20 02:20:44', NULL),
	(236, 'P2016-0035', 22, 22, 30, NULL, 33, 92, 10, NULL, 1, 71, 22, NULL, NULL, NULL, NULL, NULL, NULL, NULL, 69499.00, NULL, NULL, NULL, NULL, NULL, NULL, NULL, NULL, NULL, NULL, NULL, 69499.00, NULL, NULL, 6904.91, NULL, NULL, 0.00, NULL, NULL, 0.00, 6904.91, 100.00, 9815.19, 69499.00, 62594.09, 52778.90, NULL, NULL, '2018', 'January', '2018-11-20 02:20:44', '2018-11-20 02:20:44', NULL),
	(237, 'P2016-0003', 3, 3, 0, NULL, 3, 2, 1, NULL, 11, 72, 22, NULL, NULL, NULL, NULL, NULL, NULL, NULL, 354312.00, NULL, NULL, NULL, NULL, NULL, NULL, NULL, NULL, NULL, NULL, NULL, 354312.00, NULL, NULL, 32538.08, NULL, NULL, 0.00, NULL, NULL, 0.00, 32538.08, 100.00, 90467.65, 354312.00, 321773.92, 231306.27, NULL, NULL, '2018', 'January', '2018-11-20 02:20:44', '2018-11-20 02:20:44', NULL),
	(238, 'P2017-0104', 77, 77, 21, NULL, 82, 107, 12, NULL, 1, 73, 22, NULL, NULL, NULL, NULL, NULL, NULL, NULL, 45269.00, NULL, NULL, NULL, NULL, NULL, NULL, NULL, NULL, NULL, NULL, NULL, 45269.00, NULL, NULL, 4724.21, NULL, NULL, 0.00, NULL, NULL, 0.00, 4724.21, 100.00, 4302.86, 45269.00, 40544.79, 36241.93, NULL, NULL, '2018', 'January', '2018-11-20 02:20:44', '2018-11-20 02:20:44', NULL),
	(239, 'P2016-0018', 10, 10, 4, NULL, 11, 77, 10, NULL, 1, 74, 22, NULL, NULL, NULL, NULL, NULL, NULL, NULL, 169300.00, NULL, NULL, NULL, NULL, NULL, NULL, NULL, NULL, NULL, NULL, NULL, 169300.00, NULL, NULL, 15887.00, NULL, NULL, 0.00, NULL, NULL, 0.00, 15887.00, 100.00, 36857.23, 169300.00, 153413.00, 116555.77, NULL, NULL, '2018', 'January', '2018-11-20 02:20:44', '2018-11-20 02:20:44', NULL),
	(240, 'P2016-0016', 8, 8, 4, NULL, 15, 80, 4, NULL, 1, 75, 22, NULL, NULL, NULL, NULL, NULL, NULL, NULL, 122500.00, NULL, NULL, NULL, NULL, NULL, NULL, NULL, NULL, NULL, NULL, NULL, 122500.00, NULL, NULL, 11675.00, NULL, NULL, 0.00, NULL, NULL, 0.00, 11675.00, 100.00, 24080.83, 122500.00, 110825.00, 86744.17, NULL, NULL, '2018', 'January', '2018-11-20 02:20:44', '2018-11-20 02:20:44', NULL),
	(241, 'P2017-0148', 105, 105, 37, NULL, 26, 88, 5, NULL, 1, 76, 22, NULL, NULL, NULL, NULL, NULL, NULL, NULL, 27414.00, NULL, NULL, NULL, NULL, NULL, NULL, NULL, NULL, NULL, NULL, NULL, 27414.00, NULL, NULL, 2944.20, NULL, NULL, 0.00, NULL, NULL, 0.00, 2944.20, 100.00, 727.29, 27414.00, 24469.80, 23742.51, NULL, NULL, '2018', 'January', '2018-11-20 02:20:44', '2018-11-20 02:20:44', NULL),
	(242, 'P2017-0171', 124, 124, 8, NULL, 147, 115, 21, NULL, 1, 77, 22, NULL, NULL, NULL, NULL, NULL, NULL, NULL, 30351.00, NULL, NULL, NULL, NULL, NULL, NULL, NULL, NULL, NULL, NULL, NULL, 30351.00, NULL, NULL, 3248.92, NULL, NULL, 0.00, NULL, NULL, 0.00, 3248.92, 100.00, 1253.75, 30351.00, 27102.08, 25848.33, NULL, NULL, '2018', 'January', '2018-11-20 02:20:44', '2018-11-20 02:20:44', NULL),
	(243, 'P2017-0132', 95, 95, 0, NULL, 119, 81, 1, NULL, 1, 78, 22, NULL, NULL, NULL, NULL, NULL, NULL, NULL, 45269.00, NULL, NULL, NULL, NULL, NULL, NULL, NULL, NULL, NULL, NULL, NULL, 45269.00, NULL, NULL, 4724.21, NULL, NULL, 0.00, NULL, NULL, 0.00, 4724.21, 100.00, 4302.86, 45269.00, 40544.79, 36241.93, NULL, NULL, '2018', 'January', '2018-11-20 02:20:44', '2018-11-20 02:20:44', NULL),
	(244, 'P2016-0050', 35, 35, 4, NULL, 47, 73, 12, NULL, 1, 79, 22, NULL, NULL, NULL, NULL, NULL, NULL, NULL, 14087.00, NULL, NULL, NULL, NULL, NULL, NULL, NULL, NULL, NULL, NULL, NULL, 14087.00, NULL, NULL, 1561.53, NULL, NULL, 0.00, NULL, NULL, 0.00, 1561.53, 100.00, 0.00, 14087.00, 12525.47, 12525.47, NULL, NULL, '2018', 'January', '2018-11-20 02:20:45', '2018-11-20 02:20:45', NULL),
	(245, 'P2017-0098', 72, 72, 18, NULL, 202, 109, 12, NULL, 1, 80, 22, NULL, NULL, NULL, NULL, NULL, NULL, NULL, 45269.00, NULL, NULL, NULL, NULL, NULL, NULL, NULL, NULL, NULL, NULL, NULL, 45269.00, NULL, NULL, 4724.21, NULL, NULL, 0.00, NULL, NULL, 0.00, 4724.21, 100.00, 4302.86, 45269.00, 40544.79, 36241.93, NULL, NULL, '2018', 'January', '2018-11-20 02:20:45', '2018-11-20 02:20:45', NULL),
	(246, 'P2017-0125', 91, 91, 8, NULL, 114, 89, 21, NULL, 1, 81, 22, NULL, NULL, NULL, NULL, NULL, NULL, NULL, 45269.00, NULL, NULL, NULL, NULL, NULL, NULL, NULL, NULL, NULL, NULL, NULL, 45269.00, NULL, NULL, 4724.21, NULL, NULL, 0.00, NULL, NULL, 0.00, 4724.21, 100.00, 4302.86, 45269.00, 40544.79, 36241.93, NULL, NULL, '2018', 'January', '2018-11-20 02:20:45', '2018-11-20 02:20:45', NULL),
	(247, 'P2016-0010', 6, 6, 0, NULL, 85, 117, 9, NULL, 1, 82, 22, NULL, NULL, NULL, NULL, NULL, NULL, NULL, 220200.00, NULL, NULL, NULL, NULL, NULL, NULL, NULL, NULL, NULL, NULL, NULL, 220200.00, NULL, NULL, 20468.00, NULL, NULL, 0.00, NULL, NULL, 0.00, 20468.00, 100.00, 51414.24, 220200.00, 199732.00, 148317.76, NULL, NULL, '2018', 'January', '2018-11-20 02:20:45', '2018-11-20 02:20:45', NULL),
	(248, 'P2018-0182', 101, 101, 2, NULL, 175, 81, 1, NULL, 6, 83, 22, NULL, NULL, NULL, NULL, NULL, NULL, NULL, 45269.00, NULL, NULL, NULL, NULL, NULL, NULL, NULL, NULL, NULL, NULL, NULL, 45269.00, NULL, NULL, 4724.21, NULL, NULL, 0.00, NULL, NULL, 0.00, 4724.21, 100.00, 4302.86, 45269.00, 40544.79, 36241.93, NULL, NULL, '2018', 'January', '2018-11-20 02:20:45', '2018-11-20 02:20:45', NULL),
	(249, 'P2017-0154', 111, 111, 4, NULL, 134, 80, 10, NULL, 1, 84, 22, NULL, NULL, NULL, NULL, NULL, NULL, NULL, 122500.00, NULL, NULL, NULL, NULL, NULL, NULL, NULL, NULL, NULL, NULL, NULL, 122500.00, NULL, NULL, 11675.00, NULL, NULL, 0.00, NULL, NULL, 0.00, 11675.00, 100.00, 24080.83, 122500.00, 110825.00, 86744.17, NULL, NULL, '2018', 'January', '2018-11-20 02:20:45', '2018-11-20 02:20:45', NULL),
	(250, 'P2016-0061', 46, 46, 37, NULL, 58, 93, 5, NULL, 1, 85, 22, NULL, NULL, NULL, NULL, NULL, NULL, NULL, 55600.00, NULL, NULL, NULL, NULL, NULL, NULL, NULL, NULL, NULL, NULL, NULL, 55600.00, NULL, NULL, 5654.00, NULL, NULL, 0.00, NULL, NULL, 0.00, 5654.00, 100.00, 6653.17, 55600.00, 49946.00, 43292.83, NULL, NULL, '2018', 'January', '2018-11-20 02:20:45', '2018-11-20 02:20:45', NULL),
	(251, 'P2017-0109', 81, 81, 30, NULL, 102, 96, 10, NULL, 1, 86, 22, NULL, NULL, NULL, NULL, NULL, NULL, NULL, 55600.00, NULL, NULL, NULL, NULL, NULL, NULL, NULL, NULL, NULL, NULL, NULL, 55600.00, NULL, NULL, 5654.00, NULL, NULL, 0.00, NULL, NULL, 0.00, 5654.00, 100.00, 6653.17, 55600.00, 49946.00, 43292.83, NULL, NULL, '2018', 'January', '2018-11-20 02:20:45', '2018-11-20 02:20:45', NULL),
	(252, 'P2016-0046', 31, 31, 29, NULL, 201, 282, 10, NULL, 1, 87, 22, NULL, NULL, NULL, NULL, NULL, NULL, NULL, 86899.00, NULL, NULL, NULL, NULL, NULL, NULL, NULL, NULL, NULL, NULL, NULL, 86899.00, NULL, NULL, 8470.91, NULL, NULL, 0.00, NULL, NULL, 0.00, 8470.91, 100.00, 14361.76, 86899.00, 78428.09, 64066.33, NULL, NULL, '2018', 'January', '2018-11-20 02:20:45', '2018-11-20 02:20:45', NULL),
	(253, 'P2018-0193', 137, 137, 10, NULL, 156, 88, 4, NULL, 1, 88, 22, NULL, NULL, NULL, NULL, NULL, NULL, NULL, 27414.00, NULL, NULL, NULL, NULL, NULL, NULL, NULL, NULL, NULL, NULL, NULL, 27414.00, NULL, NULL, 2944.20, NULL, NULL, 0.00, NULL, NULL, 0.00, 2944.20, 100.00, 727.29, 27414.00, 24469.80, 23742.51, NULL, NULL, '2018', 'January', '2018-11-20 02:20:45', '2018-11-20 02:20:45', NULL),
	(254, 'P2017-0134', 97, 97, 31, NULL, 164, 83, 4, NULL, 1, 89, 22, NULL, NULL, NULL, NULL, NULL, NULL, NULL, 59100.00, NULL, NULL, NULL, NULL, NULL, NULL, NULL, NULL, NULL, NULL, NULL, 59100.00, NULL, NULL, 5969.00, NULL, NULL, 0.00, NULL, NULL, 0.00, 5969.00, 100.00, 7449.42, 59100.00, 53131.00, 45681.58, NULL, NULL, '2018', 'January', '2018-11-20 02:20:45', '2018-11-20 02:20:45', NULL),
	(255, 'P2018-0186', 132, 132, 0, NULL, 14, 79, 1, NULL, 12, 90, 22, NULL, NULL, NULL, NULL, NULL, NULL, NULL, 30351.00, NULL, NULL, NULL, NULL, NULL, NULL, NULL, NULL, NULL, NULL, NULL, 30351.00, NULL, NULL, 3248.92, NULL, NULL, 0.00, NULL, NULL, 0.00, 3248.92, 100.00, 1253.75, 30351.00, 27102.08, 25848.33, NULL, NULL, '2018', 'January', '2018-11-20 02:20:46', '2018-11-20 02:20:46', NULL),
	(256, 'P2018-0188', 134, 134, 34, NULL, 158, 86, 21, NULL, 1, 91, 22, NULL, NULL, NULL, NULL, NULL, NULL, NULL, 45269.00, NULL, NULL, NULL, NULL, NULL, NULL, NULL, NULL, NULL, NULL, NULL, 45269.00, NULL, NULL, 4724.21, NULL, NULL, 0.00, NULL, NULL, 0.00, 4724.21, 100.00, 4302.86, 45269.00, 40544.79, 36241.93, NULL, NULL, '2018', 'January', '2018-11-20 02:20:46', '2018-11-20 02:20:46', NULL),
	(257, 'P2017-0149', 106, 106, 10, NULL, 130, 136, 4, NULL, 1, 92, 22, NULL, NULL, NULL, NULL, NULL, NULL, NULL, 45269.00, NULL, NULL, NULL, NULL, NULL, NULL, NULL, NULL, NULL, NULL, NULL, 45269.00, NULL, NULL, 4724.21, NULL, NULL, 0.00, NULL, NULL, 0.00, 4724.21, 100.00, 4302.86, 45269.00, 40544.79, 36241.93, NULL, NULL, '2018', 'January', '2018-11-20 02:20:46', '2018-11-20 02:20:46', NULL);
/*!40000 ALTER TABLE `pms_transactions` ENABLE KEYS */;

-- Dumping structure for table pccdev.pms_wagerates
DROP TABLE IF EXISTS `pms_wagerates`;
CREATE TABLE IF NOT EXISTS `pms_wagerates` (
  `id` int(11) NOT NULL AUTO_INCREMENT,
  `wage_region` varchar(225) DEFAULT NULL,
  `wage_rate` decimal(9,2) DEFAULT NULL,
  `effectivity_date` date DEFAULT NULL,
  `based_on` varchar(225) DEFAULT NULL,
  `remarks` varchar(225) DEFAULT NULL,
  `created_at` timestamp NULL DEFAULT NULL,
  `updated_at` timestamp NULL DEFAULT NULL,
  `updated_by` int(11) DEFAULT NULL,
  PRIMARY KEY (`id`)
) ENGINE=InnoDB AUTO_INCREMENT=2 DEFAULT CHARSET=latin1;

-- Dumping data for table pccdev.pms_wagerates: ~0 rows (approximately)
/*!40000 ALTER TABLE `pms_wagerates` DISABLE KEYS */;
INSERT INTO `pms_wagerates` (`id`, `wage_region`, `wage_rate`, `effectivity_date`, `based_on`, `remarks`, `created_at`, `updated_at`, `updated_by`) VALUES
	(1, 'National Capital Region', 200.00, '2018-06-19', NULL, NULL, '2018-06-12 03:34:42', '2018-06-12 03:34:42', NULL);
/*!40000 ALTER TABLE `pms_wagerates` ENABLE KEYS */;

-- Dumping structure for table pccdev.users
DROP TABLE IF EXISTS `users`;
CREATE TABLE IF NOT EXISTS `users` (
  `id` int(10) unsigned NOT NULL AUTO_INCREMENT,
  `name` varchar(255) COLLATE utf8mb4_unicode_ci NOT NULL,
  `email` varchar(255) COLLATE utf8mb4_unicode_ci NOT NULL,
  `password` varchar(255) COLLATE utf8mb4_unicode_ci NOT NULL,
  `remember_token` varchar(100) COLLATE utf8mb4_unicode_ci DEFAULT NULL,
  `created_at` timestamp NULL DEFAULT NULL,
  `updated_at` timestamp NULL DEFAULT NULL,
  PRIMARY KEY (`id`)
) ENGINE=InnoDB AUTO_INCREMENT=3 DEFAULT CHARSET=utf8mb4 COLLATE=utf8mb4_unicode_ci;

-- Dumping data for table pccdev.users: ~2 rows (approximately)
/*!40000 ALTER TABLE `users` DISABLE KEYS */;
INSERT INTO `users` (`id`, `name`, `email`, `password`, `remember_token`, `created_at`, `updated_at`) VALUES
	(1, 'Jezon Gonzales', 'gonzales_jezon@yahoo.com', '$2y$10$o9TEoA6PVskFUo0cZ.0c/eHzcjnkBKYnN5FViptfAYPGbaX0rob8S', '6ugWfG2iGS1MyxKSpyo7GFnYUogTUJVOmCIANAne2mDVtNVqXPDhzE3jtb3z', '2018-07-13 08:52:26', '2018-07-13 08:52:26'),
	(2, 'Tester', 'admintester@gmail.com', '$2y$10$V5JxbFFe/k1xa2L0xh6.Cubom4q2l2A/9DEPC/jJVcVWORKFr.ycq', 'KjQUWAtjtAHJky2K7ZMsGx66rWuuRwOXXWpb9rZLXFiDWWSLlUnNyyQbmXyG', '2018-07-15 02:12:16', '2018-07-15 02:12:16');
/*!40000 ALTER TABLE `users` ENABLE KEYS */;

/*!40101 SET SQL_MODE=IFNULL(@OLD_SQL_MODE, '') */;
/*!40014 SET FOREIGN_KEY_CHECKS=IF(@OLD_FOREIGN_KEY_CHECKS IS NULL, 1, @OLD_FOREIGN_KEY_CHECKS) */;
/*!40101 SET CHARACTER_SET_CLIENT=@OLD_CHARACTER_SET_CLIENT */;
